/* * Data converted from /workspace/esp32s3_vl53l0x_servo/main/assets/fan_delta.s8
 */
.data
#if !defined (__APPLE__) && !defined (__linux__)
.section .rodata.embedded
#endif

.global fan_delta_s8
fan_delta_s8:

.global _binary_fan_delta_s8_start
_binary_fan_delta_s8_start: /* for objcopy compatibility */
.byte 0x00, 0x00, 0x00, 0x00, 0x00, 0x00, 0x00, 0x00, 0x00, 0x00, 0x00, 0x00, 0x00, 0x00, 0x00, 0x00
.byte 0x00, 0x00, 0x00, 0x00, 0x00, 0x00, 0x00, 0x00, 0x00, 0x00, 0x00, 0x00, 0x00, 0x00, 0x00, 0x00
.byte 0x00, 0x00, 0x00, 0x00, 0x00, 0x00, 0x00, 0x00, 0x00, 0x00, 0x00, 0x00, 0x00, 0x00, 0x00, 0x00
.byte 0x00, 0x00, 0x00, 0x00, 0x00, 0x00, 0x00, 0x00, 0x00, 0x00, 0x00, 0x00, 0x00, 0x00, 0x00, 0x00
.byte 0x00, 0x00, 0x00, 0x00, 0x00, 0x00, 0x00, 0x00, 0x00, 0x00, 0x00, 0x00, 0x00, 0x00, 0x00, 0x00
.byte 0x00, 0x00, 0x00, 0x00, 0x00, 0x00, 0x00, 0x00, 0x00, 0x00, 0x00, 0x00, 0x00, 0x00, 0x00, 0x00
.byte 0x00, 0x00, 0x00, 0x00, 0x00, 0x00, 0x00, 0x00, 0x00, 0x00, 0x00, 0x00, 0x00, 0x00, 0x00, 0x00
.byte 0x00, 0x00, 0x00, 0x00, 0x00, 0x00, 0x00, 0x00, 0x00, 0x00, 0x00, 0x00, 0x00, 0x00, 0x00, 0x00
.byte 0x00, 0x00, 0x00, 0x00, 0x00, 0x00, 0x00, 0x00, 0x00, 0x00, 0x00, 0x00, 0x00, 0x00, 0x00, 0x00
.byte 0x00, 0x00, 0x00, 0x00, 0x00, 0x00, 0x00, 0x00, 0x00, 0x00, 0x00, 0x00, 0x00, 0x00, 0x00, 0x00
.byte 0x00, 0x00, 0x00, 0x00, 0x00, 0x00, 0x00, 0x00, 0x00, 0x00, 0x00, 0x00, 0x00, 0x00, 0x00, 0x00
.byte 0x00, 0x00, 0x00, 0x00, 0x00, 0x00, 0x00, 0x00, 0x00, 0x00, 0x00, 0x00, 0x00, 0x00, 0x00, 0x00
.byte 0x00, 0x00, 0x00, 0x00, 0x00, 0x00, 0x00, 0x00, 0x00, 0x00, 0x00, 0x00, 0x00, 0x00, 0x00, 0x00
.byte 0x00, 0x00, 0x00, 0x00, 0x00, 0x00, 0x00, 0x00, 0x00, 0x00, 0x00, 0x00, 0x00, 0x00, 0x00, 0x00
.byte 0x00, 0x00, 0x00, 0x00, 0x00, 0x00, 0x00, 0x00, 0x00, 0x00, 0x00, 0x00, 0x00, 0x00, 0x00, 0x00
.byte 0x00, 0x00, 0x00, 0x00, 0x00, 0x00, 0x00, 0x00, 0x00, 0x00, 0x00, 0x00, 0x00, 0x00, 0x00, 0x00
.byte 0x00, 0x00, 0x00, 0x00, 0x00, 0x00, 0x00, 0x00, 0x00, 0x00, 0x00, 0x00, 0x00, 0x00, 0x00, 0x00
.byte 0x00, 0x00, 0x00, 0x00, 0x00, 0x00, 0x00, 0x00, 0x00, 0x00, 0x00, 0x00, 0x00, 0x00, 0x00, 0x00
.byte 0x00, 0x00, 0x00, 0x00, 0x00, 0x00, 0x00, 0x00, 0x00, 0x00, 0x00, 0x00, 0x00, 0x00, 0x00, 0x00
.byte 0x00, 0x00, 0x00, 0x00, 0x00, 0x00, 0x00, 0x00, 0x00, 0x00, 0x00, 0x00, 0x00, 0x00, 0x00, 0x00
.byte 0x00, 0x00, 0x00, 0x00, 0x00, 0x00, 0x00, 0x00, 0x00, 0x00, 0x00, 0x00, 0x00, 0x00, 0x00, 0x00
.byte 0x00, 0x00, 0x00, 0x00, 0x00, 0x00, 0x00, 0x00, 0x00, 0x00, 0x00, 0x00, 0x00, 0x00, 0x00, 0x00
.byte 0x00, 0x00, 0x00, 0x00, 0x00, 0x00, 0x00, 0x00, 0x00, 0x00, 0x00, 0x00, 0x00, 0x00, 0x00, 0x00
.byte 0x00, 0x00, 0x00, 0x00, 0x00, 0x00, 0x00, 0x00, 0x00, 0x00, 0x00, 0x00, 0x00, 0x00, 0x00, 0x00
.byte 0x00, 0x00, 0x00, 0x00, 0x00, 0x00, 0x00, 0x00, 0x00, 0x00, 0x00, 0x00, 0x00, 0x00, 0x00, 0x00
.byte 0x00, 0x00, 0x00, 0x00, 0x00, 0x00, 0x00, 0x00, 0x00, 0x00, 0x00, 0x00, 0x00, 0x00, 0x00, 0x00
.byte 0x00, 0x00, 0x00, 0x00, 0x00, 0x00, 0x00, 0x00, 0x00, 0x00, 0x00, 0x00, 0x00, 0x00, 0x00, 0x00
.byte 0x00, 0x00, 0x00, 0x00, 0x00, 0x00, 0x00, 0x00, 0x00, 0x00, 0x00, 0x00, 0x00, 0x00, 0x00, 0x00
.byte 0x00, 0x00, 0x00, 0x00, 0x00, 0x00, 0x00, 0x00, 0x00, 0x00, 0x00, 0x00, 0x00, 0x00, 0x00, 0x00
.byte 0x00, 0x00, 0x00, 0x00, 0x00, 0x00, 0x00, 0x00, 0x00, 0x00, 0x00, 0x00, 0x00, 0x00, 0x00, 0x00
.byte 0x00, 0x00, 0x00, 0x00, 0x00, 0x00, 0x00, 0x00, 0x00, 0x00, 0x00, 0x00, 0x00, 0x00, 0x00, 0x00
.byte 0x00, 0x00, 0x00, 0x00, 0x00, 0x00, 0x00, 0x00, 0x00, 0x00, 0x00, 0x00, 0x00, 0x00, 0x00, 0x00
.byte 0x00, 0x00, 0x00, 0x00, 0x00, 0x00, 0x00, 0x00, 0x00, 0x00, 0x00, 0x00, 0x00, 0x00, 0x00, 0x00
.byte 0x00, 0x00, 0x00, 0x00, 0x00, 0x00, 0x00, 0x00, 0x00, 0x00, 0x00, 0x00, 0x00, 0x00, 0x00, 0x00
.byte 0x00, 0x00, 0x00, 0x00, 0x00, 0x00, 0x00, 0x00, 0x00, 0x00, 0x00, 0x00, 0x00, 0x00, 0x00, 0x00
.byte 0x00, 0x00, 0x00, 0x00, 0x00, 0x00, 0x00, 0x00, 0x00, 0x00, 0x00, 0x00, 0x00, 0x00, 0x00, 0x00
.byte 0x00, 0x00, 0x00, 0x00, 0x00, 0x00, 0x00, 0x00, 0x00, 0x00, 0x00, 0x00, 0x00, 0x00, 0x00, 0x00
.byte 0x00, 0x00, 0x00, 0x00, 0x00, 0x00, 0x00, 0x00, 0x00, 0x00, 0x00, 0x00, 0x00, 0x00, 0x00, 0x00
.byte 0x00, 0x00, 0x00, 0x00, 0x00, 0x00, 0x00, 0x00, 0x00, 0x00, 0x00, 0x00, 0x00, 0x00, 0x00, 0x00
.byte 0x00, 0x00, 0x00, 0x00, 0x00, 0x00, 0x00, 0x00, 0x00, 0x00, 0x00, 0x00, 0x00, 0x00, 0x00, 0x00
.byte 0x00, 0x00, 0x00, 0x00, 0x00, 0x00, 0x00, 0x00, 0x00, 0x00, 0x00, 0x00, 0x00, 0x00, 0x00, 0x00
.byte 0x00, 0x00, 0x00, 0x00, 0x00, 0x00, 0x00, 0x00, 0x00, 0x00, 0x00, 0x00, 0x00, 0x00, 0x00, 0x00
.byte 0x00, 0x00, 0x00, 0x00, 0x00, 0x00, 0x00, 0x00, 0x00, 0x00, 0x00, 0x00, 0x00, 0x00, 0x00, 0x00
.byte 0x00, 0x00, 0x00, 0x00, 0x00, 0x00, 0x00, 0x00, 0x00, 0x00, 0x00, 0x00, 0x00, 0x00, 0x00, 0x00
.byte 0x00, 0x00, 0x00, 0x00, 0x00, 0x00, 0x00, 0x00, 0x00, 0x00, 0x00, 0x00, 0x00, 0x00, 0x00, 0x00
.byte 0x00, 0x00, 0x00, 0x00, 0x00, 0x00, 0x00, 0x00, 0x00, 0x00, 0x00, 0x00, 0x00, 0x00, 0x00, 0x00
.byte 0x00, 0x00, 0x00, 0x00, 0x00, 0x00, 0x00, 0x00, 0x00, 0x00, 0x00, 0x00, 0x00, 0x00, 0x00, 0x00
.byte 0x00, 0x00, 0x00, 0x00, 0x00, 0x00, 0x00, 0x00, 0x00, 0x00, 0x00, 0x00, 0x00, 0x00, 0x00, 0x00
.byte 0x00, 0x00, 0x00, 0x00, 0x00, 0x00, 0x00, 0x00, 0x00, 0x00, 0x00, 0x00, 0x00, 0x00, 0x00, 0x00
.byte 0x00, 0x00, 0x00, 0x00, 0x00, 0x00, 0x00, 0x00, 0x00, 0x00, 0x00, 0x00, 0x00, 0x00, 0x00, 0x00
.byte 0x00, 0x00, 0x00, 0x00, 0x00, 0x00, 0x00, 0x00, 0x00, 0x00, 0x00, 0x00, 0x00, 0x00, 0x00, 0x00
.byte 0x00, 0x00, 0x00, 0x00, 0x00, 0x00, 0x00, 0x00, 0x00, 0x00, 0x00, 0x00, 0x00, 0x00, 0x00, 0x00
.byte 0x00, 0x00, 0x00, 0x00, 0x00, 0x00, 0x00, 0x00, 0x00, 0x00, 0x00, 0x00, 0x00, 0x00, 0x00, 0x00
.byte 0x00, 0x00, 0x00, 0x00, 0x00, 0x00, 0x00, 0x00, 0x00, 0x00, 0x00, 0x00, 0x00, 0x00, 0x00, 0x00
.byte 0x00, 0x00, 0x00, 0x00, 0x00, 0x00, 0x00, 0x00, 0x00, 0x00, 0x00, 0x00, 0x00, 0x00, 0x00, 0x00
.byte 0x00, 0x00, 0x00, 0x00, 0x00, 0x00, 0x00, 0x00, 0x00, 0x00, 0x00, 0x00, 0x00, 0x00, 0x00, 0x00
.byte 0x00, 0x00, 0x00, 0x00, 0x00, 0x00, 0x00, 0x00, 0x00, 0x00, 0x00, 0x00, 0x00, 0x00, 0x00, 0x00
.byte 0x00, 0x00, 0x00, 0x00, 0x00, 0x00, 0x00, 0x00, 0x00, 0x00, 0x00, 0x00, 0x00, 0x00, 0x00, 0x00
.byte 0x00, 0x00, 0x00, 0x00, 0x00, 0x00, 0x00, 0x00, 0x00, 0x00, 0x00, 0x00, 0x00, 0x00, 0x00, 0x00
.byte 0x00, 0x00, 0x00, 0x00, 0x00, 0x00, 0x00, 0x00, 0x00, 0x00, 0x00, 0x00, 0x00, 0x00, 0x00, 0x00
.byte 0x00, 0x00, 0x00, 0x00, 0x00, 0x00, 0x00, 0x00, 0x00, 0x00, 0x00, 0x00, 0x00, 0x00, 0x00, 0x00
.byte 0x00, 0x00, 0x00, 0x00, 0x00, 0x00, 0x00, 0x00, 0x00, 0x00, 0x00, 0x00, 0x00, 0x00, 0x00, 0x00
.byte 0x00, 0x00, 0x00, 0x00, 0x00, 0x00, 0x00, 0x00, 0x00, 0x00, 0x00, 0x00, 0x00, 0x00, 0x00, 0x00
.byte 0x00, 0x00, 0x00, 0x00, 0x00, 0x00, 0x00, 0x00, 0x00, 0x00, 0x00, 0x00, 0x00, 0x00, 0x00, 0x00
.byte 0x00, 0x00, 0x00, 0x00, 0x00, 0x00, 0x00, 0x00, 0x00, 0x00, 0x00, 0x00, 0x00, 0x00, 0x00, 0x00
.byte 0x00, 0x00, 0x00, 0x00, 0x00, 0x00, 0x00, 0x00, 0x00, 0x00, 0x00, 0x00, 0x00, 0x00, 0x00, 0x00
.byte 0x00, 0x00, 0x00, 0x00, 0x00, 0x00, 0x00, 0x00, 0x00, 0x00, 0x00, 0x00, 0x00, 0x00, 0x00, 0x00
.byte 0x00, 0x00, 0x00, 0x00, 0x00, 0x00, 0x00, 0x00, 0x00, 0x00, 0x00, 0x00, 0x00, 0x00, 0x00, 0x00
.byte 0x00, 0x00, 0x00, 0x00, 0x00, 0x00, 0x00, 0x00, 0x00, 0x00, 0x00, 0x00, 0x00, 0x00, 0x00, 0x00
.byte 0x00, 0x00, 0x00, 0x00, 0x00, 0x00, 0x00, 0x00, 0x00, 0x00, 0x00, 0x00, 0x00, 0x00, 0x00, 0x00
.byte 0x00, 0x00, 0x00, 0x00, 0x00, 0x00, 0x00, 0x00, 0x00, 0x00, 0x00, 0x00, 0x00, 0x00, 0x00, 0x00
.byte 0x00, 0x00, 0x00, 0x00, 0x00, 0x00, 0x00, 0x00, 0x00, 0x00, 0x00, 0x00, 0x00, 0x00, 0x00, 0x00
.byte 0x00, 0x00, 0x00, 0x00, 0x00, 0x00, 0x00, 0x00, 0x00, 0x00, 0x00, 0x00, 0x00, 0x00, 0x00, 0x00
.byte 0x00, 0x00, 0x00, 0x00, 0x00, 0x00, 0x00, 0x00, 0x00, 0x00, 0x00, 0x00, 0x00, 0x00, 0x00, 0x00
.byte 0x00, 0x00, 0x00, 0x00, 0x00, 0x00, 0x00, 0x00, 0x00, 0x00, 0x00, 0x00, 0x00, 0x00, 0x00, 0x00
.byte 0x00, 0x00, 0x00, 0x00, 0x00, 0x00, 0x00, 0x00, 0x00, 0x00, 0x00, 0x00, 0x00, 0x00, 0x00, 0x00
.byte 0x00, 0x00, 0x00, 0x00, 0x00, 0x00, 0x00, 0x00, 0x00, 0x00, 0x00, 0x00, 0x00, 0x00, 0x00, 0x00
.byte 0x00, 0x00, 0x00, 0x00, 0x00, 0x00, 0x00, 0x00, 0x00, 0x00, 0x00, 0x00, 0x00, 0x00, 0x00, 0x00
.byte 0x00, 0x00, 0x00, 0x00, 0x00, 0x00, 0x00, 0x00, 0x00, 0x00, 0x00, 0x00, 0x00, 0x00, 0x00, 0x00
.byte 0x00, 0x00, 0x00, 0x00, 0x00, 0x00, 0x00, 0x00, 0x00, 0x00, 0x00, 0x00, 0x00, 0x00, 0x00, 0x00
.byte 0x00, 0x00, 0x00, 0x00, 0x00, 0x00, 0x00, 0x00, 0x00, 0x00, 0x00, 0x00, 0x00, 0x00, 0x00, 0x00
.byte 0x00, 0x00, 0x00, 0x00, 0x00, 0x00, 0x00, 0x00, 0x00, 0x00, 0x00, 0x00, 0x00, 0x00, 0x00, 0x00
.byte 0x00, 0x00, 0x00, 0x00, 0x00, 0x00, 0x00, 0x00, 0x00, 0x00, 0x00, 0x00, 0x00, 0x00, 0x00, 0x00
.byte 0x00, 0x00, 0x00, 0x00, 0x00, 0x00, 0x00, 0x00, 0x00, 0x00, 0x00, 0x00, 0x00, 0x00, 0x00, 0x00
.byte 0x00, 0x00, 0x00, 0x00, 0x00, 0x00, 0x00, 0x00, 0x00, 0x00, 0x00, 0x00, 0x00, 0x00, 0x00, 0x00
.byte 0x00, 0x00, 0x00, 0x00, 0x00, 0x00, 0x00, 0x00, 0x00, 0x00, 0x00, 0x00, 0x00, 0x00, 0x00, 0x00
.byte 0x00, 0x00, 0x00, 0x00, 0x00, 0x00, 0x00, 0x00, 0x00, 0x00, 0x00, 0x00, 0x00, 0x00, 0x00, 0x00
.byte 0x00, 0x00, 0x00, 0x00, 0x00, 0x00, 0x00, 0x00, 0x00, 0x00, 0x00, 0x00, 0x00, 0x00, 0x00, 0x00
.byte 0x00, 0x00, 0x00, 0x00, 0x00, 0x00, 0x00, 0x00, 0x00, 0x00, 0x00, 0x00, 0x00, 0x00, 0x00, 0x00
.byte 0x00, 0x00, 0x00, 0x00, 0x00, 0x00, 0x00, 0x00, 0x00, 0x00, 0x00, 0x00, 0x00, 0x00, 0x00, 0x00
.byte 0x00, 0x00, 0x00, 0x00, 0x00, 0x00, 0x00, 0x00, 0x00, 0x00, 0x00, 0x00, 0x00, 0x00, 0x00, 0x00
.byte 0x00, 0x00, 0x00, 0x00, 0x00, 0x00, 0x00, 0x00, 0x00, 0x00, 0x00, 0x00, 0x00, 0x00, 0x00, 0x00
.byte 0x00, 0x00, 0x00, 0x00, 0x00, 0x00, 0x00, 0x00, 0x00, 0x00, 0x00, 0x00, 0x00, 0x00, 0x00, 0x00
.byte 0x00, 0x00, 0x00, 0x00, 0x00, 0x00, 0x00, 0x00, 0x00, 0x00, 0x00, 0x00, 0x00, 0x00, 0x00, 0x00
.byte 0x00, 0x00, 0x00, 0x00, 0x00, 0x00, 0x00, 0x00, 0x00, 0x00, 0x00, 0x00, 0x00, 0x00, 0x00, 0x00
.byte 0x00, 0x00, 0x00, 0x00, 0x00, 0x00, 0x00, 0x00, 0x00, 0x00, 0x00, 0x00, 0x00, 0x00, 0x00, 0x00
.byte 0x00, 0x00, 0x00, 0x00, 0x00, 0x00, 0x00, 0x00, 0x00, 0x00, 0x00, 0x00, 0x00, 0x00, 0x00, 0x00
.byte 0x00, 0x00, 0x00, 0x00, 0x00, 0x00, 0x00, 0x00, 0x00, 0x00, 0x00, 0x00, 0x00, 0x00, 0x00, 0x00
.byte 0x00, 0x00, 0x00, 0x00, 0x00, 0x00, 0x00, 0x00, 0x00, 0x00, 0x00, 0x00, 0x00, 0x00, 0x00, 0x00
.byte 0x00, 0x00, 0x00, 0x00, 0x00, 0x00, 0x00, 0x00, 0x00, 0x00, 0x00, 0x00, 0x00, 0x00, 0x00, 0x00
.byte 0x00, 0x00, 0x00, 0x00, 0x00, 0x00, 0x00, 0x00, 0x00, 0x00, 0x00, 0x00, 0x00, 0x00, 0x00, 0x00
.byte 0x00, 0x00, 0x00, 0x00, 0x00, 0x00, 0x00, 0x00, 0x00, 0x00, 0x00, 0x00, 0x00, 0x00, 0x00, 0x00
.byte 0x00, 0x00, 0x00, 0x00, 0x00, 0x00, 0x00, 0x00, 0x00, 0x00, 0x00, 0x00, 0x00, 0x00, 0x00, 0x00
.byte 0x00, 0x00, 0x00, 0x00, 0x00, 0x00, 0x00, 0x00, 0x00, 0x00, 0x00, 0x00, 0x00, 0x00, 0x00, 0x00
.byte 0x00, 0x00, 0x00, 0x00, 0x00, 0x00, 0x00, 0x00, 0x00, 0x00, 0x00, 0x00, 0x00, 0x00, 0x00, 0x00
.byte 0x00, 0x00, 0x00, 0x00, 0x00, 0x00, 0x00, 0x00, 0x00, 0x00, 0x00, 0x00, 0x00, 0x00, 0x00, 0x00
.byte 0x00, 0x00, 0x00, 0x00, 0x00, 0x00, 0x00, 0x00, 0x00, 0x00, 0x00, 0x00, 0x00, 0x00, 0x00, 0x00
.byte 0x00, 0x00, 0x00, 0x00, 0x00, 0x00, 0x00, 0x00, 0x00, 0x00, 0x00, 0x00, 0x00, 0x00, 0x00, 0x00
.byte 0x00, 0x00, 0x00, 0x00, 0x00, 0x00, 0x00, 0x00, 0x00, 0x00, 0x00, 0x00, 0x00, 0x00, 0x00, 0x00
.byte 0x00, 0x00, 0x00, 0x00, 0x00, 0x00, 0x00, 0x00, 0x00, 0x00, 0x00, 0x00, 0x00, 0x00, 0x00, 0x00
.byte 0x00, 0x00, 0x00, 0x00, 0x00, 0x00, 0x00, 0x00, 0x00, 0x00, 0x00, 0x00, 0x00, 0x00, 0x00, 0x00
.byte 0x00, 0x00, 0x00, 0x00, 0x00, 0x00, 0x00, 0x00, 0x00, 0x00, 0x00, 0x00, 0x00, 0x00, 0x00, 0x00
.byte 0x00, 0x00, 0x00, 0x00, 0x00, 0x00, 0x00, 0x00, 0x00, 0x00, 0x00, 0x00, 0x00, 0x00, 0x00, 0x00
.byte 0x00, 0x00, 0x00, 0x00, 0x00, 0x00, 0x00, 0x00, 0x00, 0x00, 0x00, 0x00, 0x00, 0x00, 0x00, 0x00
.byte 0x00, 0x00, 0x00, 0x00, 0x00, 0x00, 0x00, 0x00, 0x00, 0x00, 0x00, 0x00, 0x00, 0x00, 0x00, 0x00
.byte 0x00, 0x00, 0x00, 0x00, 0x00, 0x00, 0x00, 0x00, 0x00, 0x00, 0x00, 0x00, 0x00, 0x00, 0x00, 0x00
.byte 0x00, 0x00, 0x00, 0x00, 0x00, 0x00, 0x00, 0x00, 0x00, 0x00, 0x00, 0x00, 0x00, 0x00, 0x00, 0x00
.byte 0x00, 0x00, 0x00, 0x00, 0x00, 0x00, 0x00, 0x00, 0x00, 0x00, 0x00, 0x00, 0x00, 0x00, 0x00, 0x00
.byte 0x00, 0x00, 0x00, 0x00, 0x00, 0x00, 0x00, 0x00, 0x00, 0x00, 0x00, 0x00, 0x00, 0x00, 0x00, 0x00
.byte 0x00, 0x00, 0x00, 0x00, 0x00, 0x00, 0x00, 0x00, 0x00, 0x00, 0x00, 0x00, 0x00, 0x00, 0x00, 0x00
.byte 0x00, 0x00, 0x00, 0x00, 0x00, 0x00, 0x00, 0x00, 0x00, 0x00, 0x00, 0x00, 0x00, 0x00, 0x00, 0x00
.byte 0x00, 0x00, 0x00, 0x00, 0x00, 0x00, 0x00, 0x00, 0x00, 0x00, 0x00, 0x00, 0x00, 0x00, 0x00, 0x00
.byte 0x00, 0x00, 0x00, 0x00, 0x00, 0x00, 0x00, 0x00, 0x00, 0x00, 0x00, 0x00, 0x00, 0x00, 0x00, 0x00
.byte 0x00, 0x00, 0x00, 0x00, 0x00, 0x00, 0x00, 0x00, 0x00, 0x00, 0x00, 0x00, 0x00, 0x00, 0x00, 0x00
.byte 0x00, 0x00, 0x00, 0x00, 0x00, 0x00, 0x00, 0x00, 0x00, 0x00, 0x00, 0x00, 0x00, 0x00, 0x00, 0x00
.byte 0x00, 0x00, 0x00, 0x00, 0x00, 0x00, 0x00, 0x00, 0x00, 0x00, 0x00, 0x00, 0x00, 0x00, 0x00, 0x00
.byte 0x00, 0x00, 0x00, 0x00, 0x00, 0x00, 0x00, 0x00, 0x00, 0x00, 0x00, 0x00, 0x00, 0x00, 0x00, 0x00
.byte 0x00, 0x00, 0x00, 0x00, 0x00, 0x00, 0x00, 0x00, 0x00, 0x00, 0x00, 0x00, 0x00, 0x00, 0x00, 0x00
.byte 0x00, 0x00, 0x00, 0x00, 0x00, 0x00, 0x00, 0x00, 0x00, 0x00, 0x00, 0x00, 0x00, 0x00, 0x00, 0x00
.byte 0x00, 0x00, 0x00, 0x00, 0x00, 0x00, 0x00, 0x00, 0x00, 0x00, 0x00, 0x00, 0x00, 0x00, 0x00, 0x00
.byte 0x00, 0x00, 0x00, 0x00, 0x00, 0x00, 0x00, 0x00, 0x00, 0x00, 0x00, 0x00, 0x00, 0x00, 0x00, 0x00
.byte 0x00, 0x00, 0x00, 0x00, 0x00, 0x00, 0x00, 0x00, 0x00, 0x00, 0x00, 0x00, 0x00, 0x00, 0x00, 0x00
.byte 0x00, 0x00, 0x00, 0x00, 0x00, 0x00, 0x05, 0x07, 0x03, 0x07, 0x0c, 0x06, 0x08, 0x0d, 0x07, 0x07
.byte 0x0b, 0x06, 0x07, 0x0b, 0x05, 0x07, 0x0b, 0x05, 0x07, 0x0b, 0x06, 0x07, 0x0b, 0x06, 0x07, 0x0b
.byte 0x06, 0x07, 0x0b, 0x05, 0x06, 0x0b, 0x05, 0x05, 0x09, 0x04, 0x05, 0x09, 0x04, 0x03, 0x05, 0x02
.byte 0x00, 0x00, 0x00, 0x00, 0x00, 0x00, 0x00, 0x00, 0x00, 0x00, 0x00, 0x00, 0x00, 0x00, 0x00, 0x00
.byte 0x00, 0x00, 0x00, 0x00, 0x00, 0x00, 0x00, 0x00, 0x00, 0x00, 0x00, 0x00, 0x00, 0x00, 0x00, 0x00
.byte 0x00, 0x00, 0x00, 0x00, 0x00, 0x00, 0x00, 0x00, 0x00, 0x00, 0x00, 0x00, 0x00, 0x00, 0x00, 0x00
.byte 0x00, 0x00, 0x00, 0x00, 0x00, 0x00, 0x00, 0x00, 0x00, 0x00, 0x00, 0x00, 0x00, 0x00, 0x00, 0x00
.byte 0x00, 0x00, 0x00, 0x00, 0x00, 0x00, 0x00, 0x00, 0x00, 0x00, 0x00, 0x00, 0x00, 0x00, 0x00, 0x00
.byte 0x00, 0x00, 0x00, 0x00, 0x00, 0x00, 0x00, 0x00, 0x00, 0x00, 0x00, 0x00, 0x00, 0x00, 0x00, 0x00
.byte 0x00, 0x00, 0x00, 0x00, 0x00, 0x00, 0x00, 0x00, 0x00, 0x00, 0x00, 0x00, 0x00, 0x00, 0x00, 0x00
.byte 0x00, 0x00, 0x00, 0x00, 0x00, 0x00, 0x00, 0x00, 0x00, 0x00, 0x00, 0x00, 0x00, 0x00, 0x00, 0x00
.byte 0x00, 0x00, 0x00, 0x00, 0x00, 0x00, 0x00, 0x00, 0x00, 0x00, 0x00, 0x00, 0x00, 0x00, 0x00, 0x00
.byte 0x00, 0x00, 0x00, 0x00, 0x00, 0x00, 0x00, 0x00, 0x00, 0x00, 0x00, 0x00, 0x00, 0x00, 0x00, 0x00
.byte 0x00, 0x00, 0x00, 0x00, 0x00, 0x00, 0x00, 0x00, 0x00, 0x00, 0x00, 0x00, 0x00, 0x00, 0x00, 0x00
.byte 0x00, 0x00, 0x00, 0x00, 0x00, 0x00, 0x00, 0x00, 0x00, 0x00, 0x00, 0x00, 0x00, 0x00, 0x00, 0x00
.byte 0x00, 0x00, 0x00, 0x00, 0x00, 0x00, 0x00, 0x00, 0x00, 0x00, 0x00, 0x00, 0x00, 0x00, 0x00, 0x00
.byte 0x00, 0x00, 0x00, 0x00, 0x00, 0x00, 0x00, 0x00, 0x00, 0x00, 0x00, 0x00, 0x00, 0x00, 0x00, 0x00
.byte 0x00, 0x00, 0x00, 0x00, 0x00, 0x00, 0x00, 0x00, 0x00, 0x00, 0x00, 0x00, 0x00, 0x00, 0x00, 0x00
.byte 0x00, 0x00, 0x00, 0x00, 0x00, 0x00, 0x00, 0x00, 0x00, 0x00, 0x00, 0x00, 0x00, 0x00, 0x00, 0x00
.byte 0x00, 0x00, 0x00, 0x00, 0x00, 0x00, 0x00, 0x00, 0x00, 0x00, 0x00, 0x00, 0x00, 0x00, 0x00, 0x00
.byte 0x00, 0x00, 0x00, 0x00, 0x05, 0x06, 0x03, 0x06, 0x0a, 0x05, 0x06, 0x0a, 0x05, 0x07, 0x0b, 0x05
.byte 0x08, 0x0d, 0x07, 0x09, 0x0f, 0x08, 0x09, 0x10, 0x08, 0x09, 0x0f, 0x08, 0x08, 0x0e, 0x07, 0x08
.byte 0x0d, 0x07, 0x08, 0x0c, 0x07, 0x07, 0x0c, 0x06, 0x07, 0x0b, 0x06, 0x07, 0x0b, 0x06, 0x07, 0x0b
.byte 0x06, 0x07, 0x0b, 0x06, 0x07, 0x0b, 0x06, 0x06, 0x09, 0x05, 0x03, 0x04, 0x02, 0x00, 0x00, 0x00
.byte 0x00, 0x00, 0x00, 0x00, 0x00, 0x00, 0x00, 0x00, 0x00, 0x00, 0x00, 0x00, 0x00, 0x00, 0x00, 0x00
.byte 0x00, 0x00, 0x00, 0x00, 0x00, 0x00, 0x00, 0x00, 0x00, 0x00, 0x00, 0x00, 0x00, 0x00, 0x00, 0x00
.byte 0x00, 0x00, 0x00, 0x00, 0x00, 0x00, 0x00, 0x00, 0x00, 0x00, 0x00, 0x00, 0x00, 0x00, 0x00, 0x00
.byte 0x00, 0x00, 0x00, 0x00, 0x00, 0x00, 0x00, 0x00, 0x00, 0x00, 0x00, 0x00, 0x00, 0x00, 0x00, 0x00
.byte 0x00, 0x00, 0x00, 0x00, 0x00, 0x00, 0x00, 0x00, 0x00, 0x00, 0x00, 0x00, 0x00, 0x00, 0x00, 0x00
.byte 0x00, 0x00, 0x00, 0x00, 0x00, 0x00, 0x00, 0x00, 0x00, 0x00, 0x00, 0x00, 0x00, 0x00, 0x00, 0x00
.byte 0x00, 0x00, 0x00, 0x00, 0x00, 0x00, 0x00, 0x00, 0x00, 0x00, 0x00, 0x00, 0x00, 0x00, 0x00, 0x00
.byte 0x00, 0x00, 0x00, 0x00, 0x00, 0x00, 0x00, 0x00, 0x00, 0x00, 0x00, 0x00, 0x00, 0x00, 0x00, 0x00
.byte 0x00, 0x00, 0x00, 0x00, 0x00, 0x00, 0x00, 0x00, 0x00, 0x00, 0x00, 0x00, 0x00, 0x00, 0x00, 0x00
.byte 0x00, 0x00, 0x00, 0x00, 0x00, 0x00, 0x00, 0x00, 0x00, 0x00, 0x00, 0x00, 0x00, 0x00, 0x00, 0x00
.byte 0x00, 0x00, 0x00, 0x00, 0x00, 0x00, 0x00, 0x00, 0x00, 0x00, 0x00, 0x00, 0x00, 0x00, 0x00, 0x00
.byte 0x00, 0x00, 0x00, 0x00, 0x00, 0x00, 0x00, 0x00, 0x00, 0x00, 0x00, 0x00, 0x00, 0x00, 0x00, 0x00
.byte 0x00, 0x00, 0x00, 0x00, 0x00, 0x00, 0x00, 0x00, 0x00, 0x00, 0x00, 0x00, 0x00, 0x00, 0x00, 0x00
.byte 0x00, 0x00, 0x00, 0x00, 0x00, 0x00, 0x00, 0x00, 0x00, 0x00, 0x00, 0x00, 0x00, 0x00, 0x00, 0x00
.byte 0x00, 0x00, 0x00, 0x00, 0x00, 0x00, 0x00, 0x00, 0x00, 0x00, 0x00, 0x00, 0x00, 0xff, 0xfb, 0xfd
.byte 0xff, 0xfb, 0xfd, 0xff, 0xfc, 0xfd, 0xff, 0xfc, 0xfd, 0xff, 0xfc, 0xfd, 0xff, 0xfc, 0xfd, 0xff
.byte 0xfc, 0xfd, 0x00, 0x00, 0x00, 0x03, 0x03, 0x01, 0x05, 0x08, 0x04, 0x06, 0x09, 0x05, 0x09, 0x0d
.byte 0x07, 0x0a, 0x0f, 0x08, 0x0a, 0x0e, 0x08, 0x09, 0x0d, 0x07, 0x09, 0x0d, 0x07, 0x09, 0x0c, 0x06
.byte 0x08, 0x0b, 0x06, 0x08, 0x0b, 0x06, 0x08, 0x0b, 0x06, 0x08, 0x0a, 0x06, 0x07, 0x0b, 0x05, 0x07
.byte 0x0a, 0x05, 0x07, 0x0a, 0x05, 0x07, 0x09, 0x05, 0x07, 0x09, 0x04, 0x06, 0x09, 0x04, 0x06, 0x09
.byte 0x04, 0x06, 0x08, 0x04, 0x06, 0x08, 0x05, 0x01, 0x01, 0x01, 0x00, 0x00, 0x00, 0x00, 0x00, 0x00
.byte 0x00, 0x00, 0x00, 0x00, 0x00, 0x00, 0x00, 0x00, 0x00, 0x00, 0x00, 0x00, 0x00, 0x00, 0x00, 0x00
.byte 0x00, 0x00, 0x00, 0x00, 0x00, 0x00, 0x00, 0x00, 0x00, 0x00, 0x00, 0x00, 0x00, 0x00, 0x00, 0x00
.byte 0x00, 0x00, 0x00, 0x00, 0x00, 0x00, 0x00, 0x00, 0x00, 0x00, 0x00, 0x00, 0x00, 0x00, 0x00, 0x00
.byte 0x00, 0x00, 0x00, 0x00, 0x00, 0x00, 0x00, 0x00, 0x00, 0x00, 0x00, 0x00, 0x00, 0x00, 0x00, 0x00
.byte 0x00, 0x00, 0x00, 0x00, 0x00, 0x00, 0x00, 0x00, 0x00, 0x00, 0x00, 0x00, 0x00, 0x00, 0x00, 0x00
.byte 0x00, 0x00, 0x00, 0x00, 0x00, 0x00, 0x00, 0x00, 0x00, 0x00, 0x00, 0x00, 0x00, 0x00, 0x00, 0x00
.byte 0x00, 0x00, 0x00, 0x00, 0x00, 0x00, 0x00, 0x00, 0x00, 0x00, 0x00, 0x00, 0x00, 0x00, 0x00, 0x00
.byte 0x00, 0x00, 0x00, 0x00, 0x00, 0x00, 0x00, 0x00, 0x00, 0x00, 0x00, 0x00, 0x00, 0x00, 0x00, 0x00
.byte 0x00, 0x00, 0x00, 0x00, 0x00, 0x00, 0x00, 0x00, 0x00, 0x00, 0x00, 0x00, 0x00, 0x00, 0x00, 0x00
.byte 0x00, 0x00, 0x00, 0x00, 0x00, 0x00, 0x00, 0x00, 0x00, 0x00, 0x00, 0x00, 0x00, 0x00, 0x00, 0x00
.byte 0x00, 0x00, 0x00, 0x00, 0x00, 0x00, 0x00, 0x00, 0x00, 0x00, 0x00, 0x00, 0x00, 0x00, 0x00, 0x00
.byte 0x00, 0x00, 0x00, 0x00, 0x00, 0x00, 0x00, 0x00, 0x00, 0x00, 0x00, 0x00, 0x00, 0x00, 0x00, 0x00
.byte 0x00, 0x00, 0x00, 0x00, 0x00, 0x00, 0x00, 0x00, 0x00, 0x00, 0x00, 0x00, 0x00, 0x00, 0x00, 0x00
.byte 0x00, 0x00, 0x00, 0x00, 0x00, 0x00, 0x00, 0x00, 0x00, 0x00, 0x00, 0x00, 0x00, 0x00, 0x00, 0x00
.byte 0x00, 0x00, 0x00, 0x00, 0x00, 0x00, 0x00, 0x00, 0x00, 0x00, 0x00, 0x00, 0x00, 0x00, 0x00, 0x00
.byte 0x00, 0x00, 0x00, 0x00, 0x00, 0x00, 0x03, 0x03, 0x02, 0x07, 0x0a, 0x05, 0x08, 0x0c, 0x07, 0x0b
.byte 0x11, 0x0a, 0x0c, 0x14, 0x0a, 0x0b, 0x13, 0x0a, 0x0b, 0x12, 0x09, 0x0a, 0x11, 0x09, 0x0a, 0x11
.byte 0x09, 0x0a, 0x10, 0x08, 0x09, 0x0f, 0x08, 0x09, 0x0f, 0x08, 0x09, 0x0f, 0x08, 0x09, 0x0e, 0x07
.byte 0x08, 0x0e, 0x07, 0x08, 0x0e, 0x07, 0x08, 0x0d, 0x07, 0x08, 0x0d, 0x07, 0x08, 0x0c, 0x06, 0x07
.byte 0x0c, 0x06, 0x07, 0x0c, 0x06, 0x07, 0x0b, 0x06, 0x07, 0x0b, 0x06, 0x06, 0x0a, 0x06, 0x06, 0x0a
.byte 0x05, 0x06, 0x0a, 0x05, 0x00, 0x00, 0x00, 0x00, 0x00, 0x00, 0x00, 0x00, 0x00, 0x00, 0x00, 0x00
.byte 0x00, 0x00, 0x00, 0x00, 0x00, 0x00, 0x00, 0x00, 0x00, 0x00, 0x00, 0x00, 0x00, 0x00, 0x00, 0x00
.byte 0x00, 0x00, 0x00, 0x00, 0x00, 0x00, 0x00, 0x00, 0x00, 0x00, 0x00, 0x00, 0x00, 0x00, 0x00, 0x00
.byte 0x00, 0x00, 0x00, 0x00, 0x00, 0x00, 0x00, 0x00, 0x00, 0x00, 0x00, 0x00, 0x00, 0x00, 0x00, 0x00
.byte 0x00, 0x00, 0x00, 0x00, 0x00, 0x00, 0x00, 0x00, 0x00, 0x00, 0x00, 0x00, 0x00, 0x00, 0x00, 0x00
.byte 0x00, 0x00, 0x00, 0x00, 0x00, 0x00, 0x00, 0x00, 0x00, 0x00, 0x00, 0x00, 0x00, 0x00, 0x00, 0x00
.byte 0x00, 0x00, 0x00, 0x00, 0x00, 0x00, 0x00, 0x00, 0x00, 0x00, 0x00, 0x00, 0x00, 0x00, 0x00, 0x00
.byte 0x00, 0x00, 0x00, 0x00, 0x00, 0x00, 0x00, 0x00, 0x00, 0x00, 0x00, 0x00, 0x00, 0x00, 0x00, 0x00
.byte 0x00, 0x00, 0x00, 0x00, 0x00, 0x00, 0x00, 0x00, 0x00, 0x00, 0x00, 0x00, 0x00, 0x00, 0x00, 0x00
.byte 0x00, 0x00, 0x00, 0x00, 0x00, 0x00, 0x00, 0x00, 0x00, 0x00, 0x00, 0x00, 0x00, 0x00, 0x00, 0x00
.byte 0x00, 0x00, 0x00, 0x00, 0x00, 0x00, 0x00, 0x00, 0x00, 0x00, 0x00, 0x00, 0x00, 0x00, 0x00, 0x00
.byte 0x00, 0x00, 0x00, 0x00, 0x00, 0x00, 0x00, 0x00, 0x00, 0x00, 0x00, 0x00, 0x00, 0x00, 0x00, 0x00
.byte 0x00, 0x00, 0x00, 0x00, 0x00, 0x00, 0x00, 0x00, 0x00, 0x00, 0x00, 0x00, 0x00, 0x00, 0x00, 0x00
.byte 0x00, 0x00, 0x00, 0x00, 0x00, 0x00, 0x00, 0x00, 0x00, 0x00, 0x00, 0x00, 0x00, 0x00, 0x00, 0x00
.byte 0x00, 0x00, 0x00, 0x00, 0x00, 0x00, 0x00, 0x00, 0x00, 0x00, 0x00, 0x00, 0x00, 0x00, 0x00, 0x00
.byte 0x00, 0x00, 0x00, 0x00, 0x00, 0x00, 0x00, 0x00, 0x00, 0x00, 0x07, 0x0c, 0x06, 0x08, 0x0f, 0x08
.byte 0x0b, 0x14, 0x0b, 0x0d, 0x18, 0x0d, 0x0d, 0x18, 0x0d, 0x0c, 0x16, 0x0c, 0x0b, 0x15, 0x0b, 0x0b
.byte 0x14, 0x0b, 0x0b, 0x14, 0x0b, 0x0b, 0x13, 0x0b, 0x0a, 0x13, 0x0a, 0x0a, 0x12, 0x0a, 0x0a, 0x12
.byte 0x0a, 0x0a, 0x11, 0x09, 0x09, 0x11, 0x09, 0x09, 0x10, 0x09, 0x09, 0x10, 0x09, 0x09, 0x10, 0x09
.byte 0x09, 0x0f, 0x08, 0x08, 0x0f, 0x08, 0x08, 0x0f, 0x08, 0x08, 0x0e, 0x07, 0x08, 0x0e, 0x07, 0x08
.byte 0x0d, 0x06, 0x07, 0x0d, 0x06, 0x07, 0x0d, 0x06, 0x07, 0x0d, 0x06, 0x07, 0x0c, 0x06, 0x04, 0x07
.byte 0x03, 0x00, 0x00, 0x00, 0x00, 0x00, 0x00, 0x00, 0x00, 0x00, 0x00, 0x00, 0x00, 0x00, 0x00, 0x00
.byte 0x00, 0x00, 0x00, 0x00, 0x00, 0x00, 0x00, 0x00, 0x00, 0x00, 0x00, 0x00, 0x00, 0x00, 0x00, 0x00
.byte 0x00, 0x00, 0x00, 0x00, 0x00, 0x00, 0x00, 0x00, 0x00, 0x00, 0x00, 0x00, 0x00, 0x00, 0x00, 0x00
.byte 0x00, 0x00, 0x00, 0x00, 0x00, 0x00, 0x00, 0x00, 0x00, 0x00, 0x00, 0x00, 0x00, 0x00, 0x00, 0x00
.byte 0x00, 0x00, 0x00, 0x00, 0x00, 0x00, 0x00, 0x00, 0x00, 0x00, 0x00, 0x00, 0x00, 0x00, 0x00, 0x00
.byte 0x00, 0x00, 0x00, 0x00, 0x00, 0x00, 0x00, 0x00, 0x00, 0x00, 0x00, 0x00, 0x00, 0x00, 0x00, 0x00
.byte 0x00, 0x00, 0x00, 0x00, 0x00, 0x00, 0x00, 0x00, 0x00, 0x00, 0x00, 0x00, 0x00, 0x00, 0x00, 0x00
.byte 0x00, 0x00, 0x00, 0x00, 0x00, 0x00, 0x00, 0x00, 0x00, 0x00, 0x00, 0x00, 0x00, 0x00, 0x00, 0x00
.byte 0x00, 0x00, 0x00, 0x00, 0x00, 0x00, 0x00, 0x00, 0x00, 0x00, 0x00, 0x00, 0x00, 0x00, 0x00, 0x00
.byte 0x00, 0x00, 0x00, 0x00, 0x00, 0x00, 0x00, 0x00, 0x00, 0x00, 0x00, 0x00, 0x00, 0x00, 0x00, 0x00
.byte 0x00, 0x00, 0x00, 0x00, 0x00, 0x00, 0x00, 0x00, 0x00, 0x00, 0x00, 0x00, 0x00, 0x00, 0x00, 0x00
.byte 0x00, 0x00, 0x00, 0x00, 0x00, 0x00, 0x00, 0x00, 0x00, 0x00, 0x00, 0x00, 0x00, 0x00, 0x00, 0x00
.byte 0x00, 0x00, 0x00, 0x00, 0x00, 0x00, 0x00, 0x00, 0x00, 0x00, 0x00, 0x00, 0x00, 0x00, 0x00, 0x00
.byte 0x00, 0x00, 0x00, 0x00, 0x00, 0x00, 0x00, 0x00, 0x00, 0x00, 0x00, 0x00, 0x00, 0x00, 0x00, 0x00
.byte 0x00, 0x00, 0x00, 0x00, 0x00, 0x00, 0x00, 0x00, 0x00, 0x00, 0x00, 0x00, 0x00, 0x00, 0x07, 0x0c
.byte 0x06, 0x08, 0x0f, 0x08, 0x0d, 0x18, 0x0d, 0x0e, 0x19, 0x0e, 0x0d, 0x18, 0x0d, 0x0c, 0x17, 0x0c
.byte 0x0c, 0x15, 0x0c, 0x0b, 0x14, 0x0b, 0x0b, 0x13, 0x0b, 0x0b, 0x13, 0x0a, 0x0a, 0x13, 0x0a, 0x0a
.byte 0x12, 0x0a, 0x0a, 0x12, 0x0a, 0x0a, 0x11, 0x09, 0x09, 0x11, 0x09, 0x09, 0x10, 0x09, 0x09, 0x10
.byte 0x09, 0x09, 0x0f, 0x09, 0x09, 0x0f, 0x08, 0x08, 0x0f, 0x08, 0x08, 0x0f, 0x08, 0x08, 0x0e, 0x08
.byte 0x08, 0x0e, 0x08, 0x08, 0x0d, 0x07, 0x07, 0x0d, 0x07, 0x07, 0x0d, 0x07, 0x07, 0x0c, 0x07, 0x07
.byte 0x0c, 0x07, 0x07, 0x0c, 0x07, 0x06, 0x0c, 0x07, 0x06, 0x0b, 0x06, 0x00, 0x00, 0x00, 0x00, 0x00
.byte 0x00, 0x00, 0x00, 0x00, 0x00, 0x00, 0x00, 0x00, 0x00, 0x00, 0x00, 0x00, 0x00, 0x00, 0x00, 0x00
.byte 0x00, 0x00, 0x00, 0x00, 0x00, 0x00, 0x00, 0x00, 0x00, 0x00, 0x00, 0x00, 0x00, 0x00, 0x00, 0x00
.byte 0x00, 0x00, 0x00, 0x00, 0x00, 0x00, 0x00, 0x00, 0x00, 0x00, 0x00, 0x00, 0x00, 0x00, 0x00, 0x00
.byte 0x00, 0x00, 0x00, 0x00, 0x00, 0x00, 0x00, 0x00, 0x00, 0x00, 0x00, 0x00, 0x00, 0x00, 0x00, 0x00
.byte 0x00, 0x00, 0x00, 0x00, 0x00, 0x00, 0x00, 0x00, 0x00, 0x00, 0x00, 0x00, 0x00, 0x00, 0x00, 0x00
.byte 0x00, 0x00, 0x00, 0x00, 0x00, 0x00, 0x00, 0x00, 0x00, 0x00, 0x00, 0x00, 0x00, 0x00, 0x00, 0x00
.byte 0x00, 0x00, 0x00, 0x00, 0x00, 0x00, 0x00, 0x00, 0x00, 0x00, 0x00, 0x00, 0x00, 0x00, 0x00, 0x00
.byte 0x00, 0x00, 0x00, 0x00, 0x00, 0x00, 0x00, 0x00, 0x00, 0x00, 0x00, 0x00, 0x00, 0x00, 0x00, 0x00
.byte 0x00, 0x00, 0x00, 0x00, 0x00, 0x00, 0x00, 0x00, 0x00, 0x00, 0x00, 0x00, 0x00, 0x00, 0x00, 0x00
.byte 0x00, 0x00, 0x00, 0x00, 0x00, 0x00, 0x00, 0x00, 0x00, 0x00, 0x00, 0x00, 0x00, 0x00, 0x00, 0x00
.byte 0x00, 0x00, 0x00, 0x00, 0x00, 0x00, 0x00, 0x00, 0x00, 0x00, 0x00, 0x00, 0x00, 0x00, 0x00, 0x00
.byte 0x00, 0x00, 0x00, 0x00, 0x00, 0x00, 0x00, 0x00, 0x00, 0x00, 0x00, 0x00, 0x00, 0x00, 0x00, 0x00
.byte 0x00, 0x00, 0x00, 0x00, 0x00, 0x00, 0x00, 0x00, 0x00, 0x00, 0x00, 0x00, 0x00, 0x00, 0x00, 0x00
.byte 0x00, 0x00, 0x00, 0x00, 0x00, 0x00, 0x00, 0x00, 0x00, 0x00, 0x00, 0x00, 0x00, 0x00, 0x00, 0x00
.byte 0x00, 0x00, 0x05, 0x09, 0x05, 0x08, 0x0e, 0x08, 0x0e, 0x1a, 0x0e, 0x0e, 0x1a, 0x0e, 0x0d, 0x18
.byte 0x0d, 0x0c, 0x17, 0x0c, 0x0c, 0x16, 0x0c, 0x0c, 0x15, 0x0c, 0x0b, 0x15, 0x0b, 0x0b, 0x14, 0x0b
.byte 0x0a, 0x13, 0x0a, 0x0a, 0x12, 0x0a, 0x0a, 0x12, 0x0a, 0x0a, 0x11, 0x09, 0x09, 0x11, 0x09, 0x09
.byte 0x10, 0x09, 0x09, 0x10, 0x09, 0x08, 0x0f, 0x08, 0x08, 0x0f, 0x08, 0x08, 0x0f, 0x08, 0x08, 0x0e
.byte 0x08, 0x08, 0x0e, 0x08, 0x08, 0x0e, 0x08, 0x07, 0x0d, 0x07, 0x07, 0x0d, 0x07, 0x07, 0x0d, 0x07
.byte 0x07, 0x0c, 0x07, 0x07, 0x0c, 0x07, 0x07, 0x0c, 0x07, 0x06, 0x0b, 0x06, 0x06, 0x0b, 0x06, 0x06
.byte 0x0b, 0x06, 0x06, 0x0a, 0x06, 0x00, 0x00, 0x00, 0x00, 0x00, 0x00, 0x00, 0x00, 0x00, 0x00, 0x00
.byte 0x00, 0x00, 0x00, 0x00, 0x00, 0x00, 0x00, 0x00, 0x00, 0x00, 0x00, 0x00, 0x00, 0x00, 0x00, 0x00
.byte 0x00, 0x00, 0x00, 0x00, 0x00, 0x00, 0x00, 0x00, 0x00, 0x00, 0x00, 0x00, 0x00, 0x00, 0x00, 0x00
.byte 0x00, 0x00, 0x00, 0x00, 0x00, 0x00, 0x00, 0x00, 0x00, 0x00, 0x00, 0x00, 0x00, 0x00, 0x00, 0x00
.byte 0x00, 0x00, 0x00, 0x00, 0x00, 0x00, 0x00, 0x00, 0x00, 0x00, 0x00, 0x00, 0x00, 0x00, 0x00, 0x00
.byte 0x00, 0x00, 0x00, 0x00, 0x00, 0x00, 0x00, 0x00, 0x00, 0x00, 0x00, 0x00, 0x00, 0x00, 0x00, 0x00
.byte 0x00, 0x00, 0x00, 0x00, 0x00, 0x00, 0x00, 0x00, 0x00, 0x00, 0x00, 0x00, 0x00, 0x00, 0x00, 0x00
.byte 0x00, 0x00, 0x00, 0x00, 0x00, 0x00, 0x00, 0x00, 0x00, 0x00, 0x00, 0x00, 0x00, 0x00, 0x00, 0x00
.byte 0x00, 0x00, 0x00, 0x00, 0x00, 0x00, 0x00, 0x00, 0x00, 0x00, 0x00, 0x00, 0x00, 0x00, 0x00, 0x00
.byte 0x00, 0x00, 0x00, 0x00, 0x00, 0x00, 0x00, 0x00, 0x00, 0x00, 0x00, 0x00, 0x00, 0x00, 0x00, 0x00
.byte 0x00, 0x00, 0x00, 0x00, 0x00, 0x00, 0x00, 0x00, 0x00, 0x00, 0x00, 0x00, 0x00, 0x00, 0x00, 0x00
.byte 0x00, 0x00, 0x00, 0x00, 0x00, 0x00, 0x00, 0x00, 0x00, 0x00, 0x00, 0x00, 0x00, 0x00, 0x00, 0x00
.byte 0x00, 0x00, 0x00, 0x00, 0x00, 0x00, 0x00, 0x00, 0x00, 0x00, 0x00, 0x00, 0x00, 0x00, 0x00, 0x00
.byte 0x00, 0x00, 0x00, 0x00, 0x00, 0x00, 0x00, 0x00, 0x00, 0x00, 0x00, 0x00, 0x00, 0x00, 0x00, 0x00
.byte 0x00, 0x00, 0x00, 0x00, 0x00, 0x00, 0x00, 0x00, 0x00, 0x07, 0x0c, 0x07, 0x0d, 0x18, 0x0d, 0x0f
.byte 0x1b, 0x0f, 0x0e, 0x19, 0x0e, 0x0d, 0x18, 0x0d, 0x0c, 0x17, 0x0c, 0x0c, 0x16, 0x0c, 0x0b, 0x15
.byte 0x0c, 0x0b, 0x14, 0x0b, 0x0b, 0x14, 0x0b, 0x0a, 0x13, 0x0a, 0x0a, 0x12, 0x0a, 0x0a, 0x11, 0x0a
.byte 0x09, 0x11, 0x09, 0x09, 0x10, 0x09, 0x09, 0x10, 0x09, 0x09, 0x0f, 0x09, 0x08, 0x0f, 0x08, 0x08
.byte 0x0e, 0x08, 0x08, 0x0e, 0x08, 0x08, 0x0e, 0x08, 0x07, 0x0d, 0x07, 0x07, 0x0d, 0x07, 0x07, 0x0d
.byte 0x07, 0x07, 0x0c, 0x07, 0x07, 0x0c, 0x07, 0x07, 0x0c, 0x06, 0x07, 0x0c, 0x06, 0x06, 0x0b, 0x05
.byte 0x06, 0x0b, 0x05, 0x06, 0x0b, 0x05, 0x06, 0x0a, 0x05, 0x06, 0x0a, 0x05, 0x05, 0x09, 0x04, 0x00
.byte 0x00, 0x00, 0x00, 0x00, 0x00, 0x00, 0x00, 0x00, 0x00, 0x00, 0x00, 0x00, 0x00, 0x00, 0x00, 0x00
.byte 0x00, 0x00, 0x00, 0x00, 0x00, 0x00, 0x00, 0x00, 0x00, 0x00, 0x00, 0x00, 0x00, 0x00, 0x00, 0x00
.byte 0x00, 0x00, 0x00, 0x00, 0x00, 0x00, 0x00, 0x00, 0x00, 0x00, 0x00, 0x00, 0x00, 0x00, 0x00, 0x00
.byte 0x00, 0x00, 0x00, 0x00, 0x00, 0x00, 0x00, 0x00, 0x00, 0x00, 0x00, 0x00, 0x00, 0x00, 0x00, 0x00
.byte 0x00, 0x00, 0x00, 0x00, 0x00, 0x00, 0x00, 0x00, 0x00, 0x00, 0x00, 0x00, 0x00, 0x00, 0x00, 0x00
.byte 0x00, 0x00, 0x00, 0x00, 0x00, 0x00, 0x00, 0x00, 0x00, 0x00, 0x00, 0x00, 0x00, 0x00, 0x00, 0x00
.byte 0x00, 0x00, 0x00, 0x00, 0x00, 0x00, 0x00, 0x00, 0x00, 0x00, 0x00, 0x00, 0x00, 0x00, 0x00, 0x00
.byte 0x00, 0x00, 0x00, 0x00, 0x00, 0x00, 0x00, 0x00, 0x00, 0x00, 0x00, 0x00, 0x00, 0x00, 0x00, 0x00
.byte 0x00, 0x00, 0x00, 0x00, 0x00, 0x00, 0x00, 0x00, 0x00, 0x00, 0x00, 0x00, 0x00, 0x00, 0x00, 0x00
.byte 0x00, 0x00, 0x00, 0x00, 0x00, 0x00, 0x00, 0x00, 0x00, 0x00, 0x00, 0x00, 0x00, 0x00, 0x00, 0x00
.byte 0x00, 0x00, 0x00, 0x00, 0x00, 0x00, 0x00, 0x00, 0x00, 0x00, 0x00, 0x00, 0x00, 0x00, 0x00, 0x00
.byte 0x00, 0x00, 0x00, 0x00, 0x00, 0x00, 0x00, 0x00, 0x00, 0x00, 0x00, 0x00, 0x00, 0x00, 0x00, 0x00
.byte 0x00, 0x00, 0x00, 0x00, 0x00, 0x00, 0x00, 0x00, 0x00, 0x00, 0x00, 0x00, 0x00, 0x00, 0x00, 0x00
.byte 0x00, 0x00, 0x00, 0x00, 0x00, 0x00, 0x00, 0x00, 0x00, 0x00, 0x00, 0x00, 0x00, 0x05, 0x0a, 0x05
.byte 0x08, 0x10, 0x09, 0x0e, 0x1d, 0x10, 0x0d, 0x1b, 0x0f, 0x0c, 0x19, 0x0e, 0x0c, 0x17, 0x0d, 0x0b
.byte 0x16, 0x0c, 0x0c, 0x16, 0x0c, 0x0b, 0x15, 0x0b, 0x0b, 0x14, 0x0b, 0x0b, 0x14, 0x0b, 0x0a, 0x13
.byte 0x0a, 0x0a, 0x12, 0x0a, 0x0a, 0x11, 0x0a, 0x09, 0x11, 0x09, 0x09, 0x10, 0x09, 0x09, 0x10, 0x09
.byte 0x08, 0x0f, 0x08, 0x08, 0x0e, 0x08, 0x08, 0x0e, 0x08, 0x08, 0x0e, 0x08, 0x08, 0x0d, 0x07, 0x07
.byte 0x0d, 0x07, 0x07, 0x0d, 0x07, 0x07, 0x0c, 0x07, 0x07, 0x0c, 0x07, 0x07, 0x0c, 0x07, 0x06, 0x0b
.byte 0x06, 0x06, 0x0b, 0x05, 0x06, 0x0b, 0x05, 0x06, 0x0b, 0x05, 0x06, 0x0a, 0x05, 0x06, 0x0a, 0x05
.byte 0x05, 0x0a, 0x04, 0x05, 0x08, 0x04, 0x04, 0x08, 0x04, 0x00, 0x00, 0x00, 0x00, 0x00, 0x00, 0x00
.byte 0x00, 0x00, 0x00, 0x00, 0x00, 0x00, 0x00, 0x00, 0x00, 0x00, 0x00, 0x00, 0x00, 0x00, 0x00, 0x00
.byte 0x00, 0x00, 0x00, 0x00, 0x00, 0x00, 0x00, 0x00, 0x00, 0x00, 0x00, 0x00, 0x00, 0x00, 0x00, 0x00
.byte 0x00, 0x00, 0x00, 0x00, 0x00, 0x00, 0x00, 0x00, 0x00, 0x00, 0x00, 0x00, 0x00, 0x00, 0x00, 0x00
.byte 0x00, 0x00, 0x00, 0x00, 0x00, 0x00, 0x00, 0x00, 0x00, 0x00, 0x00, 0x00, 0x00, 0x00, 0x00, 0x00
.byte 0x00, 0x00, 0x00, 0x00, 0x00, 0x00, 0x00, 0x00, 0x00, 0x00, 0x00, 0x00, 0x00, 0x00, 0x00, 0x00
.byte 0x00, 0x00, 0x00, 0x00, 0x00, 0x00, 0x00, 0x00, 0x00, 0x00, 0x00, 0x00, 0x00, 0x00, 0x00, 0x00
.byte 0x00, 0x00, 0x00, 0x00, 0x00, 0x00, 0x00, 0x00, 0x00, 0x00, 0x00, 0x00, 0x00, 0x00, 0x00, 0x00
.byte 0x00, 0x00, 0x00, 0x00, 0x00, 0x00, 0x00, 0x00, 0x00, 0x00, 0x00, 0x00, 0x00, 0x00, 0x00, 0x00
.byte 0x00, 0x00, 0x00, 0x00, 0x00, 0x00, 0x00, 0x00, 0x00, 0x00, 0x00, 0x00, 0x00, 0x00, 0x00, 0x00
.byte 0x00, 0x00, 0x00, 0x00, 0x00, 0x00, 0x00, 0x00, 0x00, 0x00, 0x00, 0x00, 0x00, 0x00, 0x00, 0x00
.byte 0x00, 0x00, 0x00, 0x00, 0x00, 0x00, 0x00, 0x00, 0x00, 0x00, 0x00, 0x00, 0x00, 0x00, 0x00, 0x00
.byte 0x00, 0x00, 0x00, 0x00, 0x00, 0x00, 0x00, 0x00, 0x00, 0x00, 0x00, 0x00, 0x00, 0x00, 0x00, 0x00
.byte 0x00, 0x00, 0x00, 0x00, 0x00, 0x00, 0x00, 0x00, 0x00, 0x00, 0x00, 0x00, 0x00, 0x00, 0x00, 0x00
.byte 0x00, 0x00, 0x00, 0x00, 0x06, 0x0b, 0x06, 0x0d, 0x1b, 0x0e, 0x0e, 0x1d, 0x0f, 0x0d, 0x1a, 0x0d
.byte 0x0c, 0x17, 0x0c, 0x0c, 0x16, 0x0c, 0x0b, 0x15, 0x0b, 0x0b, 0x15, 0x0b, 0x0a, 0x14, 0x0a, 0x0b
.byte 0x13, 0x0a, 0x0b, 0x12, 0x0a, 0x0a, 0x12, 0x09, 0x0a, 0x11, 0x09, 0x0a, 0x10, 0x09, 0x09, 0x10
.byte 0x08, 0x09, 0x10, 0x08, 0x09, 0x0f, 0x08, 0x08, 0x0f, 0x07, 0x08, 0x0e, 0x07, 0x08, 0x0e, 0x07
.byte 0x07, 0x0d, 0x06, 0x07, 0x0d, 0x06, 0x07, 0x0d, 0x06, 0x07, 0x0c, 0x06, 0x07, 0x0c, 0x06, 0x06
.byte 0x0b, 0x05, 0x06, 0x0b, 0x05, 0x06, 0x0b, 0x05, 0x06, 0x0b, 0x05, 0x06, 0x0a, 0x05, 0x06, 0x0a
.byte 0x05, 0x05, 0x0a, 0x05, 0x05, 0x09, 0x04, 0x05, 0x08, 0x04, 0x04, 0x08, 0x04, 0x04, 0x06, 0x03
.byte 0x02, 0x05, 0x02, 0x00, 0x00, 0x00, 0x00, 0x00, 0x00, 0x00, 0x00, 0x00, 0x00, 0x00, 0x00, 0x00
.byte 0x00, 0x00, 0x00, 0x00, 0x00, 0x00, 0x00, 0x00, 0x00, 0x00, 0x00, 0x00, 0x00, 0x00, 0x00, 0x00
.byte 0x00, 0x00, 0x00, 0x00, 0x00, 0x00, 0x00, 0x00, 0x00, 0x00, 0x00, 0x00, 0x00, 0x00, 0x00, 0x00
.byte 0x00, 0x00, 0x00, 0x00, 0x00, 0x00, 0x00, 0x00, 0x00, 0x00, 0x00, 0x00, 0x00, 0x00, 0x00, 0x00
.byte 0x00, 0x00, 0x00, 0x00, 0x00, 0x00, 0x00, 0x00, 0x00, 0x00, 0x00, 0x00, 0x00, 0x00, 0x00, 0x00
.byte 0x00, 0x00, 0x00, 0x00, 0x00, 0x00, 0x00, 0x00, 0x00, 0x00, 0x00, 0x00, 0x00, 0x00, 0x00, 0x00
.byte 0x00, 0x00, 0x00, 0x00, 0x00, 0x00, 0x00, 0x00, 0x00, 0x00, 0x00, 0x00, 0x00, 0x00, 0x00, 0x00
.byte 0x00, 0x00, 0x00, 0x00, 0x00, 0x00, 0x00, 0x00, 0x00, 0x00, 0x00, 0x00, 0x00, 0x00, 0x00, 0x00
.byte 0x00, 0x00, 0x00, 0x00, 0x00, 0x00, 0x00, 0x00, 0x00, 0x00, 0x00, 0x00, 0x00, 0x00, 0x00, 0x00
.byte 0x00, 0x00, 0x00, 0x00, 0x00, 0x00, 0x00, 0x00, 0x00, 0x00, 0x00, 0x00, 0x00, 0x00, 0x00, 0x00
.byte 0x00, 0x00, 0x00, 0x00, 0x00, 0x00, 0x00, 0x00, 0x00, 0x00, 0x00, 0x00, 0x00, 0x00, 0x00, 0x00
.byte 0x00, 0x00, 0x00, 0x00, 0x00, 0x00, 0x00, 0x00, 0x00, 0x00, 0x00, 0x00, 0x00, 0x00, 0x00, 0x00
.byte 0x00, 0x00, 0x00, 0x00, 0x00, 0x00, 0x00, 0x00, 0x00, 0x00, 0x00, 0x00, 0x00, 0x00, 0x00, 0x00
.byte 0x00, 0x00, 0x00, 0x00, 0x00, 0x00, 0x00, 0x00, 0x00, 0x00, 0x00, 0x06, 0x0d, 0x06, 0x0f, 0x20
.byte 0x11, 0x0f, 0x1d, 0x0f, 0x0d, 0x1a, 0x0e, 0x0c, 0x18, 0x0c, 0x0c, 0x16, 0x0c, 0x0b, 0x16, 0x0b
.byte 0x0b, 0x15, 0x0b, 0x0a, 0x14, 0x0a, 0x0a, 0x13, 0x0a, 0x09, 0x12, 0x0a, 0x09, 0x11, 0x09, 0x09
.byte 0x11, 0x09, 0x0a, 0x10, 0x09, 0x09, 0x10, 0x08, 0x09, 0x0f, 0x08, 0x09, 0x0e, 0x08, 0x08, 0x0d
.byte 0x07, 0x08, 0x0d, 0x07, 0x07, 0x0c, 0x07, 0x07, 0x0c, 0x06, 0x07, 0x0c, 0x06, 0x07, 0x0c, 0x06
.byte 0x07, 0x0c, 0x06, 0x06, 0x0b, 0x05, 0x06, 0x0b, 0x05, 0x06, 0x0a, 0x05, 0x06, 0x0a, 0x05, 0x06
.byte 0x0a, 0x05, 0x05, 0x0a, 0x05, 0x05, 0x09, 0x05, 0x05, 0x09, 0x05, 0x05, 0x08, 0x05, 0x04, 0x07
.byte 0x04, 0x04, 0x06, 0x04, 0x02, 0x05, 0x03, 0x02, 0x04, 0x02, 0x02, 0x03, 0x02, 0x00, 0x00, 0x00
.byte 0x00, 0x00, 0x00, 0x00, 0x00, 0x00, 0x00, 0x00, 0x00, 0x00, 0x00, 0x00, 0x00, 0x00, 0x00, 0x00
.byte 0x00, 0x00, 0x00, 0x00, 0x00, 0x00, 0x00, 0x00, 0x00, 0x00, 0x00, 0x00, 0x00, 0x00, 0x00, 0x00
.byte 0x00, 0x00, 0x00, 0x00, 0x00, 0x00, 0x00, 0x00, 0x00, 0x00, 0x00, 0x00, 0x00, 0x00, 0x00, 0x00
.byte 0x00, 0x00, 0x00, 0x00, 0x00, 0x00, 0x00, 0x00, 0x00, 0x03, 0x07, 0x04, 0x04, 0x0a, 0x06, 0x01
.byte 0x02, 0x01, 0x00, 0x00, 0x00, 0x00, 0x00, 0x00, 0x00, 0x00, 0x00, 0x00, 0x00, 0x00, 0x00, 0x00
.byte 0x00, 0x00, 0x00, 0x00, 0x00, 0x00, 0x00, 0x00, 0x00, 0x00, 0x00, 0x00, 0x00, 0x00, 0x00, 0x00
.byte 0x00, 0x00, 0x00, 0x00, 0x00, 0x00, 0x00, 0x00, 0x00, 0x00, 0x00, 0x00, 0x00, 0x00, 0x00, 0x00
.byte 0x00, 0x00, 0x00, 0x00, 0x00, 0x00, 0x00, 0x00, 0x00, 0x00, 0x00, 0x00, 0x00, 0x00, 0x00, 0x00
.byte 0x00, 0x00, 0x00, 0x00, 0x00, 0x00, 0x00, 0x00, 0x00, 0x00, 0x00, 0x00, 0x00, 0x00, 0x00, 0x00
.byte 0x00, 0x00, 0x00, 0x00, 0x00, 0x00, 0x00, 0x00, 0x00, 0x00, 0x00, 0x00, 0x00, 0x00, 0x00, 0x00
.byte 0x00, 0x00, 0x00, 0x00, 0x00, 0x00, 0x00, 0x00, 0x00, 0x00, 0x00, 0x00, 0x00, 0x00, 0x00, 0x00
.byte 0x00, 0x00, 0x00, 0x00, 0x00, 0x00, 0x00, 0x00, 0x00, 0x00, 0x00, 0x00, 0x00, 0x00, 0x00, 0x00
.byte 0x00, 0x00, 0x00, 0x00, 0x00, 0x00, 0x00, 0x00, 0x00, 0x00, 0x00, 0x00, 0x00, 0x00, 0x00, 0x00
.byte 0x00, 0x00, 0x08, 0x10, 0x08, 0x10, 0x21, 0x11, 0x0f, 0x1d, 0x0f, 0x0d, 0x1a, 0x0e, 0x0c, 0x18
.byte 0x0d, 0x0c, 0x17, 0x0c, 0x0b, 0x16, 0x0b, 0x0b, 0x15, 0x0b, 0x0a, 0x14, 0x0a, 0x0a, 0x13, 0x0a
.byte 0x0a, 0x12, 0x0a, 0x09, 0x11, 0x09, 0x09, 0x11, 0x09, 0x08, 0x10, 0x08, 0x08, 0x0f, 0x08, 0x08
.byte 0x0f, 0x08, 0x08, 0x0e, 0x08, 0x07, 0x0e, 0x07, 0x07, 0x0d, 0x07, 0x06, 0x0c, 0x06, 0x06, 0x0c
.byte 0x06, 0x06, 0x0b, 0x06, 0x07, 0x0b, 0x06, 0x06, 0x0a, 0x06, 0x06, 0x0a, 0x05, 0x06, 0x0a, 0x05
.byte 0x06, 0x09, 0x05, 0x06, 0x09, 0x05, 0x05, 0x08, 0x04, 0x04, 0x07, 0x04, 0x04, 0x06, 0x03, 0x04
.byte 0x07, 0x03, 0x04, 0x06, 0x03, 0x03, 0x06, 0x03, 0x02, 0x04, 0x02, 0x02, 0x04, 0x02, 0x02, 0x03
.byte 0x01, 0x01, 0x02, 0x01, 0x00, 0x01, 0x00, 0x00, 0x00, 0x00, 0x00, 0x00, 0x00, 0x00, 0x00, 0x00
.byte 0x00, 0x00, 0x00, 0x00, 0x00, 0x00, 0x00, 0x00, 0x00, 0x00, 0x00, 0x00, 0x00, 0x00, 0x00, 0x00
.byte 0x00, 0x00, 0x00, 0x00, 0x00, 0x00, 0x00, 0x00, 0x00, 0x00, 0x00, 0x00, 0x00, 0x00, 0x00, 0x00
.byte 0x00, 0x00, 0x00, 0x00, 0x00, 0x00, 0x00, 0x00, 0x00, 0x00, 0x00, 0x00, 0x00, 0x00, 0x00, 0x00
.byte 0x00, 0x00, 0x00, 0x0f, 0x23, 0x13, 0x11, 0x29, 0x15, 0x0c, 0x1d, 0x10, 0x05, 0x0d, 0x07, 0x00
.byte 0x00, 0x00, 0x00, 0x00, 0x00, 0x00, 0x00, 0x00, 0x00, 0x00, 0x00, 0x00, 0x00, 0x00, 0x00, 0x00
.byte 0x00, 0x00, 0x00, 0x00, 0x00, 0x00, 0x00, 0x00, 0x00, 0x00, 0x00, 0x00, 0x00, 0x00, 0x00, 0x00
.byte 0x00, 0x00, 0x00, 0x00, 0x00, 0x00, 0x00, 0x00, 0x00, 0x00, 0x00, 0x00, 0x00, 0x00, 0x00, 0x00
.byte 0x00, 0x00, 0x00, 0x00, 0x00, 0x00, 0x00, 0x00, 0x00, 0x00, 0x00, 0x00, 0x00, 0x00, 0x00, 0x00
.byte 0x00, 0x00, 0x00, 0x00, 0x00, 0x00, 0x00, 0x00, 0x00, 0x00, 0x00, 0x00, 0x00, 0x00, 0x00, 0x00
.byte 0x00, 0x00, 0x00, 0x00, 0x00, 0x00, 0x00, 0x00, 0x00, 0x00, 0x00, 0x00, 0x00, 0x00, 0x00, 0x00
.byte 0x00, 0x00, 0x00, 0x00, 0x00, 0x00, 0x00, 0x00, 0x00, 0x00, 0x00, 0x00, 0x00, 0x00, 0x00, 0x00
.byte 0x00, 0x00, 0x00, 0x00, 0x00, 0x00, 0x00, 0x00, 0x00, 0x00, 0x00, 0x00, 0x00, 0x00, 0x00, 0x00
.byte 0x00, 0x00, 0x00, 0x00, 0x00, 0x00, 0x01, 0x02, 0x01, 0x0a, 0x14, 0x0a, 0x10, 0x20, 0x11, 0x0e
.byte 0x1d, 0x0f, 0x0d, 0x1a, 0x0e, 0x0d, 0x19, 0x0e, 0x0c, 0x17, 0x0d, 0x0b, 0x16, 0x0d, 0x0b, 0x15
.byte 0x0c, 0x0a, 0x14, 0x0b, 0x0a, 0x13, 0x0b, 0x09, 0x12, 0x0b, 0x09, 0x12, 0x0a, 0x09, 0x11, 0x0a
.byte 0x08, 0x10, 0x09, 0x08, 0x0f, 0x09, 0x08, 0x0f, 0x09, 0x08, 0x0e, 0x09, 0x07, 0x0e, 0x08, 0x07
.byte 0x0d, 0x08, 0x07, 0x0c, 0x07, 0x06, 0x0b, 0x07, 0x06, 0x0b, 0x07, 0x06, 0x0a, 0x06, 0x06, 0x0a
.byte 0x06, 0x06, 0x09, 0x06, 0x06, 0x09, 0x06, 0x06, 0x09, 0x06, 0x05, 0x08, 0x05, 0x04, 0x07, 0x04
.byte 0x04, 0x06, 0x04, 0x03, 0x05, 0x03, 0x03, 0x04, 0x03, 0x02, 0x04, 0x02, 0x02, 0x04, 0x02, 0x02
.byte 0x03, 0x02, 0x02, 0x03, 0x02, 0x02, 0x03, 0x02, 0x01, 0x02, 0x01, 0x00, 0x01, 0x00, 0x00, 0x00
.byte 0x00, 0x00, 0x00, 0x00, 0x00, 0x00, 0x00, 0x00, 0x00, 0x00, 0x00, 0x00, 0x00, 0x00, 0x00, 0x00
.byte 0x00, 0x00, 0x00, 0x00, 0x00, 0x00, 0x00, 0x00, 0x00, 0x00, 0x00, 0x00, 0x00, 0x00, 0x00, 0x00
.byte 0x00, 0x00, 0x00, 0x00, 0x00, 0x00, 0x00, 0x00, 0x00, 0x00, 0x00, 0x00, 0x00, 0x00, 0x00, 0x00
.byte 0x00, 0x00, 0x00, 0x00, 0x00, 0x00, 0x00, 0x00, 0x00, 0x00, 0x00, 0x00, 0x00, 0x10, 0x25, 0x14
.byte 0x11, 0x28, 0x15, 0x11, 0x28, 0x15, 0x11, 0x29, 0x15, 0x0b, 0x1b, 0x0f, 0x04, 0x0b, 0x06, 0x00
.byte 0x00, 0x00, 0x00, 0x00, 0x00, 0x00, 0x00, 0x00, 0x00, 0x00, 0x00, 0x00, 0x00, 0x00, 0x00, 0x00
.byte 0x00, 0x00, 0x00, 0x00, 0x00, 0x00, 0x00, 0x00, 0x00, 0x00, 0x00, 0x00, 0x00, 0x00, 0x00, 0x00
.byte 0x00, 0x00, 0x00, 0x00, 0x00, 0x00, 0x00, 0x00, 0x00, 0x00, 0x00, 0x00, 0x00, 0x00, 0x00, 0x00
.byte 0x00, 0x00, 0x00, 0x00, 0x00, 0x00, 0x00, 0x00, 0x00, 0x00, 0x00, 0x00, 0x00, 0x00, 0x00, 0x00
.byte 0x00, 0x00, 0x00, 0x00, 0x00, 0x00, 0x00, 0x00, 0x00, 0x00, 0x00, 0x00, 0x00, 0x00, 0x00, 0x00
.byte 0x00, 0x00, 0x00, 0x00, 0x00, 0x00, 0x00, 0x00, 0x00, 0x00, 0x00, 0x00, 0x00, 0x00, 0x00, 0x00
.byte 0x00, 0x00, 0x00, 0x00, 0x00, 0x00, 0x00, 0x00, 0x00, 0x00, 0x00, 0x00, 0x00, 0x00, 0x00, 0x00
.byte 0x00, 0x00, 0x00, 0x00, 0x00, 0x00, 0x00, 0x00, 0x00, 0x00, 0x00, 0x00, 0x00, 0x01, 0x02, 0x01
.byte 0x0b, 0x16, 0x0b, 0x0f, 0x1f, 0x10, 0x0e, 0x1d, 0x0f, 0x0d, 0x1b, 0x0e, 0x0d, 0x19, 0x0d, 0x0c
.byte 0x18, 0x0c, 0x0c, 0x16, 0x0c, 0x0b, 0x15, 0x0b, 0x0b, 0x14, 0x0b, 0x0a, 0x13, 0x0a, 0x0a, 0x12
.byte 0x0a, 0x09, 0x11, 0x09, 0x09, 0x11, 0x09, 0x08, 0x10, 0x08, 0x08, 0x0f, 0x08, 0x08, 0x0f, 0x08
.byte 0x07, 0x0e, 0x08, 0x07, 0x0e, 0x07, 0x07, 0x0d, 0x07, 0x07, 0x0d, 0x08, 0x06, 0x0c, 0x07, 0x06
.byte 0x0b, 0x07, 0x05, 0x0a, 0x06, 0x05, 0x09, 0x06, 0x05, 0x09, 0x06, 0x04, 0x08, 0x05, 0x04, 0x09
.byte 0x05, 0x03, 0x07, 0x04, 0x03, 0x06, 0x04, 0x03, 0x06, 0x03, 0x02, 0x05, 0x03, 0x02, 0x04, 0x02
.byte 0x01, 0x03, 0x02, 0x02, 0x03, 0x02, 0x02, 0x03, 0x02, 0x01, 0x02, 0x01, 0x01, 0x01, 0x01, 0x01
.byte 0x01, 0x01, 0x00, 0x00, 0x00, 0x00, 0x00, 0x00, 0x00, 0x00, 0x00, 0x00, 0x00, 0x00, 0x00, 0x00
.byte 0x00, 0x00, 0x00, 0x00, 0x00, 0x00, 0x00, 0x00, 0x00, 0x00, 0x00, 0x00, 0x00, 0x00, 0x00, 0x00
.byte 0x00, 0x00, 0x00, 0x00, 0x00, 0x00, 0x00, 0x00, 0x00, 0x00, 0x00, 0x00, 0x00, 0x00, 0x00, 0x00
.byte 0x00, 0x00, 0x00, 0x00, 0x00, 0x00, 0x00, 0x00, 0x00, 0x00, 0x00, 0x00, 0x00, 0x00, 0x00, 0x00
.byte 0x00, 0x00, 0x00, 0x00, 0x06, 0x0e, 0x08, 0x10, 0x24, 0x13, 0x11, 0x25, 0x14, 0x11, 0x25, 0x14
.byte 0x11, 0x25, 0x14, 0x11, 0x27, 0x15, 0x11, 0x28, 0x15, 0x07, 0x11, 0x09, 0x00, 0x00, 0x00, 0x00
.byte 0x00, 0x00, 0x00, 0x00, 0x00, 0x00, 0x00, 0x00, 0x00, 0x00, 0x00, 0x00, 0x00, 0x00, 0x00, 0x00
.byte 0x00, 0x00, 0x00, 0x00, 0x00, 0x00, 0x00, 0x00, 0x00, 0x00, 0x00, 0x00, 0x00, 0x00, 0x00, 0x00
.byte 0x00, 0x00, 0x00, 0x00, 0x00, 0x00, 0x00, 0x00, 0x00, 0x00, 0x00, 0x00, 0x00, 0x00, 0x00, 0x00
.byte 0x00, 0x00, 0x00, 0x00, 0x00, 0x00, 0x00, 0x00, 0x00, 0x00, 0x00, 0x00, 0x00, 0x00, 0x00, 0x00
.byte 0x00, 0x00, 0x00, 0x00, 0x00, 0x00, 0x00, 0x00, 0x00, 0x00, 0x00, 0x00, 0x00, 0x00, 0x00, 0x00
.byte 0x00, 0x00, 0x00, 0x00, 0x00, 0x00, 0x00, 0x00, 0x00, 0x00, 0x00, 0x00, 0x00, 0x00, 0x00, 0x00
.byte 0x00, 0x00, 0x00, 0x00, 0x00, 0x00, 0x00, 0x00, 0x00, 0x00, 0x00, 0x00, 0x00, 0x00, 0x00, 0x00
.byte 0x00, 0x00, 0x00, 0x00, 0x01, 0x02, 0x01, 0x0b, 0x17, 0x0c, 0x10, 0x20, 0x11, 0x0e, 0x1d, 0x0f
.byte 0x0e, 0x1b, 0x0e, 0x0d, 0x1a, 0x0d, 0x0c, 0x18, 0x0d, 0x0c, 0x17, 0x0c, 0x0b, 0x16, 0x0b, 0x0b
.byte 0x15, 0x0b, 0x0a, 0x14, 0x0a, 0x0a, 0x12, 0x0a, 0x09, 0x12, 0x09, 0x09, 0x11, 0x09, 0x08, 0x10
.byte 0x08, 0x08, 0x0f, 0x08, 0x08, 0x0f, 0x08, 0x08, 0x0e, 0x08, 0x07, 0x0e, 0x07, 0x07, 0x0d, 0x07
.byte 0x07, 0x0d, 0x07, 0x06, 0x0c, 0x06, 0x06, 0x0c, 0x06, 0x06, 0x0a, 0x06, 0x05, 0x09, 0x05, 0x04
.byte 0x09, 0x05, 0x04, 0x07, 0x04, 0x03, 0x06, 0x03, 0x03, 0x05, 0x03, 0x02, 0x04, 0x02, 0x02, 0x04
.byte 0x02, 0x01, 0x03, 0x01, 0x02, 0x02, 0x01, 0x01, 0x02, 0x01, 0x01, 0x02, 0x01, 0x01, 0x01, 0x01
.byte 0x00, 0x01, 0x00, 0x00, 0x00, 0x00, 0x00, 0x00, 0x00, 0x00, 0x00, 0x00, 0x00, 0x00, 0x00, 0x00
.byte 0x00, 0x00, 0x00, 0x00, 0x00, 0x00, 0x00, 0x00, 0x00, 0x00, 0x00, 0x00, 0x00, 0x00, 0x00, 0x00
.byte 0x00, 0x00, 0x00, 0x00, 0x00, 0x00, 0x00, 0x00, 0x00, 0x00, 0x00, 0x00, 0x00, 0x00, 0x00, 0x00
.byte 0x00, 0x00, 0x00, 0x00, 0x00, 0x00, 0x00, 0x00, 0x00, 0x00, 0x00, 0x00, 0x00, 0x00, 0x00, 0x00
.byte 0x00, 0x00, 0x00, 0x00, 0x00, 0x00, 0x00, 0x00, 0x00, 0x00, 0x00, 0x00, 0x00, 0x00, 0x0c, 0x1b
.byte 0x0e, 0x10, 0x23, 0x12, 0x10, 0x22, 0x12, 0x10, 0x22, 0x12, 0x10, 0x22, 0x12, 0x11, 0x23, 0x13
.byte 0x11, 0x25, 0x13, 0x11, 0x27, 0x15, 0x0d, 0x1f, 0x11, 0x05, 0x0d, 0x07, 0x00, 0x00, 0x00, 0x00
.byte 0x00, 0x00, 0x00, 0x00, 0x00, 0x00, 0x00, 0x00, 0x00, 0x00, 0x00, 0x00, 0x00, 0x00, 0x00, 0x00
.byte 0x00, 0x00, 0x00, 0x00, 0x00, 0x00, 0x00, 0x00, 0x00, 0x00, 0x00, 0x00, 0x00, 0x00, 0x00, 0x00
.byte 0x00, 0x00, 0x00, 0x00, 0x00, 0x00, 0x00, 0x00, 0x00, 0x00, 0x00, 0x00, 0x00, 0x00, 0x00, 0x00
.byte 0x00, 0x00, 0x00, 0x00, 0x00, 0x00, 0x00, 0x00, 0x00, 0x00, 0x00, 0x00, 0x00, 0x00, 0x00, 0x00
.byte 0x00, 0x00, 0x00, 0x00, 0x00, 0x00, 0x00, 0x00, 0x00, 0x00, 0x00, 0x00, 0x00, 0x00, 0x00, 0x00
.byte 0x00, 0x00, 0x00, 0x00, 0x00, 0x00, 0x00, 0x00, 0x00, 0x00, 0x00, 0x00, 0x00, 0x00, 0x00, 0x00
.byte 0x00, 0x00, 0x00, 0x00, 0x00, 0x00, 0x00, 0x00, 0x00, 0x00, 0x00, 0x00, 0x00, 0x00, 0x0a, 0x15
.byte 0x0b, 0x10, 0x21, 0x11, 0x0f, 0x1e, 0x10, 0x0e, 0x1b, 0x0e, 0x0d, 0x1a, 0x0d, 0x0c, 0x19, 0x0d
.byte 0x0c, 0x17, 0x0c, 0x0b, 0x16, 0x0c, 0x0b, 0x15, 0x0b, 0x0a, 0x14, 0x0b, 0x0a, 0x13, 0x0a, 0x09
.byte 0x12, 0x09, 0x09, 0x11, 0x09, 0x09, 0x10, 0x0a, 0x08, 0x10, 0x09, 0x08, 0x0f, 0x09, 0x07, 0x0e
.byte 0x08, 0x07, 0x0e, 0x08, 0x07, 0x0d, 0x08, 0x07, 0x0c, 0x08, 0x06, 0x0c, 0x07, 0x06, 0x0b, 0x07
.byte 0x06, 0x0b, 0x07, 0x05, 0x0a, 0x06, 0x05, 0x09, 0x06, 0x04, 0x08, 0x05, 0x03, 0x05, 0x04, 0x03
.byte 0x05, 0x03, 0x02, 0x04, 0x03, 0x01, 0x03, 0x02, 0x01, 0x02, 0x02, 0x01, 0x02, 0x01, 0x01, 0x01
.byte 0x01, 0x01, 0x01, 0x01, 0x00, 0x01, 0x00, 0x00, 0x01, 0x00, 0x00, 0x00, 0x00, 0x00, 0x00, 0x00
.byte 0x00, 0x00, 0x00, 0x00, 0x00, 0x00, 0x00, 0x00, 0x00, 0x00, 0x00, 0x00, 0x00, 0x00, 0x00, 0x00
.byte 0x00, 0x00, 0x00, 0x00, 0x00, 0x00, 0x00, 0x00, 0x00, 0x00, 0x00, 0x00, 0x00, 0x00, 0x00, 0x00
.byte 0x00, 0x00, 0x00, 0x00, 0x00, 0x00, 0x00, 0x00, 0x00, 0x00, 0x00, 0x00, 0x00, 0x00, 0x00, 0x00
.byte 0x00, 0x00, 0x00, 0x00, 0x00, 0x00, 0x00, 0x00, 0x00, 0x00, 0x00, 0x00, 0x00, 0x00, 0x00, 0x00
.byte 0x00, 0x00, 0x00, 0x00, 0x00, 0x00, 0x00, 0x00, 0x0f, 0x21, 0x11, 0x0f, 0x21, 0x11, 0x0f, 0x20
.byte 0x11, 0x0f, 0x20, 0x11, 0x10, 0x21, 0x11, 0x10, 0x22, 0x12, 0x10, 0x22, 0x12, 0x11, 0x24, 0x13
.byte 0x11, 0x27, 0x15, 0x10, 0x27, 0x15, 0x07, 0x12, 0x0a, 0x00, 0x00, 0x00, 0x00, 0x00, 0x00, 0x00
.byte 0x00, 0x00, 0x00, 0x00, 0x00, 0x00, 0x00, 0x00, 0x00, 0x00, 0x00, 0x00, 0x00, 0x00, 0x00, 0x00
.byte 0x00, 0x00, 0x00, 0x00, 0x00, 0x00, 0x00, 0x00, 0x00, 0x00, 0x00, 0x00, 0x00, 0x00, 0x00, 0x00
.byte 0x00, 0x00, 0x00, 0x00, 0x00, 0x00, 0x00, 0x00, 0x00, 0x00, 0x00, 0x00, 0x00, 0x00, 0x00, 0x00
.byte 0x00, 0x00, 0x00, 0x00, 0x00, 0x00, 0x00, 0x00, 0x00, 0x00, 0x00, 0x00, 0x00, 0x00, 0x00, 0x00
.byte 0x00, 0x00, 0x00, 0x00, 0x00, 0x00, 0x00, 0x00, 0x00, 0x00, 0x00, 0x00, 0x00, 0x00, 0x00, 0x00
.byte 0x00, 0x00, 0x00, 0x00, 0x00, 0x00, 0x00, 0x00, 0x00, 0x00, 0x00, 0x00, 0x00, 0x00, 0x00, 0x00
.byte 0x00, 0x00, 0x00, 0x00, 0x00, 0x09, 0x11, 0x09, 0x10, 0x21, 0x12, 0x0f, 0x1d, 0x10, 0x0e, 0x1b
.byte 0x0f, 0x0d, 0x1b, 0x0e, 0x0d, 0x19, 0x0d, 0x0c, 0x18, 0x0d, 0x0c, 0x17, 0x0c, 0x0b, 0x16, 0x0b
.byte 0x0b, 0x15, 0x0b, 0x0a, 0x14, 0x0a, 0x0a, 0x13, 0x0a, 0x09, 0x11, 0x09, 0x09, 0x11, 0x09, 0x08
.byte 0x10, 0x08, 0x08, 0x0f, 0x08, 0x07, 0x0e, 0x07, 0x07, 0x0d, 0x07, 0x07, 0x0d, 0x07, 0x06, 0x0c
.byte 0x07, 0x06, 0x0c, 0x06, 0x06, 0x0b, 0x06, 0x06, 0x0b, 0x06, 0x05, 0x0a, 0x05, 0x05, 0x0a, 0x05
.byte 0x04, 0x09, 0x05, 0x03, 0x05, 0x03, 0x02, 0x04, 0x02, 0x01, 0x03, 0x01, 0x01, 0x02, 0x01, 0x01
.byte 0x02, 0x01, 0x00, 0x01, 0x00, 0x00, 0x01, 0x00, 0x00, 0x00, 0x00, 0x00, 0x00, 0x00, 0x00, 0x00
.byte 0x00, 0x00, 0x00, 0x00, 0x00, 0x00, 0x00, 0x00, 0x00, 0x00, 0x00, 0x00, 0x00, 0x00, 0x00, 0x00
.byte 0x00, 0x00, 0x00, 0x00, 0x00, 0x00, 0x00, 0x00, 0x00, 0x00, 0x00, 0x00, 0x00, 0x00, 0x00, 0x00
.byte 0x00, 0x00, 0x00, 0x00, 0x00, 0x00, 0x00, 0x00, 0x00, 0x00, 0x00, 0x00, 0x00, 0x00, 0x00, 0x00
.byte 0x00, 0x00, 0x00, 0x00, 0x00, 0x00, 0x00, 0x00, 0x00, 0x00, 0x00, 0x00, 0x00, 0x00, 0x00, 0x00
.byte 0x00, 0x00, 0x00, 0x00, 0x00, 0x00, 0x00, 0x00, 0x00, 0x00, 0x00, 0x00, 0x00, 0x00, 0x00, 0x00
.byte 0x00, 0x00, 0x0f, 0x20, 0x11, 0x0f, 0x1f, 0x11, 0x0f, 0x1f, 0x10, 0x0f, 0x1f, 0x11, 0x0f, 0x20
.byte 0x11, 0x0f, 0x20, 0x11, 0x0f, 0x21, 0x11, 0x10, 0x22, 0x12, 0x11, 0x24, 0x13, 0x11, 0x27, 0x14
.byte 0x11, 0x29, 0x16, 0x09, 0x17, 0x0c, 0x00, 0x00, 0x00, 0x00, 0x00, 0x00, 0x00, 0x00, 0x00, 0x00
.byte 0x00, 0x00, 0x00, 0x00, 0x00, 0x00, 0x00, 0x00, 0x00, 0x00, 0x00, 0x00, 0x00, 0x00, 0x00, 0x00
.byte 0x00, 0x00, 0x00, 0x00, 0x00, 0x00, 0x00, 0x00, 0x00, 0x00, 0x00, 0x00, 0x00, 0x00, 0x00, 0x00
.byte 0x00, 0x00, 0x00, 0x00, 0x00, 0x00, 0x00, 0x00, 0x00, 0x00, 0x00, 0x00, 0x00, 0x00, 0x00, 0x00
.byte 0x00, 0x00, 0x00, 0x00, 0x00, 0x00, 0x00, 0x00, 0x00, 0x00, 0x00, 0x00, 0x00, 0x00, 0x00, 0x00
.byte 0x00, 0x00, 0x00, 0x00, 0x00, 0x00, 0x00, 0x00, 0x00, 0x00, 0x00, 0x00, 0x00, 0x00, 0x00, 0x00
.byte 0x00, 0x00, 0x00, 0x00, 0x00, 0x00, 0x00, 0x00, 0x00, 0x00, 0x00, 0x00, 0x07, 0x0e, 0x08, 0x10
.byte 0x22, 0x12, 0x0f, 0x1e, 0x10, 0x0e, 0x1d, 0x0f, 0x0e, 0x1b, 0x0e, 0x0d, 0x1a, 0x0e, 0x0d, 0x19
.byte 0x0d, 0x0c, 0x18, 0x0c, 0x0c, 0x17, 0x0c, 0x0b, 0x16, 0x0b, 0x0b, 0x15, 0x0b, 0x0a, 0x13, 0x0a
.byte 0x09, 0x12, 0x0a, 0x09, 0x11, 0x09, 0x08, 0x10, 0x08, 0x08, 0x0f, 0x08, 0x07, 0x0e, 0x08, 0x07
.byte 0x0e, 0x07, 0x07, 0x0d, 0x07, 0x06, 0x0c, 0x07, 0x06, 0x0c, 0x06, 0x06, 0x0b, 0x06, 0x05, 0x0a
.byte 0x06, 0x05, 0x0a, 0x05, 0x05, 0x0a, 0x05, 0x05, 0x09, 0x05, 0x04, 0x09, 0x05, 0x02, 0x04, 0x02
.byte 0x01, 0x02, 0x01, 0x01, 0x02, 0x01, 0x01, 0x01, 0x01, 0x00, 0x00, 0x00, 0x00, 0x00, 0x00, 0x00
.byte 0x00, 0x00, 0x00, 0x00, 0x00, 0x00, 0x00, 0x00, 0x00, 0x00, 0x00, 0x00, 0x00, 0x00, 0x00, 0x00
.byte 0x00, 0x00, 0x00, 0x00, 0x00, 0x00, 0x00, 0x00, 0x00, 0x00, 0x00, 0x00, 0x00, 0x00, 0x00, 0x00
.byte 0x00, 0x00, 0x00, 0x00, 0x00, 0x00, 0x00, 0x00, 0x00, 0x00, 0x00, 0x00, 0x00, 0x00, 0x00, 0x00
.byte 0x00, 0x00, 0x00, 0x00, 0x00, 0x00, 0x00, 0x00, 0x00, 0x00, 0x00, 0x00, 0x00, 0x00, 0x00, 0x00
.byte 0x00, 0x00, 0x00, 0x00, 0x00, 0x00, 0x00, 0x00, 0x00, 0x00, 0x00, 0x00, 0x00, 0x00, 0x00, 0x00
.byte 0x00, 0x00, 0x00, 0x00, 0x00, 0x00, 0x00, 0x00, 0x00, 0x05, 0x0b, 0x06, 0x0e, 0x1e, 0x10, 0x0e
.byte 0x1e, 0x10, 0x0e, 0x1e, 0x10, 0x0e, 0x1e, 0x10, 0x0e, 0x1f, 0x10, 0x0f, 0x1f, 0x10, 0x0f, 0x20
.byte 0x11, 0x0f, 0x22, 0x11, 0x10, 0x23, 0x12, 0x10, 0x24, 0x12, 0x11, 0x26, 0x13, 0x11, 0x28, 0x15
.byte 0x0b, 0x1b, 0x0e, 0x00, 0x00, 0x00, 0x00, 0x00, 0x00, 0x00, 0x00, 0x00, 0x00, 0x00, 0x00, 0x00
.byte 0x00, 0x00, 0x00, 0x00, 0x00, 0x00, 0x00, 0x00, 0x00, 0x00, 0x00, 0x00, 0x00, 0x00, 0x00, 0x00
.byte 0x00, 0x00, 0x00, 0x00, 0x00, 0x00, 0x00, 0x00, 0x00, 0x00, 0x00, 0x00, 0x00, 0x00, 0x00, 0x00
.byte 0x00, 0x00, 0x00, 0x00, 0x00, 0x00, 0x00, 0x00, 0x00, 0x00, 0x00, 0x00, 0x00, 0x00, 0x00, 0x00
.byte 0x00, 0x00, 0x00, 0x00, 0x00, 0x00, 0x00, 0x00, 0x00, 0x00, 0x00, 0x00, 0x00, 0x00, 0x00, 0x00
.byte 0x00, 0x00, 0x00, 0x00, 0x00, 0x00, 0x00, 0x00, 0x00, 0x00, 0x00, 0x00, 0x00, 0x00, 0x00, 0x00
.byte 0x00, 0x00, 0x00, 0x06, 0x0e, 0x07, 0x10, 0x22, 0x12, 0x10, 0x21, 0x11, 0x0f, 0x1d, 0x0f, 0x0e
.byte 0x1c, 0x0e, 0x0d, 0x1b, 0x0e, 0x0d, 0x1a, 0x0d, 0x0c, 0x19, 0x0d, 0x0c, 0x18, 0x0c, 0x0b, 0x17
.byte 0x0c, 0x0b, 0x15, 0x0b, 0x0a, 0x14, 0x0a, 0x0a, 0x13, 0x0a, 0x09, 0x12, 0x09, 0x09, 0x11, 0x09
.byte 0x08, 0x10, 0x08, 0x08, 0x0f, 0x08, 0x07, 0x0e, 0x07, 0x07, 0x0d, 0x07, 0x06, 0x0c, 0x06, 0x06
.byte 0x0b, 0x06, 0x06, 0x0b, 0x06, 0x05, 0x0b, 0x07, 0x05, 0x0a, 0x06, 0x05, 0x0a, 0x06, 0x05, 0x09
.byte 0x06, 0x05, 0x09, 0x06, 0x04, 0x08, 0x05, 0x03, 0x05, 0x03, 0x01, 0x02, 0x01, 0x00, 0x01, 0x00
.byte 0x00, 0x00, 0x00, 0x00, 0x00, 0x00, 0x00, 0x00, 0x00, 0x00, 0x00, 0x00, 0x00, 0x00, 0x00, 0x00
.byte 0x00, 0x00, 0x00, 0x00, 0x00, 0x00, 0x00, 0x00, 0x00, 0x00, 0x00, 0x00, 0x00, 0x00, 0x00, 0x00
.byte 0x00, 0x00, 0x00, 0x00, 0x00, 0x00, 0x00, 0x00, 0x00, 0x00, 0x00, 0x00, 0x00, 0x00, 0x00, 0x00
.byte 0x00, 0x00, 0x00, 0x00, 0x00, 0x00, 0x00, 0x00, 0x00, 0x00, 0x00, 0x00, 0x00, 0x00, 0x00, 0x00
.byte 0x00, 0x00, 0x00, 0x00, 0x00, 0x00, 0x00, 0x00, 0x00, 0x00, 0x00, 0x00, 0x00, 0x00, 0x00, 0x00
.byte 0x00, 0x00, 0x00, 0x00, 0x00, 0x00, 0x00, 0x00, 0x00, 0x00, 0x00, 0x00, 0x00, 0x00, 0x00, 0x00
.byte 0x00, 0x00, 0x00, 0x0d, 0x1a, 0x0e, 0x0e, 0x1d, 0x0f, 0x0e, 0x1d, 0x0f, 0x0e, 0x1d, 0x0f, 0x0e
.byte 0x1e, 0x0f, 0x0e, 0x1e, 0x0f, 0x0e, 0x1f, 0x10, 0x0e, 0x1f, 0x10, 0x0e, 0x20, 0x10, 0x0f, 0x21
.byte 0x11, 0x0f, 0x21, 0x11, 0x10, 0x23, 0x12, 0x10, 0x25, 0x13, 0x11, 0x27, 0x14, 0x0b, 0x1c, 0x0e
.byte 0x01, 0x04, 0x02, 0x00, 0x00, 0x00, 0x00, 0x00, 0x00, 0x00, 0x00, 0x00, 0x00, 0x00, 0x00, 0x00
.byte 0x00, 0x00, 0x00, 0x00, 0x00, 0x00, 0x00, 0x00, 0x00, 0x00, 0x00, 0x00, 0x00, 0x00, 0x00, 0x00
.byte 0x00, 0x00, 0x00, 0x00, 0x00, 0x00, 0x00, 0x00, 0x00, 0x00, 0x00, 0x00, 0x00, 0x00, 0x00, 0x00
.byte 0x00, 0x00, 0x00, 0x00, 0x00, 0x00, 0x00, 0x00, 0x00, 0x00, 0x00, 0x00, 0x00, 0x00, 0x00, 0x00
.byte 0x00, 0x00, 0x00, 0x00, 0x00, 0x00, 0x00, 0x00, 0x00, 0x00, 0x00, 0x00, 0x00, 0x00, 0x00, 0x00
.byte 0x00, 0x00, 0x00, 0x00, 0x00, 0x00, 0x00, 0x00, 0x00, 0x00, 0x05, 0x0a, 0x05, 0x0d, 0x1c, 0x0f
.byte 0x10, 0x21, 0x12, 0x0f, 0x1d, 0x10, 0x0e, 0x1b, 0x0f, 0x0e, 0x1b, 0x0e, 0x0d, 0x1a, 0x0e, 0x0d
.byte 0x19, 0x0d, 0x0c, 0x18, 0x0d, 0x0c, 0x17, 0x0c, 0x0b, 0x16, 0x0c, 0x0b, 0x15, 0x0b, 0x0a, 0x14
.byte 0x0a, 0x0a, 0x12, 0x0a, 0x09, 0x11, 0x09, 0x09, 0x10, 0x09, 0x08, 0x0f, 0x08, 0x07, 0x0e, 0x08
.byte 0x07, 0x0d, 0x07, 0x06, 0x0c, 0x07, 0x06, 0x0c, 0x06, 0x06, 0x0b, 0x06, 0x05, 0x0b, 0x06, 0x05
.byte 0x0a, 0x06, 0x05, 0x09, 0x06, 0x04, 0x09, 0x06, 0x04, 0x08, 0x05, 0x04, 0x08, 0x05, 0x03, 0x06
.byte 0x04, 0x02, 0x04, 0x03, 0x00, 0x01, 0x01, 0x00, 0x00, 0x00, 0x00, 0x00, 0x00, 0x00, 0x00, 0x00
.byte 0x00, 0x00, 0x00, 0x00, 0x00, 0x00, 0x00, 0x00, 0x00, 0x00, 0x00, 0x00, 0x00, 0x00, 0x00, 0x00
.byte 0x00, 0x00, 0x00, 0x00, 0x00, 0x00, 0x00, 0x00, 0x00, 0x00, 0x00, 0x00, 0x00, 0x00, 0x00, 0x00
.byte 0x00, 0x00, 0x00, 0x00, 0x00, 0x00, 0x00, 0x00, 0x00, 0x00, 0x00, 0x00, 0x00, 0x00, 0x00, 0x00
.byte 0x00, 0x00, 0x00, 0x00, 0x00, 0x00, 0x00, 0x00, 0x00, 0x00, 0x00, 0x00, 0x00, 0x00, 0x00, 0x00
.byte 0x00, 0x00, 0x00, 0x00, 0x00, 0x00, 0x00, 0x00, 0x00, 0x00, 0x00, 0x00, 0x00, 0x00, 0x00, 0x00
.byte 0x00, 0x00, 0x00, 0x00, 0x00, 0x00, 0x00, 0x00, 0x00, 0x00, 0x00, 0x00, 0x00, 0x0e, 0x1d, 0x10
.byte 0x0d, 0x1b, 0x0e, 0x0d, 0x1a, 0x0e, 0x0d, 0x1b, 0x0e, 0x0d, 0x1b, 0x0e, 0x0d, 0x1b, 0x0f, 0x0d
.byte 0x1c, 0x0f, 0x0e, 0x1c, 0x0f, 0x0e, 0x1e, 0x0f, 0x0e, 0x1f, 0x10, 0x0e, 0x1f, 0x10, 0x0f, 0x20
.byte 0x10, 0x10, 0x22, 0x11, 0x11, 0x24, 0x12, 0x11, 0x26, 0x14, 0x0c, 0x1c, 0x0f, 0x01, 0x03, 0x02
.byte 0x00, 0x00, 0x00, 0x00, 0x00, 0x00, 0x00, 0x00, 0x00, 0x00, 0x00, 0x00, 0x00, 0x00, 0x00, 0x00
.byte 0x00, 0x00, 0x00, 0x00, 0x00, 0x00, 0x00, 0x00, 0x00, 0x00, 0x00, 0x00, 0x00, 0x00, 0x00, 0x00
.byte 0x00, 0x00, 0x00, 0x00, 0x00, 0x00, 0x00, 0x00, 0x00, 0x00, 0x00, 0x00, 0x00, 0x00, 0x00, 0x00
.byte 0x00, 0x00, 0x00, 0x00, 0x00, 0x00, 0x00, 0x00, 0x00, 0x00, 0x00, 0x00, 0x00, 0x00, 0x00, 0x00
.byte 0x00, 0x00, 0x00, 0x00, 0x00, 0x00, 0x00, 0x00, 0x00, 0x00, 0x00, 0x00, 0x00, 0x00, 0x00, 0x00
.byte 0x00, 0x00, 0x00, 0x00, 0x08, 0x11, 0x0a, 0x0f, 0x21, 0x12, 0x0e, 0x1f, 0x10, 0x0e, 0x1c, 0x0f
.byte 0x0d, 0x1b, 0x0f, 0x0d, 0x1a, 0x0e, 0x0d, 0x19, 0x0e, 0x0d, 0x18, 0x0d, 0x0c, 0x17, 0x0c, 0x0c
.byte 0x17, 0x0c, 0x0b, 0x16, 0x0b, 0x0a, 0x15, 0x0b, 0x0a, 0x13, 0x0a, 0x09, 0x12, 0x0a, 0x09, 0x11
.byte 0x09, 0x08, 0x10, 0x08, 0x08, 0x0f, 0x08, 0x07, 0x0e, 0x07, 0x07, 0x0d, 0x07, 0x06, 0x0c, 0x06
.byte 0x06, 0x0b, 0x06, 0x06, 0x0b, 0x06, 0x05, 0x0a, 0x05, 0x05, 0x09, 0x05, 0x05, 0x09, 0x05, 0x04
.byte 0x07, 0x04, 0x03, 0x06, 0x03, 0x02, 0x04, 0x02, 0x02, 0x04, 0x02, 0x02, 0x04, 0x02, 0x01, 0x01
.byte 0x01, 0x00, 0x00, 0x00, 0x00, 0x00, 0x00, 0x00, 0x00, 0x00, 0x00, 0x00, 0x00, 0x00, 0x00, 0x00
.byte 0x00, 0x00, 0x00, 0x00, 0x00, 0x00, 0x00, 0x00, 0x00, 0x00, 0x00, 0x00, 0x00, 0x00, 0x00, 0x00
.byte 0x00, 0x00, 0x00, 0x00, 0x00, 0x00, 0x00, 0x00, 0x00, 0x00, 0x00, 0x00, 0x00, 0x00, 0x00, 0x00
.byte 0x00, 0x00, 0x00, 0x00, 0x00, 0x00, 0x00, 0xff, 0xff, 0x00, 0xff, 0xff, 0x00, 0xff, 0xff, 0x00
.byte 0xff, 0xff, 0x00, 0x00, 0xff, 0x00, 0x00, 0xff, 0x00, 0x00, 0xff, 0x00, 0x00, 0x00, 0x00, 0x00
.byte 0x00, 0x00, 0x00, 0x00, 0x00, 0x00, 0x00, 0x00, 0x00, 0x00, 0x00, 0x00, 0x00, 0x00, 0x00, 0x00
.byte 0x00, 0x00, 0x00, 0x00, 0x00, 0x00, 0x00, 0x0d, 0x1a, 0x0e, 0x0c, 0x19, 0x0d, 0x0c, 0x19, 0x0d
.byte 0x0c, 0x19, 0x0d, 0x0c, 0x1a, 0x0e, 0x0c, 0x1b, 0x0e, 0x0d, 0x1b, 0x0e, 0x0d, 0x1c, 0x0e, 0x0d
.byte 0x1c, 0x0f, 0x0d, 0x1d, 0x0f, 0x0e, 0x1e, 0x0f, 0x0e, 0x1e, 0x0f, 0x0e, 0x1f, 0x10, 0x0f, 0x21
.byte 0x11, 0x10, 0x24, 0x12, 0x10, 0x26, 0x14, 0x0b, 0x1c, 0x0e, 0x00, 0x00, 0x00, 0x00, 0x00, 0x00
.byte 0x00, 0x00, 0x00, 0x00, 0x00, 0x00, 0x00, 0x00, 0x00, 0x00, 0x00, 0x00, 0x00, 0x00, 0x00, 0x00
.byte 0x00, 0x00, 0x00, 0x00, 0x00, 0x00, 0x00, 0x00, 0x00, 0x00, 0x00, 0x00, 0x00, 0x00, 0x00, 0x00
.byte 0x00, 0x00, 0x00, 0x00, 0x00, 0x00, 0x00, 0x00, 0x00, 0x00, 0x00, 0x00, 0x00, 0x00, 0x00, 0x00
.byte 0x00, 0x00, 0x00, 0x00, 0x00, 0x00, 0x00, 0x00, 0x00, 0x00, 0x00, 0x00, 0x00, 0x00, 0x00, 0x00
.byte 0x00, 0x00, 0x00, 0x00, 0x00, 0x00, 0x00, 0x00, 0x00, 0x00, 0x00, 0x06, 0x0f, 0x08, 0x0f, 0x21
.byte 0x12, 0x10, 0x21, 0x12, 0x0f, 0x1e, 0x10, 0x0e, 0x1c, 0x0f, 0x0e, 0x1b, 0x0e, 0x0d, 0x1a, 0x0e
.byte 0x0d, 0x19, 0x0d, 0x0c, 0x18, 0x0d, 0x0c, 0x17, 0x0c, 0x0b, 0x17, 0x0c, 0x0b, 0x16, 0x0b, 0x0a
.byte 0x14, 0x0b, 0x0a, 0x13, 0x0a, 0x09, 0x12, 0x0a, 0x09, 0x11, 0x09, 0x08, 0x10, 0x08, 0x07, 0x0f
.byte 0x08, 0x07, 0x0e, 0x07, 0x06, 0x0d, 0x07, 0x06, 0x0c, 0x06, 0x06, 0x0b, 0x06, 0x05, 0x0a, 0x05
.byte 0x05, 0x0a, 0x05, 0x05, 0x09, 0x05, 0x04, 0x08, 0x04, 0x03, 0x06, 0x03, 0x02, 0x04, 0x02, 0x02
.byte 0x04, 0x03, 0x02, 0x04, 0x03, 0x02, 0x03, 0x02, 0x00, 0x01, 0x01, 0x00, 0x00, 0x00, 0x00, 0x00
.byte 0x00, 0x00, 0x00, 0x00, 0x00, 0x00, 0x00, 0x00, 0x00, 0x00, 0x00, 0x00, 0x00, 0x00, 0x00, 0x00
.byte 0x00, 0x00, 0x00, 0x00, 0x00, 0x00, 0x00, 0x00, 0x00, 0x00, 0x00, 0x00, 0x00, 0x00, 0x00, 0x00
.byte 0x00, 0x00, 0x00, 0x00, 0x00, 0x00, 0x00, 0x00, 0x00, 0x00, 0x00, 0x00, 0x00, 0x00, 0x00, 0xff
.byte 0x00, 0xff, 0xfe, 0x00, 0xff, 0xfe, 0x00, 0xff, 0xfe, 0x00, 0xff, 0xff, 0x00, 0x00, 0xff, 0x00
.byte 0xff, 0xff, 0x00, 0x00, 0xff, 0x00, 0x00, 0xff, 0x00, 0x00, 0xff, 0x00, 0x00, 0x00, 0x00, 0x00
.byte 0x00, 0x00, 0x00, 0x00, 0x00, 0x00, 0x00, 0x00, 0x00, 0x00, 0x00, 0x00, 0x00, 0x00, 0x0a, 0x14
.byte 0x0b, 0x0c, 0x18, 0x0d, 0x0b, 0x17, 0x0c, 0x0b, 0x17, 0x0c, 0x0b, 0x18, 0x0d, 0x0b, 0x19, 0x0d
.byte 0x0c, 0x19, 0x0d, 0x0c, 0x1a, 0x0d, 0x0c, 0x1a, 0x0d, 0x0c, 0x1b, 0x0e, 0x0d, 0x1c, 0x0e, 0x0d
.byte 0x1c, 0x0f, 0x0d, 0x1d, 0x0f, 0x0e, 0x1d, 0x0f, 0x0f, 0x1e, 0x10, 0x10, 0x20, 0x10, 0x11, 0x23
.byte 0x12, 0x11, 0x25, 0x13, 0x0b, 0x1a, 0x0d, 0x00, 0x00, 0x00, 0x00, 0x00, 0x00, 0x00, 0x00, 0x00
.byte 0x00, 0x00, 0x00, 0x00, 0x00, 0x00, 0x00, 0x00, 0x00, 0x00, 0x00, 0x00, 0x00, 0x00, 0x00, 0x00
.byte 0x00, 0x00, 0x00, 0x00, 0x00, 0x00, 0x00, 0x00, 0x00, 0x00, 0x00, 0x00, 0x00, 0x00, 0x00, 0x00
.byte 0x00, 0x00, 0x00, 0x00, 0x00, 0x00, 0x00, 0x00, 0x00, 0x00, 0x00, 0x00, 0x00, 0x00, 0x00, 0x00
.byte 0x00, 0x00, 0x00, 0x00, 0x00, 0x00, 0x00, 0x00, 0x00, 0x00, 0x00, 0x00, 0x00, 0x00, 0x00, 0x00
.byte 0x00, 0x00, 0x02, 0x04, 0x02, 0x0a, 0x1a, 0x0e, 0x0f, 0x23, 0x13, 0x0f, 0x20, 0x11, 0x0e, 0x1e
.byte 0x10, 0x0e, 0x1c, 0x0f, 0x0e, 0x1b, 0x0e, 0x0d, 0x1a, 0x0e, 0x0d, 0x18, 0x0d, 0x0c, 0x18, 0x0d
.byte 0x0c, 0x16, 0x0c, 0x0b, 0x16, 0x0c, 0x0b, 0x15, 0x0b, 0x0a, 0x14, 0x0a, 0x0a, 0x13, 0x0a, 0x09
.byte 0x12, 0x09, 0x09, 0x11, 0x09, 0x08, 0x0f, 0x08, 0x07, 0x0e, 0x08, 0x07, 0x0d, 0x07, 0x06, 0x0c
.byte 0x06, 0x06, 0x0b, 0x06, 0x05, 0x0b, 0x06, 0x05, 0x0a, 0x05, 0x05, 0x09, 0x05, 0x04, 0x09, 0x05
.byte 0x04, 0x07, 0x04, 0x03, 0x06, 0x03, 0x02, 0x04, 0x02, 0x02, 0x03, 0x02, 0x01, 0x03, 0x02, 0x01
.byte 0x02, 0x02, 0x00, 0x01, 0x01, 0x00, 0x00, 0x00, 0x00, 0x00, 0x00, 0x00, 0x00, 0x00, 0x00, 0x00
.byte 0x00, 0x00, 0x00, 0x00, 0x00, 0x00, 0x00, 0x00, 0x00, 0x00, 0x00, 0x00, 0x00, 0x00, 0x00, 0x00
.byte 0x00, 0x00, 0x00, 0x00, 0x00, 0x00, 0x00, 0x00, 0x00, 0x00, 0x00, 0x00, 0x00, 0x00, 0x00, 0x00
.byte 0x00, 0x00, 0x00, 0x00, 0x00, 0x00, 0x00, 0x00, 0xff, 0xfe, 0x00, 0xff, 0xfe, 0xff, 0xff, 0xfe
.byte 0xff, 0xff, 0xfe, 0xff, 0xff, 0xfe, 0xff, 0xff, 0xfe, 0xff, 0xff, 0xff, 0x00, 0xff, 0xff, 0x00
.byte 0xff, 0xfe, 0xff, 0xff, 0xff, 0xff, 0xff, 0xff, 0xff, 0x00, 0xff, 0x00, 0x00, 0xff, 0x00, 0x00
.byte 0x00, 0x00, 0x00, 0xff, 0x00, 0x00, 0x00, 0x00, 0x0b, 0x18, 0x0d, 0x0a, 0x16, 0x0c, 0x0a, 0x15
.byte 0x0b, 0x0a, 0x16, 0x0c, 0x0b, 0x16, 0x0c, 0x0b, 0x17, 0x0c, 0x0b, 0x18, 0x0c, 0x0b, 0x18, 0x0d
.byte 0x0b, 0x19, 0x0d, 0x0c, 0x19, 0x0d, 0x0c, 0x1a, 0x0d, 0x0d, 0x1b, 0x0e, 0x0e, 0x1b, 0x0e, 0x0e
.byte 0x1c, 0x0e, 0x0e, 0x1d, 0x0f, 0x0f, 0x1e, 0x0f, 0x0f, 0x1f, 0x10, 0x10, 0x22, 0x11, 0x10, 0x23
.byte 0x12, 0x0b, 0x17, 0x0c, 0x00, 0x00, 0x00, 0x00, 0x00, 0x00, 0x00, 0x00, 0x00, 0x00, 0x00, 0x00
.byte 0x00, 0x00, 0x00, 0x00, 0x00, 0x00, 0x00, 0x00, 0x00, 0x00, 0x00, 0x00, 0x00, 0x00, 0x00, 0x00
.byte 0x00, 0x00, 0x00, 0x00, 0x00, 0x00, 0x00, 0x00, 0x00, 0x00, 0x00, 0x00, 0x00, 0x00, 0x00, 0x00
.byte 0x00, 0x00, 0x00, 0x00, 0x00, 0x00, 0x00, 0x00, 0x00, 0x00, 0x00, 0x00, 0x00, 0x00, 0x00, 0x00
.byte 0x00, 0x00, 0x00, 0x00, 0x00, 0x00, 0x00, 0x00, 0x00, 0x00, 0x00, 0x00, 0x07, 0x12, 0x09, 0x0e
.byte 0x24, 0x13, 0x10, 0x23, 0x12, 0x10, 0x20, 0x11, 0x0f, 0x1f, 0x10, 0x0e, 0x1d, 0x0f, 0x0e, 0x1c
.byte 0x0e, 0x0d, 0x1a, 0x0e, 0x0d, 0x19, 0x0d, 0x0c, 0x18, 0x0d, 0x0c, 0x17, 0x0c, 0x0b, 0x16, 0x0c
.byte 0x0b, 0x15, 0x0b, 0x0a, 0x14, 0x0b, 0x0a, 0x13, 0x0a, 0x09, 0x12, 0x09, 0x08, 0x10, 0x09, 0x08
.byte 0x0f, 0x08, 0x07, 0x0e, 0x07, 0x07, 0x0d, 0x07, 0x06, 0x0c, 0x06, 0x06, 0x0b, 0x06, 0x05, 0x0a
.byte 0x05, 0x05, 0x0a, 0x05, 0x05, 0x09, 0x05, 0x04, 0x08, 0x04, 0x03, 0x06, 0x03, 0x03, 0x05, 0x03
.byte 0x02, 0x04, 0x02, 0x01, 0x02, 0x01, 0x01, 0x02, 0x01, 0x01, 0x01, 0x01, 0x00, 0x01, 0x01, 0x00
.byte 0x00, 0x00, 0x00, 0x00, 0x00, 0x00, 0x00, 0x00, 0x00, 0x00, 0x00, 0x00, 0x00, 0x00, 0x00, 0x00
.byte 0x00, 0x00, 0x00, 0x00, 0x00, 0x00, 0x00, 0x00, 0x00, 0x00, 0x00, 0x00, 0x00, 0x00, 0x00, 0x00
.byte 0x00, 0x00, 0x00, 0x00, 0x00, 0x00, 0x00, 0x00, 0x00, 0x00, 0x00, 0x00, 0x00, 0x00, 0x00, 0x00
.byte 0x00, 0x00, 0xff, 0xfe, 0xff, 0xfe, 0xfe, 0xff, 0xfe, 0xfe, 0xff, 0xfe, 0xfe, 0xff, 0xff, 0xfe
.byte 0xff, 0xff, 0xfe, 0xff, 0xff, 0xfe, 0xff, 0xff, 0xff, 0xff, 0xff, 0xff, 0x00, 0xff, 0xff, 0x00
.byte 0xff, 0xff, 0xff, 0xff, 0xff, 0x00, 0x00, 0xff, 0x00, 0x00, 0x00, 0x00, 0x00, 0x00, 0x00, 0x04
.byte 0x0a, 0x05, 0x0a, 0x16, 0x0b, 0x0a, 0x15, 0x0b, 0x0a, 0x15, 0x0b, 0x0a, 0x15, 0x0b, 0x0a, 0x16
.byte 0x0b, 0x0a, 0x16, 0x0b, 0x0a, 0x17, 0x0b, 0x0b, 0x17, 0x0c, 0x0b, 0x18, 0x0c, 0x0b, 0x18, 0x0c
.byte 0x0c, 0x19, 0x0d, 0x0d, 0x19, 0x0d, 0x0d, 0x1a, 0x0d, 0x0d, 0x1a, 0x0e, 0x0d, 0x1b, 0x0e, 0x0e
.byte 0x1c, 0x0e, 0x0e, 0x1d, 0x0f, 0x0f, 0x1f, 0x10, 0x10, 0x21, 0x11, 0x10, 0x22, 0x11, 0x0a, 0x15
.byte 0x0b, 0x00, 0x00, 0x00, 0x00, 0x00, 0x00, 0x00, 0x00, 0x00, 0x00, 0x00, 0x00, 0x00, 0x00, 0x00
.byte 0x00, 0x00, 0x00, 0x00, 0x00, 0x00, 0x00, 0x00, 0x00, 0x00, 0x00, 0x00, 0x00, 0x00, 0x00, 0x00
.byte 0x00, 0x00, 0x00, 0x00, 0x00, 0x00, 0x00, 0x00, 0x00, 0x00, 0x00, 0x00, 0x00, 0x00, 0x00, 0x00
.byte 0x00, 0x00, 0x00, 0x00, 0x00, 0x00, 0x00, 0x00, 0x00, 0x00, 0x00, 0x00, 0x00, 0x00, 0x00, 0x00
.byte 0x00, 0x00, 0x00, 0x02, 0x06, 0x03, 0x0a, 0x1c, 0x0f, 0x10, 0x26, 0x14, 0x10, 0x23, 0x13, 0x10
.byte 0x20, 0x11, 0x0f, 0x1d, 0x10, 0x0e, 0x1c, 0x0f, 0x0e, 0x1b, 0x0e, 0x0d, 0x1a, 0x0e, 0x0d, 0x19
.byte 0x0d, 0x0c, 0x18, 0x0d, 0x0c, 0x18, 0x0c, 0x0b, 0x16, 0x0c, 0x0b, 0x15, 0x0b, 0x0a, 0x14, 0x0a
.byte 0x0a, 0x13, 0x0a, 0x09, 0x12, 0x09, 0x08, 0x10, 0x09, 0x08, 0x0f, 0x08, 0x07, 0x0e, 0x07, 0x07
.byte 0x0d, 0x07, 0x06, 0x0c, 0x06, 0x06, 0x0b, 0x06, 0x05, 0x0a, 0x05, 0x05, 0x0a, 0x05, 0x04, 0x09
.byte 0x05, 0x04, 0x08, 0x04, 0x03, 0x06, 0x03, 0x02, 0x04, 0x02, 0x01, 0x03, 0x01, 0x01, 0x02, 0x02
.byte 0x01, 0x02, 0x01, 0x00, 0x01, 0x01, 0x00, 0x01, 0x00, 0x00, 0x00, 0x00, 0x00, 0x00, 0x00, 0x00
.byte 0x00, 0x00, 0x00, 0x00, 0x00, 0x00, 0x00, 0x00, 0x00, 0x00, 0x00, 0x00, 0x00, 0x00, 0x00, 0x00
.byte 0x00, 0x00, 0x00, 0x00, 0x00, 0x00, 0x00, 0x00, 0x00, 0x00, 0x00, 0x00, 0x00, 0x00, 0x00, 0x00
.byte 0x00, 0x00, 0x00, 0x00, 0x00, 0x00, 0x00, 0x00, 0x00, 0x00, 0x00, 0x00, 0xfe, 0xfd, 0xff, 0xfe
.byte 0xfe, 0xff, 0xfe, 0xfe, 0xff, 0xfe, 0xfe, 0xff, 0xff, 0xfe, 0xff, 0xff, 0xfe, 0xff, 0xff, 0xfe
.byte 0xff, 0xff, 0xfe, 0xff, 0xff, 0xfe, 0xff, 0xff, 0xff, 0xff, 0xff, 0xff, 0xff, 0xff, 0xff, 0xff
.byte 0xff, 0xff, 0xff, 0x00, 0x00, 0x00, 0x00, 0x00, 0x00, 0x09, 0x13, 0x0a, 0x09, 0x13, 0x0a, 0x09
.byte 0x12, 0x0a, 0x09, 0x13, 0x0a, 0x09, 0x14, 0x0a, 0x09, 0x14, 0x0b, 0x09, 0x15, 0x0b, 0x0b, 0x15
.byte 0x0b, 0x0b, 0x16, 0x0b, 0x0b, 0x16, 0x0b, 0x0b, 0x17, 0x0c, 0x0c, 0x17, 0x0c, 0x0c, 0x18, 0x0c
.byte 0x0c, 0x18, 0x0d, 0x0c, 0x19, 0x0d, 0x0d, 0x1a, 0x0d, 0x0d, 0x1a, 0x0d, 0x0e, 0x1b, 0x0e, 0x0e
.byte 0x1c, 0x0f, 0x0f, 0x1e, 0x10, 0x10, 0x21, 0x11, 0x0f, 0x1e, 0x10, 0x06, 0x0c, 0x06, 0x00, 0x00
.byte 0x00, 0x00, 0x00, 0x00, 0x00, 0x00, 0x00, 0x00, 0x00, 0x00, 0x00, 0x00, 0x00, 0x00, 0x00, 0x00
.byte 0x00, 0x00, 0x00, 0x00, 0x00, 0x00, 0x00, 0x00, 0x00, 0x00, 0x00, 0x00, 0x00, 0x00, 0x00, 0x00
.byte 0x00, 0x00, 0x00, 0x00, 0x00, 0x00, 0x00, 0x00, 0x00, 0x00, 0x00, 0x00, 0x00, 0x00, 0x00, 0x00
.byte 0x00, 0x00, 0x00, 0x00, 0x00, 0x00, 0x00, 0x00, 0x00, 0x00, 0x00, 0x00, 0x00, 0x00, 0x00, 0x00
.byte 0x09, 0x17, 0x0d, 0x10, 0x26, 0x14, 0x10, 0x25, 0x14, 0x10, 0x22, 0x12, 0x10, 0x1f, 0x11, 0x0f
.byte 0x1e, 0x10, 0x0e, 0x1c, 0x0e, 0x0d, 0x1b, 0x0e, 0x0d, 0x1a, 0x0e, 0x0d, 0x19, 0x0d, 0x0c, 0x18
.byte 0x0d, 0x0b, 0x17, 0x0c, 0x0b, 0x15, 0x0b, 0x0a, 0x14, 0x0a, 0x09, 0x12, 0x0a, 0x09, 0x11, 0x09
.byte 0x08, 0x10, 0x08, 0x08, 0x0f, 0x08, 0x07, 0x0e, 0x07, 0x07, 0x0d, 0x07, 0x06, 0x0c, 0x06, 0x06
.byte 0x0b, 0x06, 0x05, 0x0a, 0x05, 0x05, 0x0a, 0x05, 0x04, 0x09, 0x05, 0x04, 0x08, 0x05, 0x03, 0x06
.byte 0x04, 0x02, 0x04, 0x03, 0x01, 0x03, 0x02, 0x01, 0x02, 0x01, 0x00, 0x01, 0x01, 0x00, 0x00, 0x00
.byte 0x00, 0x00, 0x00, 0x00, 0x00, 0x00, 0x00, 0x00, 0x00, 0x00, 0x00, 0x00, 0x00, 0x00, 0x00, 0x00
.byte 0x00, 0x00, 0x00, 0x00, 0x00, 0x00, 0x00, 0x00, 0x00, 0x00, 0x00, 0x00, 0x00, 0x00, 0x00, 0x00
.byte 0x00, 0x00, 0x00, 0x00, 0x00, 0x00, 0x00, 0x00, 0x00, 0x00, 0x00, 0x00, 0x00, 0x00, 0x00, 0x00
.byte 0x00, 0x00, 0x00, 0x00, 0x00, 0x00, 0xfe, 0xfc, 0xfe, 0xfe, 0xfc, 0xfe, 0xfe, 0xfc, 0xfe, 0xfe
.byte 0xfc, 0xfe, 0xfe, 0xfd, 0xff, 0xfe, 0xfd, 0xff, 0xfe, 0xfd, 0xff, 0xfe, 0xfd, 0xff, 0xfe, 0xfd
.byte 0xff, 0xff, 0xfe, 0xff, 0xff, 0xfe, 0xff, 0xff, 0xfe, 0xff, 0xff, 0xfe, 0xff, 0x00, 0x00, 0x00
.byte 0x01, 0x02, 0x02, 0x09, 0x13, 0x0a, 0x08, 0x11, 0x09, 0x08, 0x11, 0x09, 0x08, 0x11, 0x09, 0x08
.byte 0x12, 0x0a, 0x09, 0x13, 0x0a, 0x09, 0x13, 0x0a, 0x0a, 0x14, 0x0a, 0x0a, 0x14, 0x0a, 0x0b, 0x15
.byte 0x0b, 0x0b, 0x15, 0x0b, 0x0b, 0x16, 0x0b, 0x0b, 0x17, 0x0c, 0x0c, 0x17, 0x0c, 0x0c, 0x18, 0x0c
.byte 0x0c, 0x18, 0x0c, 0x0c, 0x19, 0x0d, 0x0d, 0x19, 0x0d, 0x0d, 0x1a, 0x0e, 0x0e, 0x1c, 0x0e, 0x0f
.byte 0x1e, 0x0f, 0x10, 0x20, 0x10, 0x0c, 0x19, 0x0d, 0x00, 0x00, 0x00, 0x00, 0x00, 0x00, 0x00, 0x00
.byte 0x00, 0x00, 0x00, 0x00, 0x00, 0x00, 0x00, 0x00, 0x00, 0x00, 0x00, 0x00, 0x00, 0x00, 0x00, 0x00
.byte 0x00, 0x00, 0x00, 0x00, 0x00, 0x00, 0x00, 0x00, 0x00, 0x00, 0x00, 0x00, 0x00, 0x00, 0x00, 0x00
.byte 0x00, 0x00, 0x00, 0x00, 0x00, 0x00, 0x00, 0x00, 0x00, 0x00, 0x00, 0x00, 0x00, 0x00, 0x00, 0x00
.byte 0x00, 0x00, 0x00, 0x00, 0x00, 0x00, 0x00, 0x00, 0x00, 0x00, 0x00, 0x01, 0x00, 0x05, 0x0b, 0x06
.byte 0x04, 0x0a, 0x05, 0x04, 0x08, 0x05, 0x03, 0x06, 0x03, 0x02, 0x04, 0x02, 0x05, 0x09, 0x05, 0x07
.byte 0x0e, 0x07, 0x0b, 0x16, 0x0b, 0x0d, 0x1b, 0x0e, 0x0d, 0x1b, 0x0e, 0x0c, 0x18, 0x0d, 0x0b, 0x16
.byte 0x0b, 0x0a, 0x14, 0x0a, 0x0a, 0x12, 0x0a, 0x09, 0x11, 0x09, 0x08, 0x10, 0x08, 0x08, 0x0f, 0x08
.byte 0x07, 0x0e, 0x07, 0x07, 0x0d, 0x07, 0x06, 0x0c, 0x07, 0x06, 0x0b, 0x07, 0x05, 0x0a, 0x07, 0x05
.byte 0x0a, 0x06, 0x04, 0x09, 0x06, 0x04, 0x08, 0x05, 0x03, 0x06, 0x04, 0x02, 0x04, 0x03, 0x01, 0x03
.byte 0x02, 0x01, 0x02, 0x01, 0x00, 0x01, 0x00, 0x00, 0x00, 0x00, 0x00, 0x00, 0x00, 0x00, 0x00, 0x00
.byte 0x00, 0x00, 0x00, 0x00, 0x00, 0x00, 0x00, 0x00, 0x00, 0x00, 0x00, 0x00, 0x00, 0x00, 0x00, 0x00
.byte 0x00, 0x00, 0x00, 0x00, 0x00, 0x00, 0x00, 0x00, 0x00, 0x00, 0x00, 0x00, 0x00, 0x00, 0x00, 0x00
.byte 0x00, 0x00, 0x00, 0x00, 0x00, 0x00, 0x00, 0x00, 0x00, 0x00, 0x00, 0x00, 0x00, 0x00, 0x00, 0x00
.byte 0xfe, 0xfc, 0xfe, 0xfe, 0xfc, 0xfe, 0xfe, 0xfc, 0xfe, 0xfe, 0xfc, 0xfe, 0xfe, 0xfc, 0xfe, 0xfe
.byte 0xfd, 0xff, 0xfe, 0xfc, 0xfe, 0xfe, 0xfd, 0xff, 0xfe, 0xfd, 0xff, 0xfe, 0xfd, 0xff, 0xff, 0xfe
.byte 0xff, 0xfe, 0xfd, 0xff, 0xff, 0xfe, 0xff, 0x00, 0x00, 0x00, 0x08, 0x11, 0x09, 0x08, 0x12, 0x09
.byte 0x08, 0x11, 0x09, 0x08, 0x11, 0x09, 0x08, 0x11, 0x09, 0x08, 0x12, 0x09, 0x08, 0x12, 0x09, 0x09
.byte 0x12, 0x09, 0x0a, 0x13, 0x0a, 0x0a, 0x13, 0x0a, 0x0a, 0x14, 0x0a, 0x0a, 0x14, 0x0a, 0x0b, 0x15
.byte 0x0b, 0x0b, 0x15, 0x0b, 0x0b, 0x16, 0x0b, 0x0b, 0x16, 0x0b, 0x0c, 0x17, 0x0c, 0x0c, 0x17, 0x0c
.byte 0x0c, 0x18, 0x0c, 0x0c, 0x19, 0x0d, 0x0d, 0x1a, 0x0d, 0x0d, 0x1b, 0x0e, 0x0f, 0x1d, 0x0f, 0x0f
.byte 0x1e, 0x0f, 0x09, 0x13, 0x0a, 0x00, 0x00, 0x00, 0x00, 0x00, 0x00, 0x00, 0x00, 0x00, 0x00, 0x00
.byte 0x00, 0x00, 0x00, 0x00, 0x00, 0x00, 0x00, 0x00, 0x00, 0x00, 0x00, 0x00, 0x00, 0x00, 0x00, 0x00
.byte 0x00, 0x00, 0x00, 0x00, 0x00, 0x00, 0x00, 0x00, 0x00, 0x00, 0x00, 0x00, 0x00, 0x00, 0x00, 0x00
.byte 0x00, 0x00, 0x00, 0x00, 0x00, 0x00, 0x00, 0x00, 0x00, 0x00, 0x00, 0x00, 0x00, 0x00, 0x00, 0x00
.byte 0x00, 0x00, 0x00, 0x00, 0x00, 0x00, 0x00, 0x00, 0x00, 0x00, 0x00, 0x00, 0x00, 0x00, 0x00, 0x00
.byte 0x00, 0x00, 0x00, 0x00, 0x00, 0x00, 0x00, 0x00, 0x00, 0x00, 0x00, 0x00, 0x00, 0x00, 0x00, 0x02
.byte 0x06, 0x04, 0x02, 0x05, 0x03, 0x02, 0x04, 0x03, 0x06, 0x0b, 0x07, 0x0a, 0x12, 0x0a, 0x0b, 0x15
.byte 0x0c, 0x0a, 0x12, 0x0b, 0x09, 0x11, 0x0a, 0x08, 0x0f, 0x09, 0x07, 0x0e, 0x08, 0x07, 0x0d, 0x08
.byte 0x06, 0x0c, 0x07, 0x06, 0x0b, 0x07, 0x05, 0x0b, 0x07, 0x05, 0x0a, 0x06, 0x04, 0x09, 0x06, 0x04
.byte 0x08, 0x05, 0x04, 0x08, 0x04, 0x02, 0x06, 0x03, 0x02, 0x04, 0x02, 0x01, 0x02, 0x01, 0x01, 0x01
.byte 0x01, 0x00, 0x00, 0x00, 0x00, 0x00, 0x00, 0x00, 0x00, 0x00, 0x00, 0x00, 0x00, 0x00, 0x00, 0x00
.byte 0x00, 0x00, 0x00, 0x00, 0x00, 0x00, 0x00, 0x00, 0x00, 0x00, 0x00, 0x00, 0x00, 0x00, 0x00, 0x00
.byte 0x00, 0x00, 0x00, 0x00, 0x00, 0x00, 0x00, 0x00, 0x00, 0x00, 0x00, 0x00, 0x00, 0x00, 0x00, 0x00
.byte 0x00, 0x00, 0x00, 0x00, 0x00, 0x00, 0x00, 0x00, 0x00, 0x00, 0xfe, 0xfc, 0xfe, 0xfe, 0xfc, 0xfe
.byte 0xfe, 0xfc, 0xfe, 0xfe, 0xfc, 0xfe, 0xfe, 0xfd, 0xff, 0xfe, 0xfd, 0xff, 0xfe, 0xfd, 0xfe, 0xfe
.byte 0xfe, 0xff, 0xfe, 0xfe, 0xff, 0xfe, 0xfe, 0xff, 0xfe, 0xfe, 0xff, 0xfe, 0xfe, 0xff, 0x00, 0x00
.byte 0x00, 0x01, 0x03, 0x02, 0x08, 0x11, 0x09, 0x07, 0x10, 0x08, 0x08, 0x10, 0x08, 0x08, 0x10, 0x08
.byte 0x08, 0x10, 0x08, 0x08, 0x11, 0x08, 0x08, 0x11, 0x09, 0x09, 0x11, 0x09, 0x09, 0x12, 0x09, 0x09
.byte 0x12, 0x09, 0x09, 0x13, 0x09, 0x0a, 0x13, 0x0a, 0x0a, 0x14, 0x0a, 0x0a, 0x14, 0x0a, 0x0a, 0x15
.byte 0x0b, 0x0b, 0x15, 0x0b, 0x0b, 0x16, 0x0b, 0x0b, 0x16, 0x0b, 0x0b, 0x17, 0x0c, 0x0c, 0x18, 0x0c
.byte 0x0c, 0x18, 0x0d, 0x0d, 0x1a, 0x0d, 0x0d, 0x1c, 0x0e, 0x0e, 0x1e, 0x0f, 0x0d, 0x1c, 0x0e, 0x00
.byte 0x00, 0x00, 0x00, 0x00, 0x00, 0x00, 0x00, 0x00, 0x00, 0x00, 0x00, 0x00, 0x00, 0x00, 0x00, 0x00
.byte 0x00, 0x00, 0x00, 0x00, 0x00, 0x00, 0x00, 0x00, 0x00, 0x00, 0x00, 0x00, 0x00, 0x00, 0x00, 0x00
.byte 0x00, 0x00, 0x00, 0x00, 0x00, 0x00, 0x00, 0x00, 0x00, 0x00, 0x00, 0x00, 0x00, 0x00, 0x00, 0x00
.byte 0x00, 0x00, 0x00, 0x00, 0x00, 0x00, 0x00, 0x00, 0x00, 0x00, 0x00, 0x00, 0x00, 0x00, 0x00, 0x00
.byte 0x00, 0x00, 0x00, 0x00, 0x00, 0x00, 0x00, 0x00, 0x00, 0x00, 0x00, 0x00, 0x00, 0x00, 0x00, 0x00
.byte 0x00, 0x00, 0x00, 0x00, 0x00, 0x00, 0x00, 0x00, 0x00, 0x00, 0x00, 0x00, 0x00, 0xff, 0x00, 0x00
.byte 0xff, 0x00, 0x00, 0x00, 0x00, 0x00, 0x00, 0x00, 0x01, 0x02, 0x02, 0x01, 0x02, 0x01, 0x07, 0x0f
.byte 0x09, 0x09, 0x11, 0x0a, 0x08, 0x0f, 0x09, 0x07, 0x0e, 0x08, 0x06, 0x0d, 0x07, 0x06, 0x0c, 0x07
.byte 0x05, 0x0c, 0x07, 0x05, 0x0b, 0x06, 0x04, 0x0a, 0x06, 0x04, 0x09, 0x05, 0x04, 0x08, 0x05, 0x03
.byte 0x06, 0x04, 0x02, 0x04, 0x02, 0x01, 0x03, 0x02, 0x01, 0x02, 0x01, 0x00, 0x01, 0x00, 0x00, 0x00
.byte 0x00, 0x00, 0x00, 0x00, 0x00, 0x00, 0x00, 0x00, 0x00, 0x00, 0x00, 0x00, 0x00, 0x00, 0x00, 0x00
.byte 0x00, 0x00, 0x00, 0x00, 0x00, 0x00, 0x00, 0x00, 0x00, 0x00, 0x00, 0x00, 0x00, 0x00, 0x00, 0x00
.byte 0x00, 0x00, 0x00, 0x00, 0x00, 0x00, 0x00, 0x00, 0x00, 0x00, 0x00, 0x00, 0x00, 0x00, 0x00, 0x00
.byte 0x00, 0x00, 0xff, 0x00, 0xfe, 0xfd, 0xfe, 0xfe, 0xfd, 0xfe, 0xfe, 0xfd, 0xfe, 0xfe, 0xfd, 0xfe
.byte 0xfe, 0xfd, 0xfe, 0xfe, 0xfd, 0xff, 0xfe, 0xfd, 0xfe, 0xfe, 0xfd, 0xff, 0xfe, 0xfd, 0xff, 0xfe
.byte 0xfd, 0xff, 0xfe, 0xfe, 0xff, 0xff, 0xfe, 0xff, 0x00, 0x00, 0x00, 0x07, 0x0f, 0x08, 0x07, 0x0f
.byte 0x08, 0x07, 0x0e, 0x07, 0x07, 0x0e, 0x07, 0x07, 0x0f, 0x07, 0x08, 0x0f, 0x08, 0x08, 0x10, 0x08
.byte 0x08, 0x10, 0x08, 0x08, 0x10, 0x08, 0x08, 0x11, 0x09, 0x09, 0x11, 0x09, 0x09, 0x12, 0x09, 0x09
.byte 0x12, 0x09, 0x09, 0x13, 0x0a, 0x0a, 0x13, 0x0a, 0x0a, 0x15, 0x0a, 0x0a, 0x15, 0x0a, 0x0a, 0x16
.byte 0x0b, 0x0b, 0x16, 0x0b, 0x0b, 0x17, 0x0b, 0x0b, 0x17, 0x0b, 0x0c, 0x18, 0x0c, 0x0c, 0x19, 0x0c
.byte 0x0d, 0x1a, 0x0d, 0x0d, 0x1b, 0x0d, 0x0e, 0x1c, 0x0e, 0x0a, 0x15, 0x0a, 0x00, 0x00, 0x00, 0x00
.byte 0x00, 0x00, 0x00, 0x00, 0x00, 0x00, 0x00, 0x00, 0x00, 0x00, 0x00, 0x00, 0x00, 0x00, 0x00, 0x00
.byte 0x00, 0x00, 0x00, 0x00, 0x00, 0x00, 0x00, 0x00, 0x00, 0x00, 0x00, 0x00, 0x00, 0x00, 0x00, 0x00
.byte 0x00, 0x00, 0x00, 0x00, 0x00, 0x00, 0x00, 0x00, 0x00, 0x00, 0x00, 0x00, 0x00, 0x00, 0x00, 0x00
.byte 0x00, 0x00, 0x00, 0x00, 0x00, 0x00, 0x00, 0x00, 0x00, 0x00, 0x00, 0x00, 0x00, 0x00, 0x00, 0x00
.byte 0x00, 0x00, 0x00, 0x00, 0x00, 0x00, 0x00, 0x00, 0x00, 0x00, 0x00, 0x00, 0x00, 0x00, 0x00, 0x00
.byte 0x00, 0x00, 0x00, 0x00, 0x00, 0x00, 0x00, 0x00, 0x00, 0xff, 0xff, 0x00, 0x00, 0x00, 0x00, 0x00
.byte 0x00, 0x00, 0x00, 0x00, 0x00, 0x00, 0x00, 0x00, 0x00, 0x00, 0x00, 0x00, 0x00, 0x00, 0x02, 0x05
.byte 0x03, 0x07, 0x0f, 0x08, 0x07, 0x0f, 0x08, 0x06, 0x0d, 0x07, 0x06, 0x0c, 0x07, 0x06, 0x0b, 0x06
.byte 0x05, 0x0a, 0x06, 0x05, 0x09, 0x05, 0x05, 0x08, 0x05, 0x03, 0x06, 0x04, 0x02, 0x04, 0x02, 0x02
.byte 0x03, 0x02, 0x01, 0x02, 0x01, 0x01, 0x01, 0x01, 0x00, 0x00, 0x00, 0x00, 0x00, 0x00, 0x00, 0x00
.byte 0x00, 0x00, 0x00, 0x00, 0x00, 0x00, 0x00, 0x00, 0x00, 0x00, 0x00, 0x00, 0x00, 0x00, 0x00, 0x00
.byte 0x00, 0x00, 0x00, 0x00, 0x00, 0x00, 0x00, 0x00, 0x00, 0x00, 0x00, 0x00, 0x00, 0x00, 0x00, 0x00
.byte 0x00, 0x00, 0x00, 0x00, 0x00, 0x00, 0x00, 0x00, 0x00, 0x00, 0x00, 0xff, 0xfe, 0xff, 0xfe, 0xfd
.byte 0xfe, 0xfe, 0xfd, 0xfe, 0xfe, 0xfc, 0xfe, 0xfe, 0xfc, 0xfe, 0xfe, 0xfd, 0xfe, 0xfe, 0xfd, 0xff
.byte 0xfe, 0xfd, 0xfe, 0xfe, 0xfd, 0xff, 0xfe, 0xfd, 0xff, 0xfe, 0xfd, 0xff, 0xff, 0xfd, 0xff, 0x00
.byte 0x00, 0x00, 0x04, 0x08, 0x04, 0x08, 0x0f, 0x08, 0x07, 0x0d, 0x07, 0x07, 0x0d, 0x07, 0x07, 0x0d
.byte 0x07, 0x07, 0x0e, 0x07, 0x07, 0x0e, 0x07, 0x07, 0x0e, 0x07, 0x07, 0x0f, 0x08, 0x08, 0x0f, 0x08
.byte 0x08, 0x10, 0x08, 0x08, 0x10, 0x08, 0x08, 0x11, 0x09, 0x09, 0x11, 0x09, 0x09, 0x12, 0x09, 0x09
.byte 0x12, 0x09, 0x09, 0x14, 0x0a, 0x0a, 0x14, 0x0a, 0x0a, 0x15, 0x0a, 0x0a, 0x15, 0x0a, 0x0a, 0x16
.byte 0x0b, 0x0b, 0x16, 0x0b, 0x0b, 0x17, 0x0b, 0x0b, 0x18, 0x0c, 0x0c, 0x19, 0x0c, 0x0c, 0x1a, 0x0d
.byte 0x0d, 0x1c, 0x0e, 0x0d, 0x1c, 0x0e, 0x01, 0x01, 0x01, 0x00, 0x00, 0x00, 0x00, 0x00, 0x00, 0x00
.byte 0x00, 0x00, 0x00, 0x00, 0x00, 0x00, 0x00, 0x00, 0x00, 0x00, 0x00, 0x00, 0x00, 0x00, 0x00, 0x00
.byte 0x00, 0x00, 0x00, 0x00, 0x00, 0x00, 0x00, 0x00, 0x00, 0x00, 0x00, 0x00, 0x00, 0x00, 0x00, 0x00
.byte 0x00, 0x00, 0x00, 0x00, 0x00, 0x00, 0x00, 0x00, 0x00, 0x00, 0x00, 0x00, 0x00, 0x00, 0x00, 0x00
.byte 0x00, 0x00, 0x00, 0x00, 0x00, 0x00, 0x00, 0x00, 0x00, 0x00, 0x00, 0x00, 0x00, 0x00, 0x00, 0x00
.byte 0x00, 0x00, 0x00, 0x00, 0x00, 0x00, 0x00, 0x00, 0x00, 0x00, 0x00, 0x00, 0x00, 0x00, 0x00, 0x00
.byte 0x00, 0x00, 0x00, 0x00, 0xff, 0x00, 0x00, 0xff, 0x00, 0x00, 0x00, 0x00, 0x00, 0xff, 0x00, 0x00
.byte 0xff, 0x00, 0xff, 0xff, 0x00, 0xfe, 0xfe, 0xff, 0x00, 0x00, 0x00, 0x00, 0x00, 0x00, 0x01, 0x01
.byte 0x01, 0x06, 0x0c, 0x07, 0x07, 0x0d, 0x07, 0x06, 0x0b, 0x06, 0x06, 0x0a, 0x06, 0x05, 0x0a, 0x06
.byte 0x05, 0x09, 0x05, 0x03, 0x06, 0x04, 0x02, 0x05, 0x02, 0x02, 0x04, 0x02, 0x01, 0x03, 0x02, 0x01
.byte 0x02, 0x01, 0x00, 0x01, 0x00, 0x00, 0x00, 0x00, 0x00, 0x00, 0x00, 0x00, 0x00, 0x00, 0x00, 0x00
.byte 0x00, 0x00, 0x00, 0x00, 0x00, 0x00, 0x00, 0x00, 0x00, 0x00, 0x00, 0x00, 0x00, 0x00, 0x00, 0x00
.byte 0x00, 0x00, 0x00, 0x00, 0x00, 0x00, 0x00, 0x00, 0x00, 0x00, 0x00, 0x00, 0x00, 0x00, 0x00, 0x00
.byte 0x00, 0x00, 0x00, 0x00, 0x00, 0xfe, 0xfe, 0xff, 0xfe, 0xfd, 0xfe, 0xfe, 0xfc, 0xfe, 0xfd, 0xfc
.byte 0xfe, 0xfd, 0xfc, 0xfe, 0xfe, 0xfc, 0xfe, 0xfe, 0xfc, 0xfe, 0xfe, 0xfc, 0xfe, 0xfe, 0xfd, 0xfe
.byte 0xfe, 0xfd, 0xfe, 0xfe, 0xfc, 0xfe, 0x00, 0x00, 0x00, 0x00, 0x00, 0x00, 0x07, 0x0f, 0x08, 0x06
.byte 0x0c, 0x06, 0x06, 0x0c, 0x06, 0x06, 0x0c, 0x06, 0x06, 0x0c, 0x06, 0x06, 0x0d, 0x06, 0x07, 0x0d
.byte 0x07, 0x07, 0x0d, 0x07, 0x07, 0x0e, 0x07, 0x07, 0x0e, 0x07, 0x07, 0x0f, 0x08, 0x08, 0x0f, 0x08
.byte 0x08, 0x10, 0x08, 0x08, 0x10, 0x08, 0x08, 0x11, 0x09, 0x09, 0x12, 0x09, 0x09, 0x13, 0x09, 0x09
.byte 0x13, 0x09, 0x09, 0x14, 0x0a, 0x0a, 0x14, 0x0a, 0x0a, 0x15, 0x0a, 0x0a, 0x15, 0x0a, 0x0a, 0x16
.byte 0x0b, 0x0b, 0x17, 0x0b, 0x0b, 0x18, 0x0c, 0x0c, 0x19, 0x0c, 0x0c, 0x1a, 0x0d, 0x0d, 0x1b, 0x0d
.byte 0x09, 0x14, 0x0b, 0x00, 0x00, 0x00, 0x00, 0x00, 0x00, 0x00, 0x00, 0x00, 0x00, 0x00, 0x00, 0x00
.byte 0x00, 0x00, 0x00, 0x00, 0x00, 0x00, 0x00, 0x00, 0x00, 0x00, 0x00, 0x00, 0x00, 0x00, 0x00, 0x00
.byte 0x00, 0x00, 0x00, 0x00, 0x00, 0x00, 0x00, 0x00, 0x00, 0x00, 0x00, 0x00, 0x00, 0x00, 0x00, 0x00
.byte 0x00, 0x00, 0x00, 0x00, 0x00, 0x00, 0x00, 0x00, 0x00, 0x00, 0x00, 0x00, 0x00, 0x00, 0x00, 0x00
.byte 0x00, 0x00, 0x00, 0x00, 0x00, 0x00, 0x00, 0x00, 0x00, 0x00, 0x00, 0x00, 0x00, 0x00, 0x00, 0x00
.byte 0x00, 0x00, 0x00, 0x00, 0x00, 0x00, 0x00, 0x00, 0x00, 0x00, 0x00, 0x00, 0x00, 0xff, 0xff, 0x00
.byte 0xff, 0xfe, 0x00, 0xff, 0xff, 0x00, 0xff, 0xfe, 0xff, 0xff, 0xfe, 0xff, 0xfe, 0xfe, 0xff, 0xfe
.byte 0xfd, 0xff, 0xfe, 0xfd, 0xfe, 0xfe, 0xfd, 0xfe, 0x00, 0x00, 0x00, 0x00, 0x00, 0x00, 0x01, 0x02
.byte 0x01, 0x06, 0x0b, 0x06, 0x06, 0x0c, 0x07, 0x05, 0x0a, 0x06, 0x05, 0x09, 0x05, 0x03, 0x06, 0x04
.byte 0x03, 0x05, 0x03, 0x02, 0x04, 0x02, 0x01, 0x03, 0x02, 0x01, 0x02, 0x01, 0x01, 0x01, 0x01, 0x00
.byte 0x00, 0x00, 0x00, 0x00, 0x00, 0x00, 0x00, 0x00, 0x00, 0x00, 0x00, 0x00, 0x00, 0x00, 0x00, 0x00
.byte 0x00, 0x00, 0x00, 0x00, 0x00, 0x00, 0x00, 0x00, 0x00, 0x00, 0x00, 0x00, 0x00, 0x00, 0x00, 0x00
.byte 0x00, 0x00, 0x00, 0x00, 0x00, 0x00, 0x00, 0x00, 0x00, 0x00, 0x00, 0x00, 0x00, 0x00, 0x00, 0xfe
.byte 0xfd, 0xfe, 0xfe, 0xfc, 0xfe, 0xfd, 0xfb, 0xfe, 0xfd, 0xfb, 0xfe, 0xfd, 0xfb, 0xfe, 0xfd, 0xfc
.byte 0xfe, 0xfd, 0xfc, 0xfe, 0xfd, 0xfc, 0xfe, 0xfd, 0xfc, 0xfe, 0xfd, 0xfc, 0xfe, 0xff, 0xfe, 0xff
.byte 0x00, 0x00, 0x00, 0x04, 0x0b, 0x05, 0x06, 0x0b, 0x06, 0x05, 0x0b, 0x05, 0x05, 0x0b, 0x06, 0x06
.byte 0x0b, 0x06, 0x06, 0x0b, 0x06, 0x06, 0x0c, 0x06, 0x06, 0x0c, 0x06, 0x06, 0x0c, 0x06, 0x07, 0x0d
.byte 0x06, 0x07, 0x0d, 0x07, 0x07, 0x0e, 0x07, 0x07, 0x0e, 0x07, 0x08, 0x0f, 0x08, 0x08, 0x10, 0x08
.byte 0x08, 0x10, 0x08, 0x08, 0x12, 0x09, 0x09, 0x12, 0x09, 0x09, 0x13, 0x09, 0x09, 0x13, 0x09, 0x09
.byte 0x13, 0x09, 0x0a, 0x14, 0x0a, 0x0a, 0x14, 0x0a, 0x0a, 0x15, 0x0a, 0x0a, 0x16, 0x0b, 0x0b, 0x16
.byte 0x0b, 0x0b, 0x17, 0x0b, 0x0b, 0x18, 0x0c, 0x0c, 0x19, 0x0c, 0x0c, 0x19, 0x0d, 0x00, 0x00, 0x00
.byte 0x00, 0x00, 0x00, 0x00, 0x00, 0x00, 0x00, 0x00, 0x00, 0x00, 0x00, 0x00, 0x00, 0x00, 0x00, 0x00
.byte 0x00, 0x00, 0x00, 0x00, 0x00, 0x00, 0x00, 0x00, 0x00, 0x00, 0x00, 0x00, 0x00, 0x00, 0x00, 0x00
.byte 0x00, 0x00, 0x00, 0x00, 0x00, 0x00, 0x00, 0x00, 0x00, 0x00, 0x00, 0x00, 0x00, 0x00, 0x00, 0x00
.byte 0x00, 0x00, 0x00, 0x00, 0x00, 0x00, 0x00, 0x00, 0x00, 0x00, 0x00, 0x00, 0x00, 0x00, 0x00, 0x00
.byte 0x00, 0x00, 0x00, 0x00, 0x00, 0x00, 0x00, 0x00, 0x00, 0x00, 0x00, 0x00, 0x00, 0x00, 0x00, 0x00
.byte 0x00, 0x00, 0x00, 0x00, 0x00, 0x00, 0x00, 0xff, 0xff, 0x00, 0xff, 0xfe, 0xff, 0xff, 0xfe, 0xff
.byte 0xfe, 0xfe, 0xff, 0xfe, 0xfd, 0xff, 0xff, 0xfe, 0xff, 0xff, 0xfd, 0xff, 0xff, 0xfd, 0xff, 0xfe
.byte 0xfd, 0xfe, 0xfe, 0xfd, 0xfe, 0xff, 0xfd, 0xff, 0x00, 0x00, 0x00, 0x00, 0x00, 0x00, 0x05, 0x09
.byte 0x05, 0x05, 0x0a, 0x06, 0x05, 0x09, 0x05, 0x04, 0x08, 0x05, 0x03, 0x06, 0x04, 0x02, 0x04, 0x02
.byte 0x01, 0x03, 0x02, 0x01, 0x02, 0x01, 0x01, 0x01, 0x01, 0x00, 0x00, 0x00, 0x00, 0x00, 0x00, 0x00
.byte 0x00, 0x00, 0x00, 0x00, 0x00, 0x00, 0x00, 0x00, 0x00, 0x00, 0x00, 0x00, 0x00, 0x00, 0x00, 0x00
.byte 0x00, 0x00, 0x00, 0x00, 0x00, 0x00, 0x00, 0x00, 0x00, 0x00, 0x00, 0x00, 0x00, 0x00, 0x00, 0x00
.byte 0x00, 0x00, 0x00, 0x00, 0x00, 0x00, 0x00, 0x00, 0x00, 0xfe, 0xfd, 0xfe, 0xfe, 0xfc, 0xfe, 0xfd
.byte 0xfc, 0xfe, 0xfd, 0xfb, 0xfd, 0xfd, 0xfb, 0xfd, 0xfd, 0xfb, 0xfe, 0xfd, 0xfc, 0xfe, 0xfd, 0xfb
.byte 0xfe, 0xfd, 0xfb, 0xfe, 0xfe, 0xfd, 0xff, 0x00, 0x00, 0x00, 0x01, 0x03, 0x01, 0x05, 0x0a, 0x05
.byte 0x05, 0x09, 0x05, 0x05, 0x09, 0x05, 0x05, 0x0a, 0x05, 0x05, 0x0a, 0x05, 0x05, 0x0a, 0x05, 0x05
.byte 0x0b, 0x06, 0x06, 0x0b, 0x06, 0x06, 0x0b, 0x06, 0x06, 0x0c, 0x06, 0x06, 0x0c, 0x06, 0x07, 0x0d
.byte 0x07, 0x07, 0x0e, 0x07, 0x07, 0x0e, 0x07, 0x08, 0x10, 0x08, 0x08, 0x10, 0x08, 0x08, 0x11, 0x08
.byte 0x08, 0x11, 0x08, 0x08, 0x12, 0x09, 0x09, 0x12, 0x0a, 0x09, 0x13, 0x0a, 0x09, 0x13, 0x0a, 0x09
.byte 0x14, 0x0a, 0x0a, 0x14, 0x0b, 0x0a, 0x15, 0x0b, 0x0a, 0x15, 0x0b, 0x0a, 0x15, 0x0b, 0x0a, 0x16
.byte 0x0c, 0x0b, 0x16, 0x0c, 0x0b, 0x17, 0x0c, 0x07, 0x10, 0x08, 0x00, 0x00, 0x00, 0x00, 0x00, 0x00
.byte 0x00, 0x00, 0x00, 0x00, 0x00, 0x00, 0x00, 0x00, 0x00, 0x00, 0x00, 0x00, 0x00, 0x00, 0x00, 0x00
.byte 0x00, 0x00, 0x00, 0x00, 0x00, 0x00, 0x00, 0x00, 0x00, 0x00, 0x00, 0x00, 0x00, 0x00, 0x00, 0x00
.byte 0x00, 0x00, 0x00, 0x00, 0x00, 0x00, 0x00, 0x00, 0x00, 0x00, 0x00, 0x00, 0x00, 0x00, 0x00, 0x00
.byte 0x00, 0x00, 0x00, 0x00, 0x00, 0x00, 0x00, 0x00, 0x00, 0x00, 0x00, 0x00, 0x00, 0x00, 0x00, 0x00
.byte 0x00, 0x00, 0x00, 0x00, 0x00, 0x00, 0x00, 0x00, 0x00, 0x00, 0x00, 0x00, 0x00, 0x00, 0x00, 0xff
.byte 0x00, 0xff, 0xff, 0x00, 0xff, 0xff, 0x00, 0xff, 0xfe, 0xff, 0xff, 0xfe, 0xff, 0xff, 0xfe, 0xff
.byte 0xff, 0xfe, 0xff, 0xff, 0xfd, 0xff, 0xff, 0xfe, 0xff, 0xfe, 0xfd, 0xff, 0xfe, 0xfd, 0xff, 0xfe
.byte 0xfd, 0xff, 0xfe, 0xfc, 0xfe, 0xfe, 0xfc, 0xfe, 0x00, 0x00, 0x00, 0x01, 0x01, 0x01, 0x04, 0x08
.byte 0x05, 0x05, 0x09, 0x05, 0x03, 0x06, 0x04, 0x03, 0x05, 0x03, 0x02, 0x03, 0x02, 0x01, 0x02, 0x02
.byte 0x01, 0x01, 0x01, 0x00, 0x00, 0x00, 0x00, 0x00, 0x00, 0x00, 0x00, 0x00, 0x00, 0x00, 0x00, 0x00
.byte 0x00, 0x00, 0x00, 0x00, 0x00, 0x00, 0x00, 0x00, 0x00, 0x00, 0x00, 0x00, 0x00, 0x00, 0x00, 0x00
.byte 0x00, 0x00, 0x00, 0x00, 0x00, 0x00, 0x00, 0x00, 0x00, 0x00, 0x00, 0x00, 0x00, 0x00, 0x00, 0x00
.byte 0x00, 0x00, 0x00, 0xfe, 0xfc, 0xfe, 0xfd, 0xfb, 0xfd, 0xfc, 0xfb, 0xfd, 0xfc, 0xfb, 0xfd, 0xfd
.byte 0xfc, 0xfe, 0xfd, 0xfc, 0xfe, 0xfd, 0xfc, 0xfe, 0xfd, 0xfb, 0xfd, 0xfd, 0xfc, 0xfe, 0x00, 0x00
.byte 0x00, 0x00, 0x00, 0x00, 0x05, 0x09, 0x05, 0x03, 0x06, 0x03, 0x03, 0x06, 0x03, 0x04, 0x08, 0x04
.byte 0x04, 0x09, 0x05, 0x05, 0x09, 0x05, 0x05, 0x09, 0x05, 0x05, 0x0a, 0x05, 0x05, 0x0a, 0x05, 0x05
.byte 0x0b, 0x06, 0x06, 0x0b, 0x06, 0x06, 0x0c, 0x06, 0x06, 0x0c, 0x06, 0x07, 0x0d, 0x07, 0x07, 0x0e
.byte 0x07, 0x07, 0x0f, 0x07, 0x07, 0x10, 0x08, 0x08, 0x10, 0x08, 0x08, 0x11, 0x09, 0x08, 0x11, 0x09
.byte 0x08, 0x12, 0x0a, 0x09, 0x12, 0x0a, 0x09, 0x13, 0x0a, 0x09, 0x13, 0x0a, 0x09, 0x14, 0x0b, 0x09
.byte 0x13, 0x0a, 0x09, 0x13, 0x0a, 0x09, 0x13, 0x0a, 0x09, 0x14, 0x0b, 0x0a, 0x15, 0x0b, 0x0b, 0x17
.byte 0x0c, 0x0b, 0x18, 0x0d, 0x00, 0x00, 0x00, 0x00, 0x00, 0x00, 0x00, 0x00, 0x00, 0x00, 0x00, 0x00
.byte 0x00, 0x00, 0x00, 0x00, 0x00, 0x00, 0x00, 0x00, 0x00, 0x00, 0x00, 0x00, 0x00, 0x00, 0x00, 0x00
.byte 0x00, 0x00, 0x00, 0x00, 0x00, 0x00, 0x00, 0x00, 0x00, 0x00, 0x00, 0x00, 0x00, 0x00, 0x00, 0x00
.byte 0x00, 0x00, 0x00, 0x00, 0x00, 0x00, 0x00, 0x00, 0x00, 0x00, 0x00, 0x00, 0x00, 0x00, 0x00, 0x00
.byte 0x00, 0x00, 0x00, 0x00, 0x00, 0x00, 0x00, 0x00, 0x00, 0x00, 0x00, 0x00, 0x00, 0x00, 0x00, 0x00
.byte 0x00, 0x00, 0x00, 0x00, 0x00, 0x00, 0xff, 0x00, 0xff, 0xff, 0x00, 0xff, 0xff, 0x00, 0xff, 0xfe
.byte 0x00, 0xff, 0xfe, 0xff, 0xff, 0xfe, 0xff, 0xff, 0xfe, 0xff, 0xff, 0xfe, 0xff, 0xfe, 0xfd, 0xff
.byte 0xff, 0xfe, 0xff, 0xfe, 0xfe, 0xff, 0xfe, 0xfd, 0xff, 0xfe, 0xfc, 0xfe, 0xfe, 0xfc, 0xfe, 0xfe
.byte 0xfc, 0xfe, 0xfe, 0xfc, 0xfe, 0x00, 0x00, 0x00, 0x00, 0x00, 0x00, 0x03, 0x05, 0x03, 0x04, 0x08
.byte 0x05, 0x03, 0x05, 0x03, 0x02, 0x03, 0x02, 0x01, 0x02, 0x02, 0x00, 0x01, 0x00, 0x00, 0x00, 0x00
.byte 0x00, 0x00, 0x00, 0x00, 0x00, 0x00, 0x00, 0x00, 0x00, 0x00, 0x00, 0x00, 0x00, 0x00, 0x00, 0x00
.byte 0x00, 0x00, 0x00, 0x00, 0x00, 0x00, 0x00, 0x00, 0x00, 0x00, 0x00, 0x00, 0x00, 0x00, 0x00, 0x00
.byte 0x00, 0x00, 0x00, 0x00, 0x00, 0x00, 0x00, 0x00, 0x00, 0x00, 0xfe, 0xfe, 0xff, 0xfd, 0xfb, 0xfd
.byte 0xfd, 0xfb, 0xfd, 0xfd, 0xfb, 0xfd, 0xfd, 0xfc, 0xfe, 0xfe, 0xfc, 0xfe, 0xfe, 0xfc, 0xfe, 0xff
.byte 0xfd, 0xff, 0xff, 0xfe, 0xff, 0x00, 0x00, 0x00, 0x00, 0x00, 0x00, 0x04, 0x08, 0x04, 0x02, 0x04
.byte 0x02, 0x02, 0x04, 0x02, 0x02, 0x05, 0x02, 0x03, 0x06, 0x03, 0x03, 0x06, 0x03, 0x03, 0x06, 0x03
.byte 0x04, 0x09, 0x05, 0x05, 0x0a, 0x05, 0x05, 0x0b, 0x05, 0x05, 0x0b, 0x05, 0x05, 0x0c, 0x06, 0x06
.byte 0x0c, 0x06, 0x06, 0x0d, 0x06, 0x06, 0x0d, 0x06, 0x06, 0x0e, 0x07, 0x07, 0x0f, 0x07, 0x07, 0x0f
.byte 0x07, 0x07, 0x0f, 0x07, 0x08, 0x10, 0x09, 0x08, 0x11, 0x09, 0x08, 0x12, 0x09, 0x09, 0x12, 0x0a
.byte 0x09, 0x13, 0x0a, 0x09, 0x13, 0x0a, 0x09, 0x12, 0x0a, 0x08, 0x11, 0x09, 0x08, 0x11, 0x09, 0x09
.byte 0x12, 0x0a, 0x09, 0x13, 0x0a, 0x0a, 0x14, 0x0b, 0x0a, 0x16, 0x0c, 0x0b, 0x17, 0x0c, 0x00, 0x00
.byte 0x00, 0x00, 0x00, 0x00, 0x00, 0x00, 0x00, 0x00, 0x00, 0x00, 0x00, 0x00, 0x00, 0x00, 0x00, 0x00
.byte 0x00, 0x00, 0x00, 0x00, 0x00, 0x00, 0x00, 0x00, 0x00, 0x00, 0x00, 0x00, 0x00, 0x00, 0x00, 0x00
.byte 0x00, 0x00, 0x00, 0x00, 0x00, 0x00, 0x00, 0x00, 0x00, 0x00, 0x00, 0x00, 0x00, 0x00, 0x00, 0x00
.byte 0x00, 0x00, 0x00, 0x00, 0x00, 0x00, 0x00, 0x00, 0x00, 0x00, 0x00, 0x00, 0x00, 0x00, 0x00, 0x00
.byte 0x00, 0x00, 0x00, 0x00, 0x00, 0x00, 0x00, 0x00, 0x00, 0x00, 0x00, 0x00, 0x00, 0x00, 0x00, 0x00
.byte 0x00, 0x00, 0x00, 0x00, 0x00, 0x00, 0xff, 0x00, 0xff, 0xff, 0xff, 0x00, 0xff, 0x00, 0xff, 0xff
.byte 0xff, 0xff, 0xfe, 0xff, 0xff, 0xfe, 0xff, 0xff, 0xfe, 0xff, 0xff, 0xfe, 0xff, 0xff, 0xfe, 0xff
.byte 0xfe, 0xfd, 0xff, 0xfe, 0xfd, 0xff, 0xfe, 0xfd, 0xff, 0xfe, 0xfc, 0xfe, 0xfe, 0xfd, 0xfe, 0xfe
.byte 0xfd, 0xfe, 0x00, 0xff, 0x00, 0x00, 0x00, 0x00, 0x02, 0x04, 0x02, 0x04, 0x08, 0x04, 0x02, 0x05
.byte 0x02, 0x01, 0x03, 0x02, 0x01, 0x01, 0x01, 0x00, 0x00, 0x00, 0x00, 0x00, 0x00, 0x00, 0x00, 0x00
.byte 0x00, 0x00, 0x00, 0x00, 0x00, 0x00, 0x00, 0x00, 0x00, 0x00, 0x00, 0x00, 0x00, 0x00, 0x00, 0x00
.byte 0x00, 0x00, 0x00, 0x00, 0x00, 0x00, 0x00, 0x00, 0x00, 0x00, 0x00, 0x00, 0x00, 0x00, 0x00, 0x00
.byte 0x00, 0x00, 0x00, 0x00, 0x00, 0x00, 0x00, 0xfd, 0xfa, 0xfd, 0xfe, 0xfb, 0xfe, 0xfe, 0xfc, 0xfe
.byte 0xfe, 0xfc, 0xfe, 0xfe, 0xfd, 0xff, 0xff, 0xfe, 0xff, 0x00, 0x00, 0x00, 0x00, 0x00, 0x00, 0x00
.byte 0x00, 0x00, 0x03, 0x07, 0x03, 0x01, 0x03, 0x01, 0x01, 0x03, 0x01, 0x01, 0x04, 0x02, 0x02, 0x05
.byte 0x02, 0x02, 0x05, 0x02, 0x03, 0x06, 0x03, 0x03, 0x07, 0x03, 0x04, 0x08, 0x04, 0x04, 0x0a, 0x05
.byte 0x05, 0x0a, 0x05, 0x05, 0x0b, 0x05, 0x05, 0x0b, 0x05, 0x06, 0x0c, 0x06, 0x06, 0x0c, 0x06, 0x06
.byte 0x0d, 0x06, 0x06, 0x0d, 0x06, 0x06, 0x0e, 0x07, 0x07, 0x0e, 0x08, 0x07, 0x0f, 0x08, 0x07, 0x10
.byte 0x08, 0x08, 0x11, 0x09, 0x08, 0x11, 0x09, 0x08, 0x11, 0x09, 0x08, 0x11, 0x09, 0x08, 0x10, 0x09
.byte 0x08, 0x10, 0x09, 0x08, 0x10, 0x09, 0x08, 0x11, 0x09, 0x08, 0x11, 0x09, 0x09, 0x12, 0x0a, 0x09
.byte 0x13, 0x0a, 0x0a, 0x15, 0x0b, 0x0a, 0x16, 0x0c, 0x09, 0x14, 0x0a, 0x00, 0x00, 0x00, 0x00, 0x00
.byte 0x00, 0x00, 0x00, 0x00, 0x00, 0x00, 0x00, 0x00, 0x00, 0x00, 0x00, 0x00, 0x00, 0x00, 0x00, 0x00
.byte 0x00, 0x00, 0x00, 0x00, 0x00, 0x00, 0x00, 0x00, 0x00, 0x00, 0x00, 0x00, 0x00, 0x00, 0x00, 0x00
.byte 0x00, 0x00, 0x00, 0x00, 0x00, 0x00, 0x00, 0x00, 0x00, 0x00, 0x00, 0x00, 0x00, 0x00, 0x00, 0x00
.byte 0x00, 0x00, 0x00, 0x00, 0x00, 0x00, 0x00, 0x00, 0x00, 0x00, 0x00, 0x00, 0x00, 0x00, 0x00, 0x00
.byte 0x00, 0x00, 0x00, 0x00, 0x00, 0x00, 0x00, 0x00, 0x00, 0x00, 0x00, 0x00, 0x00, 0x00, 0x00, 0x00
.byte 0xff, 0x00, 0xff, 0xff, 0xff, 0x00, 0xff, 0x00, 0xff, 0xff, 0xff, 0xff, 0xff, 0xff, 0xff, 0xfe
.byte 0xff, 0xff, 0xfe, 0xff, 0xff, 0xfe, 0xff, 0xff, 0xfe, 0xff, 0xfe, 0xfd, 0xff, 0xfe, 0xfd, 0xff
.byte 0xfe, 0xfd, 0xff, 0xfe, 0xfd, 0xff, 0xfe, 0xfd, 0xff, 0xfe, 0xfd, 0xff, 0xfe, 0xfe, 0xff, 0xfe
.byte 0xfe, 0xff, 0x00, 0x00, 0x00, 0x02, 0x04, 0x02, 0x04, 0x08, 0x05, 0x02, 0x05, 0x02, 0x01, 0x03
.byte 0x02, 0x00, 0x00, 0x00, 0x00, 0x00, 0x00, 0x00, 0x00, 0x00, 0x00, 0x00, 0x00, 0x00, 0x00, 0x00
.byte 0x00, 0x00, 0x00, 0x00, 0x00, 0x00, 0x00, 0x00, 0x00, 0x00, 0x00, 0x00, 0x00, 0x00, 0x00, 0x00
.byte 0x00, 0x00, 0x00, 0x00, 0x00, 0x00, 0x00, 0x00, 0x00, 0x00, 0x00, 0x00, 0x00, 0x00, 0x00, 0x00
.byte 0x00, 0x00, 0x00, 0x00, 0xfd, 0xfa, 0xfd, 0xfe, 0xfc, 0xfe, 0xfe, 0xfd, 0xfe, 0xff, 0xfe, 0xff
.byte 0x00, 0x00, 0x00, 0x00, 0x00, 0x00, 0x01, 0x01, 0x01, 0x03, 0x06, 0x03, 0x01, 0x02, 0x01, 0x01
.byte 0x01, 0x01, 0x01, 0x02, 0x01, 0x01, 0x03, 0x01, 0x01, 0x04, 0x01, 0x02, 0x04, 0x02, 0x02, 0x05
.byte 0x02, 0x03, 0x07, 0x03, 0x03, 0x07, 0x03, 0x04, 0x08, 0x04, 0x04, 0x0a, 0x05, 0x05, 0x0a, 0x05
.byte 0x05, 0x0b, 0x05, 0x05, 0x0b, 0x05, 0x05, 0x0c, 0x06, 0x06, 0x0c, 0x07, 0x06, 0x0d, 0x07, 0x06
.byte 0x0e, 0x08, 0x07, 0x0f, 0x08, 0x07, 0x0f, 0x08, 0x07, 0x10, 0x08, 0x07, 0x10, 0x08, 0x07, 0x0f
.byte 0x08, 0x07, 0x0e, 0x08, 0x07, 0x0e, 0x08, 0x07, 0x0f, 0x08, 0x07, 0x0f, 0x08, 0x07, 0x10, 0x09
.byte 0x08, 0x10, 0x09, 0x09, 0x11, 0x09, 0x09, 0x11, 0x09, 0x0a, 0x12, 0x0a, 0x0a, 0x14, 0x0a, 0x0b
.byte 0x15, 0x0b, 0x0c, 0x18, 0x0c, 0x00, 0x00, 0x00, 0x00, 0x00, 0x00, 0x00, 0x00, 0x00, 0x00, 0x00
.byte 0x00, 0x00, 0x00, 0x00, 0x00, 0x00, 0x00, 0x00, 0x00, 0x00, 0x00, 0x00, 0x00, 0x00, 0x00, 0x00
.byte 0x00, 0x00, 0x00, 0x00, 0x00, 0x00, 0x00, 0x00, 0x00, 0x00, 0x00, 0x00, 0x00, 0x00, 0x00, 0x00
.byte 0x00, 0x00, 0x00, 0x00, 0x00, 0x00, 0x00, 0x00, 0x00, 0x00, 0x00, 0x00, 0x00, 0x00, 0x00, 0x00
.byte 0x00, 0x00, 0x00, 0x00, 0x00, 0x00, 0x00, 0x00, 0x00, 0x00, 0x00, 0x00, 0x00, 0x00, 0x00, 0x00
.byte 0x00, 0x00, 0x00, 0x00, 0x00, 0x00, 0x00, 0x00, 0x00, 0x00, 0xff, 0x00, 0xff, 0xff, 0xff, 0xff
.byte 0xff, 0xff, 0xff, 0xff, 0xff, 0xff, 0xfe, 0xff, 0xff, 0xfe, 0xff, 0xff, 0xfe, 0xff, 0xff, 0xfe
.byte 0xff, 0xff, 0xfe, 0xff, 0xfe, 0xfe, 0xff, 0xfe, 0xfd, 0xff, 0xfe, 0xfd, 0xff, 0xfe, 0xfd, 0xff
.byte 0xfe, 0xfe, 0xff, 0xfe, 0xfd, 0xff, 0xfe, 0xfd, 0xff, 0xfe, 0xfc, 0xfe, 0xfe, 0xfc, 0xfe, 0x00
.byte 0x00, 0x00, 0x01, 0x03, 0x02, 0x00, 0x00, 0x00, 0x00, 0x00, 0x00, 0x00, 0x00, 0x00, 0x00, 0x00
.byte 0x00, 0x00, 0x00, 0x00, 0x00, 0x00, 0x00, 0x00, 0x00, 0x00, 0x00, 0x00, 0x00, 0x00, 0x00, 0x00
.byte 0x00, 0x00, 0x00, 0x00, 0x00, 0x00, 0x00, 0x00, 0x00, 0x00, 0x00, 0x00, 0x00, 0x00, 0x00, 0x00
.byte 0x00, 0x00, 0x00, 0x00, 0x00, 0x00, 0x00, 0x00, 0x00, 0x00, 0x00, 0x00, 0x00, 0x00, 0x00, 0x00
.byte 0x00, 0x00, 0x00, 0x00, 0xff, 0xff, 0xff, 0x00, 0x00, 0x00, 0x00, 0x00, 0x00, 0x01, 0x01, 0x01
.byte 0x00, 0x01, 0x00, 0x00, 0x00, 0x00, 0x00, 0x00, 0x00, 0x00, 0x00, 0x00, 0x00, 0x01, 0x00, 0x01
.byte 0x02, 0x01, 0x01, 0x02, 0x01, 0x01, 0x03, 0x01, 0x02, 0x04, 0x02, 0x02, 0x05, 0x02, 0x03, 0x06
.byte 0x03, 0x03, 0x07, 0x03, 0x04, 0x08, 0x04, 0x04, 0x0a, 0x05, 0x05, 0x0a, 0x05, 0x05, 0x0b, 0x05
.byte 0x05, 0x0b, 0x05, 0x06, 0x0c, 0x07, 0x06, 0x0d, 0x07, 0x06, 0x0e, 0x08, 0x06, 0x0e, 0x08, 0x07
.byte 0x0f, 0x08, 0x06, 0x0d, 0x07, 0x06, 0x0c, 0x07, 0x06, 0x0d, 0x07, 0x06, 0x0d, 0x07, 0x06, 0x0d
.byte 0x07, 0x07, 0x0e, 0x08, 0x07, 0x0f, 0x08, 0x07, 0x0f, 0x08, 0x08, 0x10, 0x09, 0x08, 0x11, 0x09
.byte 0x08, 0x11, 0x09, 0x08, 0x11, 0x09, 0x09, 0x12, 0x0a, 0x09, 0x13, 0x0a, 0x0a, 0x16, 0x0b, 0x00
.byte 0x00, 0x00, 0x00, 0x00, 0x00, 0x00, 0x00, 0x00, 0x00, 0x00, 0x00, 0x00, 0x00, 0x00, 0x00, 0x00
.byte 0x00, 0x00, 0x00, 0x00, 0x00, 0x00, 0x00, 0x00, 0x00, 0x00, 0x00, 0x00, 0x00, 0x00, 0x00, 0x00
.byte 0x00, 0x00, 0x00, 0x00, 0x00, 0x00, 0x00, 0x00, 0x00, 0x00, 0x00, 0x00, 0x00, 0x00, 0x00, 0x00
.byte 0x00, 0x00, 0x00, 0x00, 0x00, 0x00, 0x00, 0x00, 0x00, 0x00, 0x00, 0x00, 0x00, 0x00, 0x00, 0x00
.byte 0x00, 0x00, 0x00, 0x00, 0x00, 0x00, 0x00, 0x00, 0x00, 0x00, 0x00, 0x00, 0x00, 0x00, 0x00, 0x00
.byte 0x00, 0xff, 0x00, 0x00, 0xff, 0x00, 0x00, 0xff, 0x00, 0xff, 0xff, 0xff, 0xff, 0xff, 0xff, 0xff
.byte 0xfe, 0xff, 0xff, 0xff, 0xff, 0xfe, 0xfe, 0xff, 0xff, 0xfe, 0xff, 0xff, 0xfe, 0xff, 0xff, 0xfe
.byte 0xff, 0xfe, 0xfe, 0xff, 0xfe, 0xfe, 0xff, 0xfe, 0xfd, 0xff, 0xfe, 0xfd, 0xff, 0xfe, 0xfd, 0xff
.byte 0xfe, 0xfd, 0xff, 0xfe, 0xfd, 0xff, 0xfd, 0xfc, 0xfe, 0xfd, 0xfc, 0xfe, 0x00, 0x00, 0x00, 0x00
.byte 0x00, 0x00, 0x00, 0x00, 0x00, 0x00, 0x00, 0x00, 0x00, 0x00, 0x00, 0x00, 0x00, 0x00, 0x00, 0x00
.byte 0x00, 0x00, 0x00, 0x00, 0x00, 0x00, 0x00, 0x00, 0x00, 0x00, 0x00, 0x00, 0x00, 0x00, 0x00, 0x00
.byte 0x00, 0x00, 0x00, 0x00, 0x00, 0x00, 0x00, 0x00, 0x00, 0x00, 0x00, 0x00, 0x00, 0x00, 0x00, 0x00
.byte 0x00, 0x00, 0x00, 0x00, 0x00, 0x00, 0x00, 0x00, 0x00, 0x00, 0x00, 0x00, 0x00, 0x00, 0x00, 0x00
.byte 0x00, 0x00, 0x00, 0x00, 0x00, 0x00, 0x00, 0x00, 0x00, 0x00, 0x00, 0x00, 0x00, 0x00, 0x00, 0x00
.byte 0x00, 0x00, 0x00, 0x00, 0x00, 0x00, 0x00, 0x00, 0x00, 0x00, 0x01, 0x00, 0x01, 0x01, 0x01, 0x01
.byte 0x02, 0x01, 0x01, 0x03, 0x01, 0x02, 0x04, 0x02, 0x02, 0x04, 0x02, 0x03, 0x07, 0x03, 0x03, 0x07
.byte 0x03, 0x04, 0x0a, 0x05, 0x04, 0x0a, 0x06, 0x05, 0x0b, 0x06, 0x05, 0x0b, 0x06, 0x05, 0x0c, 0x07
.byte 0x06, 0x0d, 0x07, 0x06, 0x0d, 0x07, 0x05, 0x0c, 0x07, 0x05, 0x0b, 0x06, 0x05, 0x0b, 0x07, 0x05
.byte 0x0c, 0x07, 0x06, 0x0c, 0x07, 0x06, 0x0c, 0x07, 0x06, 0x0d, 0x07, 0x06, 0x0d, 0x07, 0x07, 0x0e
.byte 0x08, 0x07, 0x0f, 0x08, 0x07, 0x0f, 0x08, 0x08, 0x10, 0x09, 0x08, 0x11, 0x09, 0x08, 0x11, 0x09
.byte 0x08, 0x11, 0x09, 0x09, 0x13, 0x0a, 0x09, 0x15, 0x0b, 0x00, 0x00, 0x00, 0x00, 0x00, 0x00, 0x00
.byte 0x00, 0x00, 0x00, 0x00, 0x00, 0x00, 0x00, 0x00, 0x00, 0x00, 0x00, 0x00, 0x00, 0x00, 0x00, 0x00
.byte 0x00, 0x00, 0x00, 0x00, 0x00, 0x00, 0x00, 0x00, 0x00, 0x00, 0x00, 0x00, 0x00, 0x00, 0x00, 0x00
.byte 0x00, 0x00, 0x00, 0x00, 0x00, 0x00, 0x00, 0x00, 0x00, 0x00, 0x00, 0x00, 0x00, 0x00, 0x00, 0x00
.byte 0x00, 0x00, 0x00, 0x00, 0x00, 0x00, 0x00, 0x00, 0x00, 0x00, 0x00, 0x00, 0x00, 0x00, 0x00, 0x00
.byte 0x00, 0x00, 0x00, 0x00, 0x00, 0x00, 0x00, 0x00, 0x00, 0x00, 0x00, 0xff, 0x00, 0x00, 0xff, 0x00
.byte 0x00, 0xff, 0x00, 0x00, 0xff, 0x00, 0x00, 0xff, 0x00, 0xff, 0xff, 0xff, 0xff, 0xfe, 0xff, 0xff
.byte 0xfe, 0xff, 0xff, 0xfe, 0xff, 0xff, 0xfe, 0xff, 0xff, 0xfe, 0xff, 0xff, 0xfe, 0xff, 0xff, 0xfe
.byte 0xff, 0xfe, 0xfe, 0xff, 0xfe, 0xfd, 0xff, 0xfe, 0xfd, 0xff, 0xfe, 0xfd, 0xff, 0xfe, 0xfd, 0xff
.byte 0xfe, 0xfd, 0xff, 0x00, 0x00, 0x00, 0x00, 0x00, 0x00, 0x00, 0x00, 0x00, 0x00, 0x00, 0x00, 0x00
.byte 0x00, 0x00, 0x00, 0x00, 0x00, 0x00, 0x00, 0x00, 0x00, 0x00, 0x00, 0x00, 0x00, 0x00, 0x00, 0x00
.byte 0x00, 0x00, 0x00, 0x00, 0x00, 0x00, 0x00, 0x00, 0x00, 0x00, 0x00, 0x00, 0x00, 0x00, 0x00, 0x00
.byte 0x00, 0x00, 0x00, 0x00, 0x00, 0x00, 0x00, 0x00, 0x00, 0x00, 0x00, 0x00, 0x00, 0x00, 0x00, 0x00
.byte 0x00, 0x00, 0x00, 0x00, 0x00, 0x00, 0x00, 0x00, 0x00, 0x00, 0x00, 0x00, 0x00, 0x00, 0x00, 0x00
.byte 0x00, 0x00, 0x00, 0x00, 0x00, 0x00, 0x00, 0x00, 0x00, 0x00, 0x00, 0x00, 0x00, 0x00, 0x00, 0x00
.byte 0x00, 0x00, 0x00, 0x00, 0x00, 0x00, 0x00, 0x00, 0x00, 0x01, 0x02, 0x01, 0x01, 0x03, 0x02, 0x01
.byte 0x03, 0x02, 0x02, 0x04, 0x03, 0x02, 0x06, 0x03, 0x04, 0x08, 0x04, 0x04, 0x0a, 0x06, 0x05, 0x0b
.byte 0x06, 0x05, 0x0b, 0x06, 0x05, 0x0c, 0x07, 0x05, 0x0a, 0x06, 0x04, 0x0a, 0x05, 0x04, 0x0a, 0x06
.byte 0x05, 0x0a, 0x06, 0x05, 0x0b, 0x06, 0x05, 0x0b, 0x06, 0x05, 0x0b, 0x06, 0x05, 0x0c, 0x07, 0x06
.byte 0x0c, 0x07, 0x06, 0x0d, 0x07, 0x06, 0x0d, 0x07, 0x06, 0x0e, 0x07, 0x07, 0x0e, 0x08, 0x07, 0x0f
.byte 0x08, 0x07, 0x0f, 0x08, 0x08, 0x10, 0x09, 0x08, 0x10, 0x09, 0x08, 0x12, 0x09, 0x08, 0x13, 0x0a
.byte 0x09, 0x14, 0x0a, 0x09, 0x12, 0x09, 0x00, 0x00, 0x00, 0x00, 0x00, 0x00, 0x00, 0x00, 0x00, 0x00
.byte 0x00, 0x00, 0x00, 0x00, 0x00, 0x00, 0x00, 0x00, 0x00, 0x00, 0x00, 0x00, 0x00, 0x00, 0x00, 0x00
.byte 0x00, 0x00, 0x00, 0x00, 0x00, 0x00, 0x00, 0x00, 0x00, 0x00, 0x00, 0x00, 0x00, 0x00, 0x00, 0x00
.byte 0x00, 0x00, 0x00, 0x00, 0x00, 0x00, 0x00, 0x00, 0x00, 0x00, 0x00, 0x00, 0x00, 0x00, 0x00, 0x00
.byte 0x00, 0x00, 0x00, 0x00, 0x00, 0x00, 0x00, 0x00, 0x00, 0x00, 0x00, 0x00, 0x00, 0x00, 0x00, 0x00
.byte 0x00, 0x00, 0x00, 0x00, 0x00, 0x00, 0x00, 0x00, 0xff, 0x00, 0x00, 0xff, 0x00, 0x00, 0xff, 0x00
.byte 0x00, 0xff, 0x00, 0x00, 0xff, 0x00, 0x00, 0xff, 0x00, 0xff, 0xff, 0xff, 0xff, 0xff, 0xff, 0xff
.byte 0xfe, 0xff, 0xff, 0xfe, 0xff, 0xff, 0xfe, 0xff, 0xff, 0xfe, 0xff, 0xff, 0xfe, 0xff, 0xff, 0xfe
.byte 0xff, 0xff, 0xfd, 0xfe, 0xff, 0xfd, 0xfe, 0xff, 0xfd, 0xfe, 0xff, 0xff, 0xff, 0x00, 0x00, 0x00
.byte 0x00, 0x00, 0x00, 0x00, 0x00, 0x00, 0x00, 0x00, 0x00, 0x00, 0x00, 0x00, 0x00, 0x00, 0x00, 0x00
.byte 0x00, 0x00, 0x00, 0x00, 0x00, 0x00, 0x00, 0x00, 0x00, 0x00, 0x00, 0x00, 0x00, 0x00, 0x00, 0x00
.byte 0x00, 0x00, 0x00, 0x00, 0x00, 0x00, 0x00, 0x00, 0x00, 0x00, 0x00, 0x00, 0x00, 0x00, 0x00, 0x00
.byte 0x00, 0x00, 0x00, 0x00, 0x00, 0x00, 0x00, 0x00, 0x00, 0x00, 0x00, 0x00, 0x00, 0x00, 0x00, 0x00
.byte 0x00, 0x00, 0x00, 0x00, 0x00, 0x00, 0x00, 0x00, 0x00, 0x00, 0x00, 0x00, 0x00, 0x00, 0x00, 0x00
.byte 0x00, 0x00, 0x00, 0x00, 0x00, 0x00, 0x00, 0x00, 0x00, 0x00, 0x00, 0x00, 0x00, 0x00, 0x00, 0x00
.byte 0x00, 0x01, 0x00, 0x00, 0x01, 0x01, 0x01, 0x02, 0x01, 0x02, 0x04, 0x02, 0x02, 0x06, 0x03, 0x04
.byte 0x08, 0x05, 0x04, 0x0a, 0x05, 0x05, 0x0b, 0x06, 0x04, 0x0a, 0x06, 0x02, 0x06, 0x03, 0x02, 0x06
.byte 0x03, 0x03, 0x07, 0x04, 0x04, 0x09, 0x05, 0x04, 0x0a, 0x05, 0x04, 0x0b, 0x06, 0x06, 0x0b, 0x06
.byte 0x06, 0x0b, 0x06, 0x06, 0x0c, 0x06, 0x06, 0x0d, 0x06, 0x06, 0x0d, 0x07, 0x07, 0x0d, 0x07, 0x07
.byte 0x0e, 0x07, 0x07, 0x0e, 0x07, 0x08, 0x0f, 0x08, 0x08, 0x0f, 0x08, 0x08, 0x10, 0x08, 0x08, 0x11
.byte 0x08, 0x09, 0x11, 0x09, 0x09, 0x11, 0x09, 0x09, 0x12, 0x09, 0x0a, 0x14, 0x0a, 0x0a, 0x14, 0x0a
.byte 0x00, 0x00, 0x00, 0x00, 0x00, 0x00, 0x00, 0x00, 0x00, 0x00, 0x00, 0x00, 0x00, 0x00, 0x00, 0x00
.byte 0x00, 0x00, 0x00, 0x00, 0x00, 0x00, 0x00, 0x00, 0x00, 0x00, 0x00, 0x00, 0x00, 0x00, 0x00, 0x00
.byte 0x00, 0x00, 0x00, 0x00, 0x00, 0x00, 0x00, 0x00, 0x00, 0x00, 0x00, 0x00, 0x00, 0x00, 0x00, 0x00
.byte 0x00, 0x00, 0x00, 0x00, 0x00, 0x00, 0x00, 0x00, 0x00, 0x00, 0x00, 0x00, 0x00, 0x00, 0x00, 0x00
.byte 0x00, 0x00, 0x00, 0x00, 0x00, 0x00, 0x00, 0x00, 0x00, 0x00, 0x00, 0x00, 0x00, 0x00, 0x00, 0x00
.byte 0x00, 0x00, 0x00, 0x00, 0x00, 0x00, 0x00, 0x00, 0x00, 0x00, 0x00, 0x00, 0x00, 0x00, 0xff, 0x00
.byte 0x00, 0x00, 0x00, 0xff, 0xff, 0x00, 0x00, 0xff, 0x00, 0x00, 0xff, 0x00, 0x00, 0xff, 0x00, 0xff
.byte 0xff, 0x00, 0x00, 0xff, 0x00, 0xff, 0xff, 0x00, 0xff, 0xfe, 0xff, 0xfe, 0xfe, 0xff, 0xfe, 0xfc
.byte 0xfe, 0xfe, 0xfc, 0xfe, 0x00, 0x00, 0x00, 0x00, 0x00, 0x00, 0x00, 0x00, 0x00, 0x00, 0x00, 0x00
.byte 0x00, 0x00, 0x00, 0x00, 0x00, 0x00, 0x00, 0x00, 0x00, 0x00, 0x00, 0x00, 0x00, 0x00, 0x00, 0x00
.byte 0x00, 0x00, 0x00, 0x00, 0x00, 0x00, 0x00, 0x00, 0x00, 0x00, 0x00, 0x00, 0x00, 0x00, 0x00, 0x00
.byte 0x00, 0x00, 0x00, 0x00, 0x00, 0x00, 0x00, 0x00, 0x00, 0x00, 0x00, 0x00, 0x00, 0x00, 0x00, 0x00
.byte 0x00, 0x00, 0x00, 0x00, 0x00, 0x00, 0x00, 0x00, 0x00, 0x00, 0x00, 0x00, 0x00, 0x00, 0x00, 0x00
.byte 0x00, 0x00, 0x00, 0x00, 0x00, 0x00, 0x00, 0x00, 0x00, 0x00, 0x00, 0x00, 0x00, 0x00, 0x00, 0x00
.byte 0x00, 0x00, 0x00, 0x00, 0x00, 0x00, 0x00, 0x00, 0x00, 0x00, 0x00, 0x01, 0x01, 0x01, 0x02, 0x01
.byte 0x02, 0x04, 0x02, 0x02, 0x06, 0x04, 0x04, 0x0b, 0x05, 0x04, 0x0a, 0x05, 0x02, 0x04, 0x02, 0x01
.byte 0x04, 0x02, 0x02, 0x04, 0x02, 0x02, 0x04, 0x02, 0x02, 0x06, 0x03, 0x03, 0x07, 0x04, 0x04, 0x09
.byte 0x04, 0x05, 0x0a, 0x05, 0x05, 0x0a, 0x05, 0x05, 0x0b, 0x06, 0x06, 0x0b, 0x06, 0x06, 0x0c, 0x06
.byte 0x06, 0x0c, 0x06, 0x06, 0x0d, 0x07, 0x07, 0x0d, 0x07, 0x07, 0x0e, 0x07, 0x07, 0x0e, 0x07, 0x07
.byte 0x0e, 0x07, 0x08, 0x0f, 0x08, 0x08, 0x0f, 0x08, 0x08, 0x10, 0x08, 0x08, 0x11, 0x09, 0x09, 0x11
.byte 0x09, 0x09, 0x12, 0x09, 0x0a, 0x13, 0x0a, 0x0a, 0x15, 0x0b, 0x00, 0x00, 0x00, 0x00, 0x00, 0x00
.byte 0x00, 0x00, 0x00, 0x00, 0x00, 0x00, 0x00, 0x00, 0x00, 0x00, 0x00, 0x00, 0x00, 0x00, 0x00, 0x00
.byte 0x00, 0x00, 0x00, 0x00, 0x00, 0x00, 0x00, 0x00, 0x00, 0x00, 0x00, 0x00, 0x00, 0x00, 0x00, 0x00
.byte 0x00, 0x00, 0x00, 0x00, 0x00, 0x00, 0x00, 0x00, 0x00, 0x00, 0x00, 0x00, 0x00, 0x00, 0x00, 0x00
.byte 0x00, 0x00, 0x00, 0x00, 0x00, 0x00, 0x00, 0x00, 0x00, 0x00, 0x00, 0x00, 0x00, 0x00, 0x00, 0x00
.byte 0x00, 0x00, 0x00, 0x00, 0x00, 0x00, 0x00, 0x00, 0x00, 0x00, 0x00, 0x00, 0x00, 0x00, 0x00, 0x00
.byte 0x00, 0x00, 0x00, 0x00, 0x00, 0x00, 0x00, 0x00, 0x00, 0x00, 0x00, 0x00, 0x00, 0x00, 0x00, 0x00
.byte 0x00, 0x00, 0x00, 0x00, 0x00, 0x00, 0x00, 0x00, 0x00, 0x00, 0xff, 0x00, 0x00, 0xff, 0x00, 0x00
.byte 0xff, 0x00, 0xff, 0xff, 0x00, 0xff, 0xfe, 0xff, 0xfe, 0xfe, 0xff, 0x00, 0x00, 0x00, 0x00, 0x00
.byte 0x00, 0x00, 0x00, 0x00, 0x00, 0x00, 0x00, 0x00, 0x00, 0x00, 0x00, 0x00, 0x00, 0x00, 0x00, 0x00
.byte 0x00, 0x00, 0x00, 0x00, 0x00, 0x00, 0x00, 0x00, 0x00, 0x00, 0x00, 0x00, 0x00, 0x00, 0x00, 0x00
.byte 0x00, 0x00, 0x00, 0x00, 0x00, 0x00, 0x00, 0x00, 0x00, 0x00, 0x00, 0x00, 0x00, 0x00, 0x00, 0x00
.byte 0x00, 0x00, 0x00, 0x00, 0x00, 0x00, 0x00, 0x00, 0x00, 0x00, 0x00, 0x00, 0x00, 0x00, 0x00, 0x00
.byte 0x00, 0x00, 0x00, 0x00, 0x00, 0x00, 0x00, 0x00, 0x00, 0x00, 0x00, 0x00, 0x00, 0x00, 0x00, 0x00
.byte 0x00, 0x00, 0x00, 0x00, 0x00, 0x00, 0x00, 0x00, 0x00, 0x00, 0x00, 0x00, 0x00, 0x00, 0x00, 0x00
.byte 0x00, 0x00, 0x01, 0x01, 0x02, 0x04, 0x02, 0x04, 0x09, 0x05, 0x05, 0x08, 0x05, 0x01, 0x01, 0x01
.byte 0x00, 0x01, 0x00, 0x01, 0x02, 0x01, 0x01, 0x02, 0x01, 0x02, 0x03, 0x02, 0x02, 0x04, 0x02, 0x02
.byte 0x04, 0x02, 0x02, 0x05, 0x02, 0x03, 0x06, 0x04, 0x03, 0x07, 0x04, 0x05, 0x08, 0x05, 0x05, 0x0a
.byte 0x05, 0x05, 0x0b, 0x05, 0x05, 0x0b, 0x06, 0x06, 0x0b, 0x06, 0x06, 0x0c, 0x06, 0x06, 0x0d, 0x06
.byte 0x07, 0x0d, 0x07, 0x07, 0x0d, 0x07, 0x07, 0x0e, 0x07, 0x07, 0x0e, 0x07, 0x07, 0x0f, 0x08, 0x08
.byte 0x0f, 0x08, 0x08, 0x10, 0x08, 0x08, 0x10, 0x08, 0x09, 0x11, 0x09, 0x09, 0x11, 0x09, 0x0a, 0x13
.byte 0x0a, 0x0a, 0x14, 0x0a, 0x00, 0x00, 0x00, 0x00, 0x00, 0x00, 0x00, 0x00, 0x00, 0x00, 0x00, 0x00
.byte 0x00, 0x00, 0x00, 0x00, 0x00, 0x00, 0x00, 0x00, 0x00, 0x00, 0x00, 0x00, 0x00, 0x00, 0x00, 0x00
.byte 0x00, 0x00, 0x00, 0x00, 0x00, 0x00, 0x00, 0x00, 0x00, 0x01, 0x00, 0x01, 0x01, 0x01, 0x01, 0x01
.byte 0x01, 0x01, 0x01, 0x01, 0x00, 0x01, 0x00, 0x00, 0x00, 0x00, 0x00, 0x00, 0x00, 0x00, 0x00, 0x00
.byte 0x00, 0x00, 0x00, 0x00, 0x00, 0x00, 0x00, 0x00, 0x00, 0x00, 0x00, 0x00, 0x00, 0x00, 0x00, 0x00
.byte 0x00, 0x00, 0x00, 0x00, 0x00, 0x00, 0x00, 0x00, 0x00, 0x00, 0x00, 0x00, 0x00, 0x00, 0x00, 0x00
.byte 0x00, 0x00, 0x00, 0x00, 0x00, 0x00, 0x00, 0x00, 0x00, 0x00, 0x00, 0x00, 0x00, 0x00, 0x00, 0x00
.byte 0x00, 0x00, 0x00, 0x00, 0x00, 0x00, 0x00, 0x00, 0x00, 0x00, 0xff, 0x00, 0x00, 0x00, 0x00, 0x00
.byte 0x00, 0x00, 0x00, 0x00, 0x00, 0x00, 0x00, 0x00, 0x00, 0x00, 0x00, 0x00, 0x00, 0x00, 0x00, 0x00
.byte 0x00, 0x00, 0x00, 0x00, 0x00, 0x00, 0x00, 0x00, 0x00, 0x00, 0x00, 0x00, 0x00, 0x00, 0x00, 0x00
.byte 0x00, 0x00, 0x00, 0x00, 0x00, 0x00, 0x00, 0x00, 0x00, 0x00, 0x00, 0x00, 0x00, 0x00, 0x00, 0x00
.byte 0x00, 0x00, 0x00, 0x00, 0x00, 0x00, 0x00, 0x00, 0x00, 0x00, 0x00, 0x00, 0x00, 0x00, 0x00, 0x00
.byte 0x00, 0x00, 0x00, 0x00, 0x00, 0x00, 0x00, 0x00, 0x00, 0x00, 0x00, 0x00, 0x00, 0x00, 0x00, 0x00
.byte 0x00, 0x00, 0x00, 0x00, 0x00, 0x00, 0x00, 0x00, 0x00, 0x00, 0x00, 0x00, 0x00, 0x00, 0x00, 0x00
.byte 0x00, 0x00, 0x00, 0x00, 0x00, 0x00, 0x01, 0x00, 0x01, 0x02, 0x02, 0x00, 0x02, 0x01, 0x00, 0x00
.byte 0x00, 0x00, 0x00, 0x00, 0x00, 0x00, 0x00, 0x00, 0x00, 0x00, 0x00, 0x00, 0x00, 0x00, 0x01, 0x00
.byte 0x00, 0x02, 0x01, 0x01, 0x02, 0x01, 0x02, 0x03, 0x02, 0x02, 0x04, 0x02, 0x02, 0x04, 0x02, 0x02
.byte 0x05, 0x02, 0x03, 0x07, 0x04, 0x04, 0x08, 0x04, 0x05, 0x09, 0x05, 0x05, 0x0a, 0x05, 0x05, 0x0b
.byte 0x05, 0x06, 0x0b, 0x06, 0x06, 0x0c, 0x06, 0x06, 0x0c, 0x06, 0x06, 0x0d, 0x07, 0x07, 0x0d, 0x07
.byte 0x07, 0x0d, 0x07, 0x07, 0x0e, 0x07, 0x07, 0x0e, 0x07, 0x08, 0x0f, 0x08, 0x08, 0x0f, 0x08, 0x08
.byte 0x10, 0x08, 0x08, 0x10, 0x08, 0x09, 0x11, 0x09, 0x09, 0x12, 0x09, 0x0a, 0x13, 0x0a, 0x00, 0x00
.byte 0x00, 0x00, 0x00, 0x00, 0x00, 0x00, 0x00, 0x00, 0x00, 0x00, 0x00, 0x00, 0x00, 0x00, 0x00, 0x00
.byte 0x02, 0x04, 0x02, 0x06, 0x0a, 0x07, 0x06, 0x0a, 0x06, 0x05, 0x0b, 0x06, 0x05, 0x0a, 0x06, 0x04
.byte 0x08, 0x04, 0x02, 0x05, 0x03, 0x02, 0x03, 0x02, 0x01, 0x02, 0x01, 0x01, 0x01, 0x01, 0x00, 0x00
.byte 0x00, 0x00, 0x00, 0x00, 0x00, 0x00, 0x00, 0x00, 0x00, 0x00, 0x00, 0x00, 0x00, 0x00, 0x00, 0x00
.byte 0x00, 0x00, 0x00, 0x00, 0x00, 0x00, 0x00, 0x00, 0x00, 0x00, 0x00, 0x00, 0x00, 0x00, 0x00, 0x00
.byte 0x00, 0x00, 0x00, 0x00, 0x00, 0x00, 0x00, 0x00, 0x00, 0x00, 0x00, 0x00, 0x00, 0x00, 0x00, 0x00
.byte 0x00, 0x00, 0x00, 0x00, 0x00, 0x00, 0x00, 0x00, 0x00, 0x00, 0x00, 0x00, 0x00, 0x00, 0x00, 0x00
.byte 0x00, 0x00, 0x00, 0x00, 0x00, 0x00, 0x00, 0x00, 0x00, 0x00, 0x00, 0x00, 0x00, 0xff, 0x00, 0x00
.byte 0x00, 0x00, 0x00, 0x00, 0x00, 0x00, 0x00, 0x00, 0x00, 0x00, 0x00, 0x00, 0x00, 0x00, 0x00, 0x00
.byte 0x00, 0x00, 0x00, 0x00, 0x00, 0x00, 0x00, 0x00, 0x00, 0x00, 0x00, 0x00, 0x00, 0x00, 0x00, 0x00
.byte 0x00, 0x00, 0x00, 0x00, 0x00, 0x00, 0x00, 0x00, 0x00, 0x00, 0x00, 0x00, 0x00, 0x00, 0x00, 0x00
.byte 0x00, 0x00, 0x00, 0x00, 0x00, 0x00, 0x00, 0x00, 0x00, 0x00, 0x00, 0x00, 0x00, 0x00, 0x00, 0x00
.byte 0x00, 0x00, 0x00, 0x00, 0x00, 0x00, 0x00, 0x00, 0x00, 0x00, 0x00, 0x00, 0x00, 0x00, 0x00, 0x00
.byte 0x00, 0x00, 0x00, 0x00, 0x00, 0x00, 0x07, 0x0f, 0x08, 0x00, 0x00, 0x00, 0x00, 0x00, 0x00, 0x00
.byte 0x00, 0x00, 0x00, 0x00, 0x00, 0x00, 0x00, 0x00, 0x00, 0x00, 0x00, 0x00, 0x00, 0x00, 0x00, 0x00
.byte 0x00, 0x00, 0x00, 0x00, 0x00, 0x00, 0x00, 0x00, 0x00, 0x00, 0x00, 0x01, 0x01, 0x01, 0x02, 0x01
.byte 0x02, 0x03, 0x02, 0x02, 0x04, 0x02, 0x02, 0x04, 0x02, 0x02, 0x05, 0x02, 0x03, 0x06, 0x03, 0x03
.byte 0x07, 0x04, 0x05, 0x09, 0x05, 0x05, 0x0a, 0x05, 0x05, 0x0a, 0x05, 0x06, 0x0b, 0x06, 0x06, 0x0b
.byte 0x06, 0x06, 0x0c, 0x06, 0x06, 0x0c, 0x06, 0x06, 0x0d, 0x07, 0x07, 0x0d, 0x07, 0x07, 0x0e, 0x07
.byte 0x07, 0x0e, 0x07, 0x07, 0x0f, 0x08, 0x08, 0x0f, 0x08, 0x08, 0x0f, 0x08, 0x08, 0x10, 0x08, 0x08
.byte 0x11, 0x08, 0x09, 0x12, 0x09, 0x09, 0x13, 0x0a, 0x00, 0x00, 0x00, 0x00, 0x00, 0x00, 0x00, 0x00
.byte 0x00, 0x00, 0x00, 0x00, 0x00, 0x00, 0x00, 0x06, 0x0b, 0x06, 0x07, 0x0b, 0x07, 0x06, 0x0b, 0x07
.byte 0x06, 0x0a, 0x07, 0x06, 0x0b, 0x06, 0x05, 0x0a, 0x06, 0x05, 0x09, 0x05, 0x05, 0x08, 0x05, 0x03
.byte 0x06, 0x03, 0x02, 0x04, 0x02, 0x01, 0x02, 0x01, 0x01, 0x01, 0x01, 0x00, 0x01, 0x00, 0x00, 0x00
.byte 0x00, 0x00, 0x00, 0x00, 0x00, 0x00, 0x00, 0x00, 0x00, 0x00, 0x00, 0x00, 0x00, 0x00, 0x00, 0x00
.byte 0x00, 0x00, 0x00, 0x00, 0x00, 0x00, 0x00, 0x00, 0x00, 0x00, 0x00, 0x00, 0x00, 0x00, 0x00, 0x00
.byte 0x00, 0x00, 0x00, 0x00, 0x00, 0x00, 0x00, 0x00, 0x00, 0x00, 0x00, 0x00, 0x00, 0x00, 0x00, 0x00
.byte 0x00, 0x00, 0x00, 0x00, 0x00, 0x00, 0x00, 0x00, 0x00, 0x00, 0x00, 0x00, 0x00, 0x00, 0x00, 0x00
.byte 0x00, 0x00, 0x00, 0x00, 0x00, 0x00, 0x00, 0x00, 0x00, 0x00, 0x00, 0x00, 0x00, 0x00, 0x00, 0x00
.byte 0x00, 0x00, 0x00, 0x00, 0x00, 0x00, 0x00, 0x00, 0x00, 0x00, 0x00, 0x00, 0x00, 0x00, 0x00, 0x00
.byte 0x00, 0x00, 0x00, 0x00, 0x00, 0x00, 0x00, 0x00, 0x00, 0x00, 0x00, 0x00, 0x00, 0x00, 0x00, 0x00
.byte 0x00, 0x00, 0x00, 0x00, 0x00, 0x00, 0x00, 0x00, 0x00, 0x00, 0x00, 0x00, 0x00, 0x00, 0x00, 0x00
.byte 0x00, 0x00, 0x00, 0x00, 0x00, 0x00, 0x00, 0x00, 0x00, 0x00, 0x00, 0x00, 0x00, 0x00, 0x00, 0x00
.byte 0x00, 0x00, 0x00, 0x00, 0x00, 0x00, 0x00, 0x00, 0x00, 0x00, 0x00, 0x00, 0x00, 0x00, 0x00, 0x00
.byte 0x00, 0x00, 0x00, 0x00, 0x00, 0x00, 0x00, 0x00, 0x00, 0x00, 0x00, 0x00, 0x00, 0x00, 0x00, 0x00
.byte 0x00, 0x00, 0x00, 0x00, 0x00, 0x00, 0x00, 0x00, 0x00, 0x00, 0x00, 0x00, 0x00, 0x00, 0x00, 0x00
.byte 0x00, 0x00, 0x00, 0x00, 0x00, 0x00, 0x00, 0x00, 0x01, 0x01, 0x01, 0x02, 0x01, 0x01, 0x03, 0x02
.byte 0x02, 0x04, 0x02, 0x02, 0x04, 0x02, 0x02, 0x05, 0x02, 0x02, 0x07, 0x04, 0x04, 0x08, 0x05, 0x04
.byte 0x0a, 0x05, 0x05, 0x0a, 0x05, 0x05, 0x0b, 0x06, 0x06, 0x0b, 0x06, 0x06, 0x0b, 0x06, 0x06, 0x0c
.byte 0x06, 0x06, 0x0d, 0x06, 0x07, 0x0d, 0x07, 0x07, 0x0e, 0x07, 0x07, 0x0e, 0x07, 0x07, 0x0e, 0x07
.byte 0x07, 0x0f, 0x08, 0x08, 0x0f, 0x08, 0x08, 0x10, 0x08, 0x08, 0x10, 0x08, 0x09, 0x11, 0x09, 0x09
.byte 0x12, 0x09, 0x00, 0x00, 0x00, 0x00, 0x00, 0x00, 0x00, 0x00, 0x00, 0x00, 0x00, 0x00, 0x00, 0x00
.byte 0x00, 0x07, 0x0d, 0x07, 0x07, 0x0d, 0x07, 0x07, 0x0c, 0x07, 0x06, 0x0c, 0x07, 0x06, 0x0b, 0x06
.byte 0x06, 0x0b, 0x06, 0x05, 0x0a, 0x06, 0x05, 0x09, 0x05, 0x05, 0x08, 0x05, 0x03, 0x06, 0x03, 0x02
.byte 0x04, 0x02, 0x01, 0x03, 0x02, 0x01, 0x02, 0x01, 0x00, 0x00, 0x00, 0x00, 0x00, 0x00, 0x00, 0x00
.byte 0x00, 0x00, 0x00, 0x00, 0x00, 0x00, 0x00, 0x00, 0x00, 0x00, 0x00, 0x00, 0x00, 0x00, 0x00, 0x00
.byte 0x00, 0x00, 0x00, 0x00, 0x00, 0x00, 0x00, 0x00, 0x00, 0x00, 0x00, 0x00, 0x00, 0x00, 0x00, 0x00
.byte 0x00, 0x00, 0x00, 0x00, 0x00, 0x00, 0x00, 0x00, 0x00, 0x00, 0x00, 0x00, 0x00, 0x00, 0x00, 0x00
.byte 0x00, 0x00, 0x00, 0x00, 0x00, 0x00, 0x00, 0x00, 0x00, 0x00, 0x00, 0x00, 0x00, 0x00, 0x00, 0x00
.byte 0x00, 0x00, 0x00, 0x00, 0x00, 0x00, 0x00, 0x00, 0x00, 0x00, 0x00, 0x00, 0x00, 0x00, 0x00, 0x00
.byte 0x00, 0x00, 0x00, 0x00, 0x00, 0x00, 0x00, 0x00, 0x00, 0x00, 0x00, 0x00, 0x00, 0x00, 0x00, 0x00
.byte 0x00, 0x00, 0x00, 0x00, 0x00, 0x00, 0x00, 0x00, 0x00, 0x00, 0x00, 0x00, 0x00, 0x00, 0x00, 0x00
.byte 0x00, 0x00, 0x00, 0x00, 0x00, 0x00, 0x00, 0x00, 0x00, 0x00, 0x00, 0x00, 0x00, 0x00, 0x00, 0x00
.byte 0x00, 0x00, 0x00, 0x00, 0x00, 0x00, 0x00, 0x00, 0x00, 0x00, 0x00, 0x00, 0x00, 0x00, 0x00, 0x00
.byte 0x00, 0x00, 0x00, 0x00, 0x00, 0x00, 0x00, 0x00, 0x00, 0x00, 0x00, 0x00, 0x00, 0x00, 0x00, 0x00
.byte 0x00, 0x00, 0x00, 0x00, 0x00, 0x00, 0x00, 0x00, 0x00, 0x00, 0x00, 0x00, 0x00, 0x00, 0x00, 0x00
.byte 0x00, 0x00, 0x00, 0x00, 0x00, 0x00, 0x00, 0x00, 0x00, 0x00, 0x00, 0x00, 0x00, 0x00, 0x00, 0x01
.byte 0x00, 0x01, 0x02, 0x01, 0x01, 0x02, 0x01, 0x02, 0x03, 0x02, 0x02, 0x04, 0x02, 0x02, 0x04, 0x02
.byte 0x03, 0x06, 0x03, 0x03, 0x06, 0x03, 0x04, 0x08, 0x04, 0x05, 0x09, 0x05, 0x05, 0x0a, 0x05, 0x05
.byte 0x0b, 0x05, 0x05, 0x0b, 0x06, 0x06, 0x0b, 0x06, 0x06, 0x0c, 0x06, 0x06, 0x0c, 0x06, 0x06, 0x0d
.byte 0x07, 0x07, 0x0d, 0x07, 0x07, 0x0e, 0x07, 0x07, 0x0e, 0x07, 0x07, 0x0f, 0x07, 0x08, 0x0f, 0x08
.byte 0x08, 0x0f, 0x08, 0x08, 0x10, 0x08, 0x08, 0x11, 0x09, 0x09, 0x12, 0x09, 0x00, 0x00, 0x00, 0x00
.byte 0x00, 0x00, 0x00, 0x00, 0x00, 0x00, 0x00, 0x00, 0x00, 0x00, 0x00, 0x08, 0x0f, 0x08, 0x08, 0x0e
.byte 0x08, 0x07, 0x0d, 0x07, 0x07, 0x0c, 0x07, 0x06, 0x0c, 0x07, 0x06, 0x0b, 0x06, 0x06, 0x0b, 0x06
.byte 0x05, 0x0a, 0x06, 0x05, 0x09, 0x05, 0x04, 0x08, 0x04, 0x03, 0x06, 0x03, 0x02, 0x04, 0x02, 0x01
.byte 0x02, 0x02, 0x01, 0x01, 0x01, 0x00, 0x00, 0x00, 0x00, 0x00, 0x00, 0x00, 0x00, 0x00, 0x00, 0x00
.byte 0x00, 0x00, 0x00, 0x00, 0x00, 0x00, 0x00, 0x00, 0x00, 0x00, 0x00, 0x00, 0x00, 0x00, 0x00, 0x00
.byte 0x00, 0x00, 0x00, 0x00, 0x00, 0x00, 0x00, 0x00, 0x00, 0x00, 0x00, 0x00, 0x00, 0x00, 0x00, 0x00
.byte 0x00, 0x00, 0x00, 0x00, 0x00, 0x00, 0x00, 0x00, 0x00, 0x00, 0x00, 0x00, 0x00, 0x00, 0x00, 0x00
.byte 0x00, 0x00, 0x00, 0x00, 0x00, 0x00, 0x00, 0x00, 0x00, 0x00, 0x00, 0x00, 0x00, 0x00, 0x00, 0x00
.byte 0x00, 0x00, 0x00, 0x00, 0x00, 0x00, 0x00, 0x00, 0x00, 0x00, 0x00, 0x00, 0x00, 0x00, 0x00, 0x00
.byte 0x00, 0x00, 0x00, 0x00, 0x00, 0x00, 0x00, 0x00, 0x00, 0x00, 0x00, 0x00, 0x00, 0x00, 0x00, 0x00
.byte 0x00, 0x00, 0x00, 0x00, 0x00, 0x00, 0x00, 0x00, 0x00, 0x00, 0x00, 0x00, 0x00, 0x00, 0x00, 0x00
.byte 0x00, 0x00, 0x00, 0x00, 0x00, 0x00, 0x00, 0x00, 0x00, 0x00, 0x00, 0x00, 0x00, 0x00, 0x00, 0x00
.byte 0x00, 0x00, 0x00, 0x00, 0x00, 0x00, 0x00, 0x00, 0x00, 0x00, 0x00, 0x00, 0x00, 0x00, 0x00, 0x00
.byte 0x00, 0x00, 0x00, 0x00, 0x00, 0x00, 0x00, 0x00, 0x00, 0x00, 0x00, 0x00, 0x00, 0x00, 0x00, 0x00
.byte 0x00, 0x00, 0x00, 0x00, 0x00, 0x00, 0x00, 0x00, 0x00, 0x00, 0x00, 0x00, 0x00, 0x00, 0x00, 0x00
.byte 0x00, 0x00, 0x00, 0x00, 0x00, 0x00, 0x00, 0x00, 0x00, 0x00, 0x00, 0x00, 0x01, 0x01, 0x00, 0x02
.byte 0x01, 0x01, 0x02, 0x01, 0x01, 0x03, 0x02, 0x02, 0x04, 0x02, 0x02, 0x05, 0x02, 0x02, 0x06, 0x03
.byte 0x04, 0x08, 0x04, 0x04, 0x09, 0x05, 0x04, 0x0a, 0x05, 0x04, 0x0a, 0x05, 0x04, 0x0b, 0x05, 0x05
.byte 0x0b, 0x06, 0x05, 0x0c, 0x06, 0x06, 0x0c, 0x06, 0x06, 0x0c, 0x06, 0x07, 0x0d, 0x07, 0x07, 0x0e
.byte 0x07, 0x07, 0x0e, 0x07, 0x07, 0x0e, 0x07, 0x07, 0x0f, 0x08, 0x08, 0x0f, 0x08, 0x08, 0x0f, 0x08
.byte 0x08, 0x10, 0x08, 0x09, 0x11, 0x09, 0x00, 0x00, 0x00, 0x00, 0x00, 0x00, 0x00, 0x00, 0x00, 0x00
.byte 0x00, 0x00, 0x00, 0x00, 0x00, 0x08, 0x10, 0x09, 0x08, 0x0f, 0x08, 0x07, 0x0e, 0x08, 0x07, 0x0d
.byte 0x07, 0x07, 0x0c, 0x07, 0x06, 0x0b, 0x06, 0x06, 0x0b, 0x06, 0x05, 0x0a, 0x06, 0x05, 0x0a, 0x05
.byte 0x05, 0x09, 0x05, 0x03, 0x06, 0x04, 0x02, 0x04, 0x02, 0x01, 0x03, 0x02, 0x01, 0x02, 0x01, 0x00
.byte 0x01, 0x00, 0x00, 0x00, 0x00, 0x00, 0x00, 0x00, 0x00, 0x00, 0x00, 0x00, 0x00, 0x00, 0x00, 0x00
.byte 0x00, 0x00, 0x00, 0x00, 0x00, 0x00, 0x00, 0x00, 0x00, 0x00, 0x00, 0x00, 0x00, 0x00, 0x00, 0x00
.byte 0x00, 0x00, 0x00, 0x00, 0x00, 0x00, 0x00, 0x00, 0x00, 0x00, 0x00, 0x00, 0x00, 0x00, 0x00, 0x00
.byte 0x00, 0x00, 0x00, 0x00, 0x00, 0x00, 0x00, 0x00, 0x00, 0x00, 0x00, 0x00, 0x00, 0x00, 0x00, 0x00
.byte 0x00, 0x00, 0x00, 0x00, 0x00, 0x00, 0x00, 0x00, 0x00, 0x00, 0x00, 0x00, 0x00, 0x00, 0x00, 0x00
.byte 0x00, 0x00, 0x00, 0x00, 0x00, 0x00, 0x00, 0x00, 0x00, 0x00, 0x00, 0x00, 0x00, 0x00, 0x00, 0x00
.byte 0x00, 0x00, 0x00, 0x00, 0x00, 0x00, 0x00, 0x00, 0x00, 0x00, 0x00, 0x00, 0x00, 0x00, 0x00, 0x00
.byte 0x00, 0x00, 0x00, 0x00, 0x00, 0x00, 0x00, 0x00, 0x00, 0x00, 0x00, 0x00, 0x00, 0x00, 0x00, 0x00
.byte 0x00, 0x00, 0x00, 0x00, 0x00, 0x00, 0x00, 0x00, 0x00, 0x00, 0x00, 0x00, 0x00, 0x00, 0x00, 0x00
.byte 0x00, 0x00, 0x00, 0x00, 0x00, 0x00, 0x00, 0x00, 0x00, 0x00, 0x00, 0x00, 0x00, 0x00, 0x00, 0x00
.byte 0x00, 0x01, 0x02, 0x01, 0x00, 0x00, 0x00, 0x00, 0x00, 0x00, 0x00, 0x00, 0x00, 0x00, 0x00, 0x00
.byte 0x00, 0x00, 0x00, 0x00, 0x00, 0x00, 0x00, 0x00, 0x00, 0x00, 0x00, 0x00, 0x00, 0x00, 0x00, 0x00
.byte 0x00, 0x00, 0x00, 0x00, 0x00, 0x00, 0x00, 0x00, 0x00, 0x01, 0x00, 0x00, 0x02, 0x01, 0x01, 0x02
.byte 0x01, 0x01, 0x03, 0x02, 0x02, 0x04, 0x02, 0x02, 0x05, 0x02, 0x02, 0x07, 0x04, 0x04, 0x08, 0x04
.byte 0x05, 0x09, 0x05, 0x05, 0x0a, 0x05, 0x05, 0x0a, 0x05, 0x06, 0x0b, 0x06, 0x06, 0x0b, 0x06, 0x06
.byte 0x0c, 0x06, 0x06, 0x0c, 0x06, 0x06, 0x0d, 0x07, 0x07, 0x0d, 0x07, 0x07, 0x0e, 0x07, 0x07, 0x0e
.byte 0x07, 0x07, 0x0e, 0x07, 0x07, 0x0f, 0x08, 0x08, 0x0f, 0x08, 0x08, 0x10, 0x08, 0x08, 0x11, 0x08
.byte 0x00, 0x00, 0x00, 0x00, 0x00, 0x00, 0x00, 0x00, 0x00, 0x00, 0x00, 0x00, 0x00, 0x00, 0x00, 0x09
.byte 0x11, 0x09, 0x08, 0x10, 0x08, 0x08, 0x10, 0x08, 0x07, 0x0f, 0x08, 0x07, 0x0e, 0x07, 0x06, 0x0d
.byte 0x07, 0x06, 0x0c, 0x06, 0x06, 0x0b, 0x06, 0x05, 0x0b, 0x06, 0x05, 0x0a, 0x05, 0x04, 0x09, 0x05
.byte 0x04, 0x08, 0x04, 0x03, 0x06, 0x03, 0x02, 0x04, 0x02, 0x01, 0x02, 0x01, 0x01, 0x01, 0x01, 0x00
.byte 0x00, 0x00, 0x00, 0x00, 0x00, 0x00, 0x00, 0x00, 0x00, 0x00, 0x00, 0x00, 0x00, 0x00, 0x00, 0x00
.byte 0x00, 0x00, 0x00, 0x00, 0x00, 0x00, 0x00, 0x00, 0x00, 0x00, 0x00, 0x00, 0x00, 0x00, 0x00, 0x00
.byte 0x00, 0x00, 0x00, 0x00, 0x00, 0x00, 0x00, 0x00, 0x00, 0x00, 0x00, 0x00, 0x00, 0x00, 0x00, 0x00
.byte 0x00, 0x00, 0x00, 0x00, 0x00, 0x00, 0x00, 0x00, 0x00, 0x00, 0x00, 0x00, 0x00, 0x00, 0x00, 0x00
.byte 0x00, 0x00, 0x00, 0x00, 0x00, 0x00, 0x00, 0x00, 0x00, 0x00, 0x00, 0x00, 0x00, 0x00, 0x00, 0x00
.byte 0x00, 0x00, 0x00, 0x00, 0x00, 0x00, 0x00, 0x00, 0x00, 0x00, 0x00, 0x00, 0x00, 0x00, 0x00, 0x00
.byte 0x00, 0x00, 0x00, 0x00, 0x00, 0x00, 0x00, 0x00, 0x00, 0x00, 0x00, 0x00, 0x00, 0x00, 0x00, 0x00
.byte 0x00, 0x00, 0x00, 0x00, 0x00, 0x00, 0x00, 0x00, 0x00, 0x00, 0x00, 0x00, 0x00, 0x00, 0x00, 0x00
.byte 0x00, 0x00, 0x00, 0x00, 0x00, 0x00, 0x00, 0x00, 0x00, 0x00, 0x00, 0x00, 0x00, 0x00, 0x00, 0x00
.byte 0x00, 0x00, 0x00, 0x00, 0x00, 0x00, 0x00, 0x00, 0x00, 0x00, 0x00, 0x00, 0x01, 0x01, 0x00, 0x00
.byte 0x00, 0x00, 0x00, 0x00, 0x00, 0x00, 0x00, 0x00, 0x00, 0x00, 0x00, 0x00, 0x00, 0x00, 0x00, 0x00
.byte 0x00, 0x00, 0x00, 0x00, 0x00, 0x00, 0x00, 0x00, 0x00, 0x00, 0x00, 0x00, 0x00, 0x00, 0x00, 0x00
.byte 0x00, 0x00, 0x00, 0x01, 0x01, 0x00, 0x02, 0x01, 0x01, 0x03, 0x02, 0x01, 0x03, 0x02, 0x02, 0x04
.byte 0x02, 0x02, 0x05, 0x02, 0x02, 0x06, 0x03, 0x04, 0x08, 0x05, 0x05, 0x09, 0x05, 0x05, 0x0a, 0x05
.byte 0x05, 0x0a, 0x05, 0x05, 0x0b, 0x05, 0x06, 0x0b, 0x06, 0x06, 0x0b, 0x06, 0x06, 0x0c, 0x06, 0x06
.byte 0x0c, 0x06, 0x07, 0x0d, 0x07, 0x07, 0x0e, 0x07, 0x07, 0x0e, 0x07, 0x07, 0x0e, 0x07, 0x07, 0x0e
.byte 0x07, 0x07, 0x0f, 0x07, 0x08, 0x0f, 0x08, 0x07, 0x0d, 0x07, 0x00, 0x00, 0x00, 0x00, 0x00, 0x00
.byte 0x00, 0x00, 0x00, 0x00, 0x00, 0x00, 0x00, 0x00, 0x00, 0x09, 0x12, 0x09, 0x08, 0x11, 0x09, 0x08
.byte 0x10, 0x08, 0x08, 0x0f, 0x08, 0x07, 0x0e, 0x07, 0x07, 0x0d, 0x07, 0x06, 0x0d, 0x07, 0x06, 0x0c
.byte 0x06, 0x05, 0x0b, 0x06, 0x05, 0x0a, 0x05, 0x05, 0x0a, 0x05, 0x04, 0x08, 0x05, 0x03, 0x06, 0x03
.byte 0x02, 0x04, 0x02, 0x01, 0x03, 0x02, 0x01, 0x02, 0x01, 0x00, 0x01, 0x00, 0x00, 0x00, 0x00, 0x00
.byte 0x00, 0x00, 0x00, 0x00, 0x00, 0x00, 0x00, 0x00, 0x00, 0x00, 0x00, 0x00, 0x00, 0x00, 0x00, 0x00
.byte 0x00, 0x00, 0x00, 0x00, 0x00, 0x00, 0x00, 0x00, 0x00, 0x00, 0x00, 0x00, 0x00, 0x00, 0x00, 0x00
.byte 0x00, 0x00, 0x00, 0x00, 0x00, 0x00, 0x00, 0x00, 0x00, 0x00, 0x00, 0x00, 0x00, 0x00, 0x00, 0x00
.byte 0x00, 0x00, 0x00, 0x00, 0x00, 0x00, 0x00, 0x00, 0x00, 0x00, 0x00, 0x00, 0x00, 0x00, 0x00, 0x00
.byte 0x00, 0x00, 0x00, 0x00, 0x00, 0x00, 0x00, 0x00, 0x00, 0x00, 0x00, 0x00, 0x00, 0x00, 0x00, 0x00
.byte 0x00, 0x00, 0x00, 0x00, 0x00, 0x00, 0x00, 0x00, 0x00, 0x00, 0x00, 0x00, 0x00, 0x00, 0x00, 0x00
.byte 0x00, 0x00, 0x00, 0x00, 0x00, 0x00, 0x00, 0x00, 0x00, 0x00, 0x00, 0x00, 0x00, 0x00, 0x00, 0x00
.byte 0x00, 0x00, 0x00, 0x00, 0x00, 0x00, 0x00, 0x00, 0x00, 0x00, 0x00, 0x00, 0x00, 0x00, 0x00, 0x00
.byte 0x00, 0x00, 0x00, 0x00, 0x00, 0x00, 0x00, 0x00, 0x00, 0x00, 0x00, 0x00, 0x00, 0x00, 0x00, 0x00
.byte 0x00, 0x00, 0x00, 0x00, 0x00, 0x00, 0x00, 0x00, 0x00, 0x00, 0x00, 0x00, 0x00, 0x00, 0x00, 0x00
.byte 0x00, 0x00, 0x00, 0x00, 0x00, 0x00, 0x00, 0x00, 0x00, 0x00, 0x00, 0x00, 0x00, 0x00, 0x00, 0x00
.byte 0x00, 0x00, 0x00, 0x00, 0x00, 0x00, 0x00, 0x00, 0x00, 0x00, 0x00, 0x00, 0x00, 0x00, 0x00, 0x00
.byte 0x01, 0x00, 0x00, 0x02, 0x01, 0x01, 0x03, 0x02, 0x01, 0x03, 0x02, 0x02, 0x04, 0x02, 0x02, 0x06
.byte 0x03, 0x03, 0x07, 0x04, 0x04, 0x08, 0x04, 0x05, 0x09, 0x05, 0x05, 0x0a, 0x05, 0x05, 0x0a, 0x05
.byte 0x06, 0x0b, 0x06, 0x06, 0x0b, 0x06, 0x06, 0x0c, 0x06, 0x06, 0x0c, 0x06, 0x06, 0x0c, 0x06, 0x07
.byte 0x0d, 0x07, 0x07, 0x0e, 0x07, 0x07, 0x0e, 0x07, 0x07, 0x0e, 0x07, 0x07, 0x0e, 0x07, 0x07, 0x0f
.byte 0x08, 0x00, 0x00, 0x00, 0x00, 0x00, 0x00, 0x00, 0x00, 0x00, 0x00, 0x00, 0x00, 0x00, 0x00, 0x00
.byte 0x00, 0x00, 0x00, 0x09, 0x11, 0x09, 0x09, 0x10, 0x09, 0x08, 0x0f, 0x08, 0x08, 0x0e, 0x08, 0x07
.byte 0x0d, 0x08, 0x07, 0x0d, 0x07, 0x06, 0x0c, 0x07, 0x06, 0x0b, 0x07, 0x06, 0x0b, 0x06, 0x05, 0x0a
.byte 0x06, 0x05, 0x09, 0x05, 0x04, 0x07, 0x04, 0x03, 0x06, 0x03, 0x02, 0x04, 0x02, 0x01, 0x02, 0x01
.byte 0x00, 0x01, 0x00, 0x00, 0x00, 0x00, 0x00, 0x00, 0x00, 0x00, 0x00, 0x00, 0x00, 0x00, 0x00, 0x00
.byte 0x00, 0x00, 0x00, 0x00, 0x00, 0x00, 0x00, 0x00, 0x00, 0x00, 0x00, 0x00, 0x00, 0x00, 0x00, 0x00
.byte 0x00, 0x00, 0x00, 0x00, 0x00, 0x00, 0x00, 0x00, 0x00, 0x00, 0x00, 0x00, 0x00, 0x00, 0x00, 0x00
.byte 0x00, 0x00, 0x00, 0x00, 0x00, 0x00, 0x00, 0x00, 0x00, 0x00, 0x00, 0x00, 0x00, 0x00, 0x00, 0x00
.byte 0x00, 0x00, 0x00, 0x00, 0x00, 0x00, 0x00, 0x00, 0x00, 0x00, 0x00, 0x00, 0x00, 0x00, 0x00, 0x00
.byte 0x00, 0x00, 0x00, 0x00, 0x00, 0x00, 0x00, 0x00, 0x00, 0x00, 0x00, 0x00, 0x00, 0x00, 0x00, 0x00
.byte 0x00, 0x00, 0x00, 0x00, 0x00, 0x00, 0x00, 0x00, 0x00, 0x00, 0x00, 0x00, 0x00, 0x00, 0x00, 0x00
.byte 0x00, 0x00, 0x00, 0x00, 0x00, 0x00, 0x00, 0x00, 0x00, 0x00, 0x00, 0x00, 0x00, 0x00, 0x00, 0x00
.byte 0x00, 0x00, 0x00, 0x00, 0x00, 0x00, 0x00, 0x00, 0x00, 0x00, 0x00, 0x00, 0x00, 0x00, 0x00, 0x00
.byte 0x00, 0x00, 0x00, 0x00, 0x00, 0x00, 0x00, 0x00, 0x00, 0x00, 0x00, 0x00, 0x00, 0x00, 0x00, 0x00
.byte 0x00, 0x00, 0x00, 0x00, 0x00, 0x00, 0x00, 0x00, 0x00, 0x00, 0x00, 0x00, 0x00, 0x00, 0x00, 0x00
.byte 0x00, 0x00, 0x00, 0x00, 0x00, 0x00, 0x00, 0x00, 0x00, 0x00, 0x00, 0x00, 0x00, 0x00, 0x00, 0x00
.byte 0x00, 0x00, 0x00, 0x00, 0x00, 0x00, 0x00, 0x00, 0x00, 0x00, 0x00, 0x00, 0x01, 0x01, 0x01, 0x01
.byte 0x02, 0x01, 0x02, 0x03, 0x02, 0x02, 0x04, 0x02, 0x02, 0x05, 0x02, 0x03, 0x06, 0x03, 0x04, 0x07
.byte 0x04, 0x05, 0x08, 0x05, 0x05, 0x0a, 0x05, 0x05, 0x0a, 0x05, 0x05, 0x0a, 0x05, 0x06, 0x0b, 0x06
.byte 0x06, 0x0b, 0x06, 0x06, 0x0b, 0x06, 0x06, 0x0c, 0x06, 0x07, 0x0d, 0x07, 0x07, 0x0d, 0x07, 0x07
.byte 0x0e, 0x07, 0x07, 0x0e, 0x07, 0x07, 0x0e, 0x07, 0x02, 0x03, 0x02, 0x00, 0x00, 0x00, 0x00, 0x00
.byte 0x00, 0x00, 0x00, 0x00, 0x00, 0x00, 0x00, 0x00, 0x00, 0x00, 0x00, 0x00, 0x00, 0x09, 0x11, 0x0a
.byte 0x09, 0x10, 0x09, 0x08, 0x10, 0x09, 0x08, 0x0f, 0x08, 0x08, 0x0e, 0x08, 0x07, 0x0d, 0x07, 0x07
.byte 0x0c, 0x07, 0x06, 0x0c, 0x07, 0x06, 0x0b, 0x06, 0x05, 0x0a, 0x06, 0x05, 0x0a, 0x05, 0x05, 0x09
.byte 0x05, 0x03, 0x06, 0x04, 0x02, 0x04, 0x02, 0x01, 0x03, 0x02, 0x01, 0x02, 0x01, 0x00, 0x01, 0x00
.byte 0x00, 0x00, 0x00, 0x00, 0x00, 0x00, 0x00, 0x00, 0x00, 0x00, 0x00, 0x00, 0x00, 0x00, 0x00, 0x00
.byte 0x00, 0x00, 0x00, 0x00, 0x00, 0x00, 0x00, 0x00, 0x00, 0x00, 0x00, 0x00, 0x00, 0x00, 0x00, 0x00
.byte 0x00, 0x00, 0x00, 0x00, 0x00, 0x00, 0x00, 0x00, 0x00, 0x00, 0x00, 0x00, 0x00, 0x00, 0x00, 0x00
.byte 0x00, 0x00, 0x00, 0x00, 0x00, 0x00, 0x00, 0x00, 0x00, 0x00, 0x00, 0x00, 0x00, 0x00, 0x00, 0x00
.byte 0x00, 0x00, 0x00, 0x00, 0x00, 0x00, 0x00, 0x00, 0x00, 0x00, 0x00, 0x00, 0x00, 0x00, 0x00, 0x00
.byte 0x00, 0x00, 0x00, 0x00, 0x00, 0x00, 0x00, 0x00, 0x00, 0x00, 0x00, 0x00, 0x00, 0x00, 0x00, 0x00
.byte 0x00, 0x00, 0x00, 0x00, 0x00, 0x00, 0x00, 0x00, 0x00, 0x00, 0x00, 0x00, 0x00, 0x00, 0x00, 0x00
.byte 0x00, 0x00, 0x00, 0x00, 0x00, 0x00, 0x00, 0x00, 0x00, 0x00, 0x00, 0x00, 0x00, 0x00, 0x00, 0x00
.byte 0x00, 0x00, 0x00, 0x00, 0x00, 0x00, 0x00, 0x00, 0x00, 0x00, 0x00, 0x00, 0x00, 0x00, 0x00, 0x00
.byte 0x00, 0x00, 0x00, 0x00, 0x00, 0x00, 0x00, 0x00, 0x00, 0x00, 0x00, 0x00, 0x00, 0x00, 0x00, 0x00
.byte 0x00, 0x00, 0x00, 0x00, 0x00, 0x00, 0x00, 0x00, 0x00, 0x00, 0x00, 0x00, 0x00, 0x00, 0x00, 0x00
.byte 0x00, 0x00, 0x00, 0x00, 0x00, 0x00, 0x00, 0x00, 0x00, 0x00, 0x00, 0x00, 0x00, 0x00, 0x00, 0x00
.byte 0x00, 0x00, 0x00, 0x00, 0x00, 0x00, 0x00, 0x01, 0x00, 0x00, 0x02, 0x01, 0x01, 0x03, 0x02, 0x02
.byte 0x04, 0x02, 0x02, 0x04, 0x02, 0x02, 0x06, 0x03, 0x02, 0x07, 0x04, 0x04, 0x08, 0x04, 0x04, 0x0a
.byte 0x05, 0x04, 0x0a, 0x05, 0x04, 0x0a, 0x05, 0x05, 0x0b, 0x05, 0x06, 0x0b, 0x06, 0x06, 0x0b, 0x06
.byte 0x06, 0x0c, 0x06, 0x06, 0x0c, 0x06, 0x07, 0x0d, 0x07, 0x07, 0x0d, 0x07, 0x06, 0x0b, 0x06, 0x00
.byte 0x00, 0x00, 0x00, 0x00, 0x00, 0x00, 0x00, 0x00, 0x00, 0x00, 0x00, 0x00, 0x00, 0x00, 0x00, 0x00
.byte 0x00, 0x00, 0x00, 0x00, 0x00, 0x00, 0x00, 0x0a, 0x12, 0x0a, 0x09, 0x11, 0x09, 0x09, 0x10, 0x09
.byte 0x08, 0x0f, 0x08, 0x08, 0x0e, 0x08, 0x07, 0x0e, 0x08, 0x07, 0x0d, 0x07, 0x07, 0x0c, 0x07, 0x06
.byte 0x0b, 0x07, 0x06, 0x0b, 0x06, 0x05, 0x0a, 0x06, 0x05, 0x09, 0x05, 0x04, 0x07, 0x04, 0x03, 0x06
.byte 0x03, 0x02, 0x04, 0x02, 0x01, 0x02, 0x02, 0x01, 0x01, 0x01, 0x00, 0x00, 0x00, 0x00, 0x00, 0x00
.byte 0x00, 0x00, 0x00, 0x00, 0x00, 0x00, 0x00, 0x00, 0x00, 0x00, 0x00, 0x00, 0x00, 0x00, 0x00, 0x00
.byte 0x00, 0x00, 0x00, 0x00, 0x00, 0x00, 0x00, 0x00, 0x00, 0x00, 0x00, 0x00, 0x00, 0x00, 0x00, 0x00
.byte 0x00, 0x00, 0x00, 0x00, 0x00, 0x00, 0x00, 0x00, 0x00, 0x00, 0x00, 0x00, 0x00, 0x00, 0x00, 0x00
.byte 0x00, 0x00, 0x00, 0x00, 0x00, 0x00, 0x00, 0x00, 0x00, 0x00, 0x00, 0x00, 0x00, 0x00, 0x00, 0x00
.byte 0x00, 0x00, 0x00, 0x00, 0x00, 0x00, 0x00, 0x00, 0x00, 0x00, 0x00, 0x00, 0x00, 0x00, 0x00, 0x00
.byte 0x00, 0x00, 0x00, 0x00, 0x00, 0x00, 0x00, 0x00, 0x00, 0x00, 0x00, 0x00, 0x00, 0x00, 0x00, 0x00
.byte 0x00, 0x00, 0x00, 0x00, 0x00, 0x00, 0x00, 0x00, 0x00, 0x00, 0x00, 0x00, 0x00, 0x00, 0x00, 0x00
.byte 0x00, 0x00, 0x00, 0x00, 0x00, 0x00, 0x00, 0x00, 0x00, 0x00, 0x00, 0x00, 0x00, 0x00, 0x00, 0x00
.byte 0x00, 0x00, 0x00, 0x00, 0x00, 0x00, 0x00, 0x00, 0x00, 0x00, 0x00, 0x00, 0x00, 0x00, 0x00, 0x00
.byte 0x00, 0x00, 0x00, 0x00, 0x00, 0x00, 0x00, 0x00, 0x00, 0x00, 0x00, 0x00, 0x00, 0x00, 0x00, 0x00
.byte 0x00, 0x00, 0x00, 0x00, 0x00, 0x00, 0x00, 0x00, 0x00, 0x00, 0x00, 0x00, 0x00, 0x00, 0x00, 0x00
.byte 0x00, 0x00, 0x00, 0x00, 0x00, 0x00, 0x00, 0x00, 0x00, 0x00, 0x00, 0x00, 0x00, 0x00, 0x00, 0x00
.byte 0x00, 0x00, 0x00, 0x00, 0x01, 0x01, 0x01, 0x02, 0x01, 0x01, 0x03, 0x02, 0x02, 0x04, 0x02, 0x02
.byte 0x05, 0x02, 0x02, 0x06, 0x03, 0x03, 0x07, 0x04, 0x04, 0x09, 0x05, 0x04, 0x0a, 0x05, 0x04, 0x0a
.byte 0x05, 0x04, 0x0a, 0x05, 0x04, 0x0a, 0x05, 0x03, 0x07, 0x04, 0x02, 0x04, 0x02, 0x00, 0x01, 0x00
.byte 0x00, 0x00, 0x00, 0x00, 0x00, 0x00, 0x00, 0x00, 0x00, 0x00, 0x00, 0x00, 0x00, 0x00, 0x00, 0x00
.byte 0x00, 0x00, 0x00, 0x00, 0x00, 0x00, 0x00, 0x00, 0x00, 0x00, 0x00, 0x00, 0x00, 0x00, 0x00, 0x00
.byte 0x00, 0x0a, 0x13, 0x0a, 0x09, 0x12, 0x0a, 0x09, 0x12, 0x09, 0x09, 0x11, 0x09, 0x08, 0x10, 0x08
.byte 0x08, 0x0f, 0x08, 0x07, 0x0e, 0x08, 0x07, 0x0e, 0x07, 0x06, 0x0d, 0x07, 0x06, 0x0c, 0x06, 0x05
.byte 0x0b, 0x06, 0x05, 0x0a, 0x05, 0x05, 0x0a, 0x05, 0x04, 0x08, 0x04, 0x03, 0x06, 0x03, 0x02, 0x04
.byte 0x02, 0x01, 0x03, 0x02, 0x01, 0x02, 0x01, 0x00, 0x00, 0x00, 0x00, 0x00, 0x00, 0x00, 0x00, 0x00
.byte 0x00, 0x00, 0x00, 0x00, 0x00, 0x00, 0x00, 0x00, 0x00, 0x00, 0x00, 0x00, 0x00, 0x00, 0x00, 0x00
.byte 0x00, 0x00, 0x00, 0x00, 0x00, 0x00, 0x00, 0x00, 0x00, 0x00, 0x00, 0x00, 0x00, 0x00, 0x00, 0x00
.byte 0x00, 0x00, 0x00, 0x00, 0x00, 0x00, 0x00, 0x00, 0x00, 0x00, 0x00, 0x00, 0x00, 0x00, 0x00, 0x00
.byte 0x00, 0x00, 0x00, 0x00, 0x00, 0x00, 0x00, 0x00, 0x00, 0x00, 0x00, 0x00, 0x00, 0x00, 0x00, 0x00
.byte 0x00, 0x00, 0x00, 0x00, 0x00, 0x00, 0x00, 0x00, 0x00, 0x00, 0x00, 0x00, 0x00, 0x00, 0x00, 0x00
.byte 0x00, 0x00, 0x00, 0x00, 0x00, 0x00, 0x00, 0x00, 0x00, 0x00, 0x00, 0x00, 0x00, 0x00, 0x00, 0x00
.byte 0x00, 0x00, 0x00, 0x00, 0x00, 0x00, 0x00, 0x00, 0x00, 0x00, 0x00, 0x00, 0x00, 0x00, 0x00, 0x00
.byte 0x00, 0x00, 0x00, 0x00, 0x00, 0x00, 0x00, 0x00, 0x00, 0x00, 0x00, 0x00, 0x00, 0x00, 0x00, 0x00
.byte 0x00, 0x00, 0x00, 0x00, 0x00, 0x00, 0x00, 0x00, 0x00, 0x00, 0x00, 0x00, 0x00, 0xff, 0xfe, 0xff
.byte 0xff, 0xff, 0xff, 0x00, 0x00, 0x00, 0x00, 0x00, 0x00, 0x00, 0x00, 0x00, 0x00, 0x00, 0x00, 0x00
.byte 0x00, 0x00, 0x00, 0x00, 0x00, 0x00, 0x00, 0x00, 0x00, 0x00, 0x00, 0x00, 0x00, 0x00, 0x00, 0x00
.byte 0x00, 0x00, 0x00, 0x00, 0x00, 0x00, 0x00, 0x00, 0x00, 0x00, 0x00, 0x00, 0x00, 0x00, 0x00, 0x00
.byte 0x00, 0x00, 0x00, 0x00, 0x00, 0x00, 0x00, 0x00, 0x00, 0x00, 0x00, 0x00, 0x00, 0x00, 0x00, 0x00
.byte 0x00, 0x00, 0x00, 0x00, 0x00, 0x00, 0x00, 0x00, 0x00, 0x00, 0x00, 0x00, 0x00, 0x00, 0x00, 0x00
.byte 0x00, 0x00, 0x00, 0x00, 0x00, 0x00, 0x00, 0x00, 0x00, 0x00, 0x00, 0x00, 0x00, 0x00, 0x00, 0x00
.byte 0x00, 0x00, 0x00, 0x00, 0x00, 0x00, 0x00, 0x00, 0x00, 0x00, 0x00, 0x00, 0x00, 0x00, 0x00, 0x00
.byte 0x00, 0x00, 0x00, 0x00, 0x00, 0x00, 0x00, 0x00, 0x00, 0x00, 0x00, 0x0b, 0x14, 0x0a, 0x0b, 0x13
.byte 0x0a, 0x0a, 0x12, 0x09, 0x0a, 0x11, 0x09, 0x09, 0x10, 0x09, 0x09, 0x10, 0x08, 0x09, 0x0f, 0x08
.byte 0x08, 0x0f, 0x08, 0x08, 0x0d, 0x07, 0x07, 0x0c, 0x07, 0x07, 0x0c, 0x06, 0x06, 0x0b, 0x06, 0x06
.byte 0x0a, 0x05, 0x05, 0x09, 0x05, 0x04, 0x07, 0x03, 0x03, 0x06, 0x03, 0x02, 0x04, 0x02, 0x02, 0x03
.byte 0x02, 0x01, 0x02, 0x01, 0x00, 0x01, 0x00, 0x00, 0x00, 0x00, 0x00, 0x00, 0x00, 0x00, 0x00, 0x00
.byte 0x00, 0x00, 0x00, 0x00, 0x00, 0x00, 0x00, 0x00, 0x00, 0x00, 0x00, 0x00, 0x00, 0x00, 0x00, 0x00
.byte 0x00, 0x00, 0x00, 0x00, 0x00, 0x00, 0x00, 0x00, 0x00, 0x00, 0x00, 0x00, 0x00, 0x00, 0x00, 0x00
.byte 0x00, 0x00, 0x00, 0x00, 0x00, 0x00, 0x00, 0x00, 0x00, 0x00, 0x00, 0x00, 0x00, 0x00, 0x00, 0x00
.byte 0x00, 0x00, 0x00, 0x00, 0x00, 0x00, 0x00, 0x00, 0x00, 0x00, 0x00, 0x00, 0x00, 0x00, 0x00, 0x00
.byte 0x00, 0x00, 0x00, 0x00, 0x00, 0x00, 0x00, 0x00, 0x00, 0x00, 0x00, 0x00, 0x00, 0x00, 0x00, 0x00
.byte 0x00, 0x00, 0x00, 0x00, 0x00, 0x00, 0x00, 0x00, 0x00, 0x00, 0x00, 0x00, 0x00, 0x00, 0x00, 0x00
.byte 0x00, 0x00, 0x00, 0x00, 0x00, 0x00, 0x00, 0x00, 0x00, 0x00, 0x00, 0x00, 0x00, 0x00, 0x00, 0x00
.byte 0x00, 0x00, 0x00, 0x00, 0x00, 0x00, 0x00, 0x00, 0x00, 0x00, 0x00, 0x00, 0x00, 0x00, 0x00, 0x00
.byte 0x00, 0x00, 0x00, 0x00, 0xfc, 0xfb, 0xfe, 0xfe, 0xfd, 0xfe, 0xfe, 0xfe, 0xff, 0xff, 0xff, 0xff
.byte 0x00, 0x00, 0x00, 0x00, 0x00, 0x00, 0x00, 0x00, 0x00, 0x00, 0x00, 0x00, 0x00, 0x00, 0x00, 0x00
.byte 0x00, 0x00, 0x00, 0x00, 0x00, 0x00, 0x00, 0x00, 0x00, 0x00, 0x00, 0x00, 0x00, 0x00, 0x00, 0x00
.byte 0x00, 0x00, 0x00, 0x00, 0x00, 0x00, 0x00, 0x00, 0x00, 0x00, 0x00, 0x00, 0x00, 0x00, 0x00, 0x00
.byte 0x00, 0x00, 0x00, 0x00, 0x00, 0x00, 0x00, 0x00, 0x00, 0x00, 0x00, 0x00, 0x00, 0x00, 0x00, 0x00
.byte 0x00, 0x00, 0x00, 0x00, 0x00, 0x00, 0x00, 0x00, 0x00, 0x00, 0x00, 0x00, 0x00, 0x00, 0x00, 0x00
.byte 0x00, 0x00, 0x00, 0x00, 0x00, 0x00, 0x00, 0x00, 0x00, 0x00, 0x00, 0x00, 0x00, 0x00, 0x00, 0x00
.byte 0x00, 0x00, 0x00, 0x00, 0x00, 0x00, 0x00, 0x00, 0x00, 0x00, 0x00, 0x00, 0x00, 0x00, 0x00, 0x00
.byte 0x00, 0x00, 0x00, 0x00, 0x00, 0x0b, 0x14, 0x0b, 0x0b, 0x13, 0x0a, 0x0b, 0x13, 0x0a, 0x0a, 0x12
.byte 0x09, 0x0a, 0x11, 0x09, 0x09, 0x10, 0x09, 0x09, 0x10, 0x08, 0x08, 0x0f, 0x08, 0x08, 0x0e, 0x07
.byte 0x07, 0x0d, 0x07, 0x07, 0x0c, 0x06, 0x06, 0x0b, 0x06, 0x06, 0x0a, 0x06, 0x06, 0x0a, 0x05, 0x05
.byte 0x08, 0x05, 0x04, 0x06, 0x03, 0x03, 0x06, 0x03, 0x02, 0x04, 0x02, 0x02, 0x03, 0x02, 0x01, 0x02
.byte 0x01, 0x01, 0x01, 0x01, 0x00, 0x01, 0x00, 0x01, 0x01, 0x01, 0x00, 0x01, 0x00, 0x01, 0x01, 0x01
.byte 0x01, 0x02, 0x01, 0x00, 0x01, 0x00, 0x00, 0x00, 0x00, 0x00, 0x00, 0x00, 0x00, 0x00, 0x00, 0x00
.byte 0x00, 0x00, 0x00, 0x00, 0x00, 0x00, 0x00, 0x00, 0x00, 0x00, 0x00, 0x00, 0x00, 0x00, 0x00, 0x00
.byte 0x00, 0x00, 0x00, 0x00, 0x00, 0x00, 0x00, 0x00, 0x00, 0x00, 0x00, 0x00, 0x00, 0x00, 0x00, 0x00
.byte 0x00, 0x00, 0x00, 0x00, 0x00, 0x00, 0x00, 0x00, 0x00, 0x00, 0x00, 0x00, 0x00, 0x00, 0x00, 0x00
.byte 0x00, 0x00, 0x00, 0x00, 0x00, 0x00, 0x00, 0x00, 0x00, 0x00, 0x00, 0x00, 0x00, 0x00, 0x00, 0x00
.byte 0x00, 0x00, 0x00, 0x00, 0x00, 0x00, 0x00, 0x00, 0x00, 0x00, 0x00, 0x00, 0x00, 0x00, 0x00, 0x00
.byte 0x00, 0x00, 0x00, 0x00, 0x00, 0x00, 0x00, 0x00, 0x00, 0x00, 0x00, 0x00, 0x00, 0x00, 0x00, 0x00
.byte 0x00, 0x00, 0x00, 0x00, 0x00, 0x00, 0x00, 0x00, 0x00, 0x00, 0x00, 0x00, 0x00, 0x00, 0xfe, 0xfc
.byte 0xfe, 0xfe, 0xfd, 0xff, 0xff, 0xfe, 0xff, 0xff, 0xff, 0xff, 0x00, 0x00, 0x00, 0x00, 0x00, 0x00
.byte 0x00, 0x00, 0x00, 0x00, 0x00, 0x00, 0x00, 0x00, 0x00, 0x00, 0x00, 0x00, 0x00, 0x00, 0x00, 0x00
.byte 0x00, 0x00, 0x00, 0x00, 0x00, 0x00, 0x00, 0x00, 0x00, 0x00, 0x00, 0x00, 0x00, 0x00, 0x00, 0x00
.byte 0x00, 0x00, 0x00, 0x00, 0x00, 0x00, 0x00, 0x00, 0x00, 0x00, 0x00, 0x00, 0x00, 0x00, 0x00, 0x00
.byte 0x00, 0x00, 0x00, 0x00, 0x00, 0x00, 0x00, 0x00, 0x00, 0x00, 0x00, 0x00, 0x00, 0x00, 0x00, 0x00
.byte 0x00, 0x00, 0x00, 0x00, 0x00, 0x00, 0x00, 0x00, 0x00, 0x00, 0x00, 0x00, 0x00, 0x00, 0x00, 0x00
.byte 0x00, 0x00, 0x00, 0x00, 0x00, 0x00, 0x00, 0x00, 0x00, 0x00, 0x00, 0x00, 0x00, 0x00, 0x00, 0x00
.byte 0x00, 0x00, 0x00, 0x00, 0x00, 0x00, 0x00, 0x00, 0x00, 0x00, 0x00, 0x00, 0x00, 0x00, 0x00, 0x0c
.byte 0x15, 0x0b, 0x0b, 0x14, 0x0b, 0x0b, 0x13, 0x0a, 0x0a, 0x12, 0x0a, 0x0a, 0x12, 0x09, 0x0a, 0x11
.byte 0x09, 0x09, 0x10, 0x08, 0x09, 0x0f, 0x08, 0x08, 0x0e, 0x08, 0x08, 0x0d, 0x07, 0x06, 0x0c, 0x07
.byte 0x06, 0x0c, 0x06, 0x05, 0x0b, 0x06, 0x05, 0x0a, 0x05, 0x04, 0x09, 0x05, 0x04, 0x08, 0x04, 0x03
.byte 0x06, 0x03, 0x02, 0x04, 0x02, 0x02, 0x04, 0x02, 0x02, 0x04, 0x02, 0x01, 0x03, 0x02, 0x01, 0x03
.byte 0x02, 0x02, 0x04, 0x02, 0x01, 0x03, 0x02, 0x00, 0x02, 0x01, 0x00, 0x01, 0x00, 0x00, 0x00, 0x00
.byte 0x00, 0x00, 0x00, 0x00, 0x00, 0x00, 0x00, 0x00, 0x00, 0x00, 0x00, 0x00, 0x00, 0x00, 0x00, 0x00
.byte 0x00, 0x00, 0x00, 0x00, 0x00, 0x00, 0x00, 0x00, 0x00, 0x00, 0x00, 0x00, 0x00, 0x00, 0x00, 0x00
.byte 0x00, 0x00, 0x00, 0x00, 0x00, 0x00, 0x00, 0x00, 0x00, 0x00, 0x00, 0x00, 0x00, 0x00, 0x00, 0x00
.byte 0x00, 0x00, 0x00, 0x00, 0x00, 0x00, 0x00, 0x00, 0x00, 0x00, 0x00, 0x00, 0x00, 0x00, 0x00, 0x00
.byte 0x00, 0x00, 0x00, 0x00, 0x00, 0x00, 0x00, 0x00, 0x00, 0x00, 0x00, 0x00, 0x00, 0x00, 0x00, 0x00
.byte 0x00, 0x00, 0x00, 0x00, 0x00, 0x00, 0x00, 0x00, 0x00, 0x00, 0x00, 0x00, 0x00, 0x00, 0x00, 0x00
.byte 0x00, 0x00, 0x00, 0x00, 0x00, 0x00, 0x00, 0x00, 0x00, 0x00, 0x00, 0x00, 0x00, 0x00, 0x00, 0x00
.byte 0x00, 0x00, 0x00, 0x00, 0x00, 0xfe, 0xfd, 0xff, 0xfe, 0xfd, 0xff, 0xfe, 0xfd, 0xff, 0xff, 0xfe
.byte 0xff, 0xff, 0xff, 0xff, 0x00, 0x00, 0x00, 0x00, 0x00, 0x00, 0x00, 0x00, 0x00, 0x00, 0x00, 0x00
.byte 0x00, 0x00, 0x00, 0x00, 0x00, 0x00, 0x00, 0x00, 0x00, 0x00, 0x00, 0x00, 0x00, 0x00, 0x00, 0x00
.byte 0x00, 0x00, 0x00, 0x00, 0x00, 0x00, 0x00, 0x00, 0x00, 0x00, 0x00, 0x00, 0x00, 0x00, 0x00, 0x00
.byte 0x00, 0x00, 0x00, 0x00, 0x00, 0x00, 0x00, 0x00, 0x00, 0x00, 0x00, 0x00, 0x00, 0x00, 0x00, 0x00
.byte 0x00, 0x00, 0x00, 0x00, 0x00, 0x00, 0x00, 0x00, 0x00, 0x00, 0x00, 0x00, 0x00, 0x00, 0x00, 0x00
.byte 0x00, 0x00, 0x00, 0x00, 0x00, 0x00, 0x00, 0x00, 0x00, 0x00, 0x00, 0x00, 0x00, 0x00, 0x00, 0x00
.byte 0x00, 0x00, 0x00, 0x00, 0x00, 0x00, 0x00, 0x00, 0x00, 0x00, 0x00, 0x00, 0x00, 0x00, 0x00, 0x00
.byte 0x00, 0x00, 0x00, 0x00, 0x00, 0x00, 0x00, 0x00, 0x00, 0x0c, 0x16, 0x0b, 0x0c, 0x15, 0x0b, 0x0b
.byte 0x14, 0x0a, 0x0b, 0x13, 0x0a, 0x0a, 0x12, 0x09, 0x0a, 0x11, 0x09, 0x08, 0x10, 0x08, 0x08, 0x0f
.byte 0x08, 0x07, 0x0f, 0x08, 0x07, 0x0e, 0x07, 0x06, 0x0d, 0x07, 0x06, 0x0c, 0x07, 0x06, 0x0c, 0x06
.byte 0x05, 0x0b, 0x06, 0x05, 0x0a, 0x05, 0x04, 0x09, 0x05, 0x04, 0x08, 0x05, 0x04, 0x08, 0x04, 0x03
.byte 0x07, 0x04, 0x04, 0x08, 0x04, 0x03, 0x07, 0x04, 0x02, 0x05, 0x02, 0x02, 0x04, 0x02, 0x01, 0x03
.byte 0x02, 0x01, 0x02, 0x01, 0x00, 0x01, 0x01, 0x00, 0x01, 0x00, 0x00, 0x00, 0x00, 0x00, 0x00, 0x00
.byte 0x00, 0x00, 0x00, 0x00, 0x00, 0x00, 0x00, 0x00, 0x00, 0x00, 0x00, 0x00, 0x00, 0x00, 0x00, 0x00
.byte 0x00, 0x00, 0x00, 0x00, 0x00, 0x00, 0x00, 0x00, 0x00, 0x00, 0x00, 0x00, 0x00, 0x00, 0x00, 0x00
.byte 0x00, 0x00, 0x00, 0x00, 0x00, 0x00, 0x00, 0x00, 0x00, 0x00, 0x00, 0x00, 0x00, 0x00, 0x00, 0x00
.byte 0x00, 0x00, 0x00, 0x00, 0x00, 0x00, 0x00, 0x00, 0x00, 0x00, 0x00, 0x00, 0x00, 0x00, 0x00, 0x00
.byte 0x00, 0x00, 0x00, 0x00, 0x00, 0x00, 0x00, 0x00, 0x00, 0x00, 0x00, 0x00, 0x00, 0x00, 0x00, 0x00
.byte 0x00, 0x00, 0x00, 0x00, 0x00, 0x00, 0x00, 0x00, 0x00, 0x00, 0x00, 0x00, 0x00, 0x00, 0x00, 0x00
.byte 0x00, 0x00, 0x00, 0x00, 0x00, 0x00, 0x00, 0x00, 0x00, 0x00, 0x00, 0x00, 0xfe, 0xfd, 0xff, 0xfe
.byte 0xfc, 0xfe, 0xfe, 0xfd, 0xff, 0xfe, 0xfd, 0xff, 0xff, 0xfe, 0xff, 0xff, 0xff, 0x00, 0x00, 0xff
.byte 0x00, 0x00, 0x00, 0x00, 0x00, 0x00, 0x00, 0x00, 0x00, 0x00, 0x00, 0x00, 0x00, 0x00, 0x00, 0x00
.byte 0x00, 0x00, 0x00, 0x00, 0x00, 0x00, 0x00, 0x00, 0x00, 0x00, 0x00, 0x00, 0x00, 0x00, 0x00, 0x00
.byte 0x00, 0x00, 0x00, 0x00, 0x00, 0x00, 0x00, 0x00, 0x00, 0x00, 0x00, 0x00, 0x00, 0x00, 0x00, 0x00
.byte 0x00, 0x00, 0x00, 0x00, 0x00, 0x00, 0x00, 0x00, 0x00, 0x00, 0x00, 0x00, 0x00, 0x00, 0x00, 0x00
.byte 0x00, 0x00, 0x00, 0x00, 0x00, 0x00, 0x00, 0x00, 0x00, 0x00, 0x00, 0x00, 0x00, 0x00, 0x00, 0x00
.byte 0x00, 0x00, 0x00, 0x00, 0x00, 0x00, 0x00, 0x00, 0x00, 0x00, 0x00, 0x00, 0x00, 0x00, 0x00, 0x00
.byte 0x00, 0x00, 0x00, 0x00, 0x00, 0x00, 0x00, 0x00, 0x00, 0x00, 0x00, 0x00, 0x00, 0x00, 0x00, 0x00
.byte 0x00, 0x00, 0x00, 0x00, 0x00, 0x00, 0x0c, 0x15, 0x0b, 0x0b, 0x14, 0x0b, 0x0b, 0x13, 0x0a, 0x0b
.byte 0x13, 0x0a, 0x0a, 0x12, 0x09, 0x09, 0x11, 0x09, 0x09, 0x10, 0x08, 0x09, 0x0f, 0x08, 0x08, 0x0e
.byte 0x07, 0x08, 0x0d, 0x07, 0x07, 0x0d, 0x07, 0x07, 0x0c, 0x06, 0x07, 0x0c, 0x06, 0x06, 0x0b, 0x06
.byte 0x06, 0x0b, 0x06, 0x06, 0x0a, 0x05, 0x05, 0x0a, 0x05, 0x04, 0x0a, 0x05, 0x04, 0x08, 0x05, 0x03
.byte 0x07, 0x04, 0x03, 0x06, 0x03, 0x02, 0x05, 0x02, 0x02, 0x04, 0x02, 0x01, 0x03, 0x02, 0x01, 0x02
.byte 0x01, 0x00, 0x01, 0x01, 0x00, 0x01, 0x00, 0x00, 0x00, 0x00, 0x00, 0x00, 0x00, 0x00, 0x00, 0x00
.byte 0x00, 0x00, 0x00, 0x00, 0x00, 0x00, 0x00, 0x00, 0x00, 0x00, 0x00, 0x00, 0x00, 0x00, 0x00, 0x00
.byte 0x00, 0x00, 0x00, 0x00, 0x00, 0x00, 0x00, 0x00, 0x00, 0x00, 0x00, 0x00, 0x00, 0x00, 0x00, 0x00
.byte 0x00, 0x00, 0x00, 0x00, 0x00, 0x00, 0x00, 0x00, 0x00, 0x00, 0x00, 0x00, 0x00, 0x00, 0x00, 0x00
.byte 0x00, 0x00, 0x00, 0x00, 0x00, 0x00, 0x00, 0x00, 0x00, 0x00, 0x00, 0x00, 0x00, 0x00, 0x00, 0x00
.byte 0x00, 0x00, 0x00, 0x00, 0x00, 0x00, 0x00, 0x00, 0x00, 0x00, 0x00, 0x00, 0x00, 0x00, 0x00, 0x00
.byte 0x00, 0x00, 0x00, 0x00, 0x00, 0x00, 0x00, 0x00, 0x00, 0x00, 0x00, 0x00, 0x00, 0x00, 0x00, 0x00
.byte 0x00, 0x00, 0x00, 0x00, 0x01, 0x00, 0x00, 0x00, 0x00, 0xfe, 0xfc, 0xfe, 0xfe, 0xfd, 0xff, 0xff
.byte 0xfe, 0xff, 0xff, 0xff, 0x00, 0x00, 0xff, 0x00, 0x00, 0x00, 0x00, 0x00, 0x00, 0x00, 0x00, 0x00
.byte 0x00, 0x00, 0x00, 0x00, 0x00, 0x00, 0x00, 0x00, 0x00, 0x00, 0x00, 0x00, 0x00, 0x00, 0x00, 0x00
.byte 0x00, 0x00, 0x00, 0x00, 0x00, 0x00, 0x00, 0x00, 0x00, 0x00, 0x00, 0x00, 0x00, 0x00, 0x00, 0x00
.byte 0x00, 0x00, 0x00, 0x00, 0x00, 0x00, 0x00, 0x00, 0x00, 0x00, 0x00, 0x00, 0x00, 0x00, 0x00, 0x00
.byte 0x00, 0x00, 0x00, 0x00, 0x00, 0x00, 0x00, 0x00, 0x00, 0x00, 0x00, 0x00, 0x00, 0x00, 0x00, 0x00
.byte 0x00, 0x00, 0x00, 0x00, 0x00, 0x00, 0x00, 0x00, 0x00, 0x00, 0x00, 0x00, 0x00, 0x00, 0x00, 0x00
.byte 0x00, 0x00, 0x00, 0x00, 0x00, 0x00, 0x00, 0x00, 0x00, 0x00, 0x00, 0x00, 0x00, 0x00, 0x00, 0x00
.byte 0x00, 0x00, 0x00, 0x00, 0x00, 0x00, 0x00, 0x00, 0x00, 0x00, 0x00, 0x00, 0x00, 0x00, 0x00, 0x00
.byte 0x0c, 0x16, 0x0b, 0x0c, 0x15, 0x0b, 0x0b, 0x14, 0x0b, 0x0b, 0x13, 0x0a, 0x0a, 0x12, 0x0a, 0x0a
.byte 0x11, 0x09, 0x09, 0x10, 0x08, 0x09, 0x0f, 0x08, 0x08, 0x0f, 0x08, 0x08, 0x0e, 0x07, 0x08, 0x0e
.byte 0x07, 0x08, 0x0d, 0x07, 0x07, 0x0d, 0x07, 0x07, 0x0d, 0x07, 0x06, 0x0c, 0x06, 0x05, 0x0b, 0x06
.byte 0x05, 0x0b, 0x06, 0x04, 0x0a, 0x05, 0x04, 0x09, 0x05, 0x04, 0x08, 0x04, 0x03, 0x07, 0x04, 0x03
.byte 0x06, 0x03, 0x02, 0x04, 0x02, 0x01, 0x04, 0x02, 0x01, 0x03, 0x02, 0x01, 0x02, 0x01, 0x01, 0x02
.byte 0x01, 0x00, 0x01, 0x01, 0x00, 0x01, 0x01, 0x00, 0x01, 0x00, 0x00, 0x00, 0x00, 0x00, 0x00, 0x00
.byte 0x00, 0x00, 0x00, 0x00, 0x00, 0x00, 0x00, 0x00, 0x00, 0x00, 0x01, 0x00, 0x00, 0x00, 0x00, 0x00
.byte 0x00, 0x00, 0xff, 0xfe, 0xff, 0xfc, 0xfa, 0xfe, 0xfc, 0xfb, 0xfe, 0x00, 0x00, 0x00, 0x00, 0x00
.byte 0x00, 0x00, 0x00, 0x00, 0x00, 0x00, 0x00, 0x00, 0x00, 0x00, 0x00, 0x00, 0x00, 0x00, 0x00, 0x00
.byte 0x00, 0x00, 0x00, 0x00, 0x00, 0x00, 0x00, 0x00, 0x00, 0x00, 0x00, 0x00, 0x00, 0x00, 0x00, 0x00
.byte 0x00, 0x00, 0x00, 0x00, 0x00, 0x00, 0x00, 0x00, 0x00, 0x00, 0x00, 0x00, 0x00, 0x00, 0x00, 0x00
.byte 0x00, 0x00, 0x00, 0x00, 0x00, 0x00, 0x00, 0x00, 0x00, 0x00, 0x04, 0x09, 0x05, 0x05, 0x0b, 0x06
.byte 0x01, 0x03, 0x02, 0x00, 0x00, 0x00, 0xff, 0xfe, 0x00, 0xff, 0xfe, 0x00, 0xff, 0xff, 0x00, 0xff
.byte 0xff, 0x00, 0x00, 0xff, 0x00, 0x00, 0x00, 0x00, 0x00, 0x00, 0x00, 0x00, 0x00, 0x00, 0x00, 0x00
.byte 0x00, 0x00, 0x00, 0x00, 0x00, 0x00, 0x00, 0x00, 0x00, 0x00, 0x00, 0x00, 0x00, 0x00, 0x00, 0x00
.byte 0x00, 0x00, 0x00, 0x00, 0x00, 0x00, 0x00, 0x00, 0x00, 0x00, 0x00, 0x00, 0x00, 0x00, 0x00, 0x00
.byte 0x00, 0x00, 0x00, 0x00, 0x00, 0x00, 0x00, 0x00, 0x00, 0x00, 0x00, 0x00, 0x00, 0x00, 0x00, 0x00
.byte 0x00, 0x00, 0x00, 0x00, 0x00, 0x00, 0x00, 0x00, 0x00, 0x00, 0x00, 0x00, 0x00, 0x00, 0x00, 0x00
.byte 0x00, 0x00, 0x00, 0x00, 0x00, 0x00, 0x00, 0x00, 0x00, 0x00, 0x00, 0x00, 0x00, 0x00, 0x00, 0x00
.byte 0x00, 0x00, 0x00, 0x00, 0x00, 0x00, 0x00, 0x00, 0x00, 0x00, 0x00, 0x00, 0x00, 0x00, 0x00, 0x00
.byte 0x00, 0x00, 0x00, 0x00, 0x00, 0x00, 0x00, 0x00, 0x00, 0x00, 0x0c, 0x16, 0x0c, 0x0c, 0x15, 0x0b
.byte 0x0c, 0x15, 0x0b, 0x0b, 0x14, 0x0a, 0x0b, 0x13, 0x0a, 0x0a, 0x12, 0x09, 0x0a, 0x11, 0x09, 0x09
.byte 0x10, 0x09, 0x09, 0x10, 0x08, 0x09, 0x0f, 0x08, 0x09, 0x0f, 0x08, 0x08, 0x0f, 0x08, 0x08, 0x0e
.byte 0x07, 0x08, 0x0d, 0x07, 0x07, 0x0d, 0x07, 0x07, 0x0c, 0x06, 0x06, 0x0b, 0x06, 0x06, 0x0b, 0x06
.byte 0x06, 0x0a, 0x05, 0x05, 0x09, 0x05, 0x04, 0x08, 0x04, 0x03, 0x07, 0x04, 0x02, 0x05, 0x02, 0x02
.byte 0x04, 0x02, 0x02, 0x04, 0x02, 0x02, 0x04, 0x02, 0x01, 0x03, 0x02, 0x01, 0x02, 0x01, 0x01, 0x02
.byte 0x01, 0x00, 0x01, 0x01, 0x00, 0x00, 0x00, 0x00, 0x00, 0x00, 0x00, 0x00, 0x00, 0x00, 0x00, 0x00
.byte 0x00, 0x01, 0x00, 0x00, 0x00, 0x00, 0x00, 0x00, 0x00, 0xfe, 0xfd, 0xff, 0xfe, 0xfd, 0xfe, 0xfe
.byte 0xfd, 0xfe, 0xfe, 0xfd, 0xfe, 0xfe, 0xfd, 0xff, 0x00, 0x00, 0x00, 0x00, 0x00, 0x00, 0x00, 0x00
.byte 0x00, 0x00, 0x00, 0x00, 0x00, 0x00, 0x00, 0x00, 0x00, 0x00, 0x00, 0x00, 0x00, 0x00, 0x00, 0x00
.byte 0x00, 0x00, 0x00, 0x00, 0x00, 0x00, 0x00, 0x00, 0x00, 0x00, 0x00, 0x00, 0x00, 0x00, 0x00, 0x00
.byte 0x00, 0x00, 0x00, 0x00, 0x00, 0x00, 0x00, 0x00, 0x00, 0x00, 0x00, 0x00, 0x00, 0x00, 0x00, 0x00
.byte 0x00, 0x02, 0x04, 0x02, 0x03, 0x07, 0x04, 0x05, 0x0a, 0x06, 0x06, 0x0c, 0x07, 0x04, 0x08, 0x04
.byte 0x00, 0x00, 0x00, 0x00, 0x00, 0x00, 0xff, 0xff, 0x00, 0xff, 0xfe, 0x00, 0xff, 0xff, 0x00, 0xff
.byte 0xff, 0x00, 0x00, 0x00, 0x00, 0x00, 0x00, 0x00, 0x00, 0x00, 0x00, 0x00, 0x00, 0x00, 0x00, 0x00
.byte 0x00, 0x00, 0x00, 0x00, 0x00, 0x00, 0x00, 0x00, 0x00, 0x00, 0x00, 0x00, 0x00, 0x00, 0x00, 0x00
.byte 0x00, 0x00, 0x00, 0x00, 0x00, 0x00, 0x00, 0x00, 0x00, 0x00, 0x00, 0x00, 0x00, 0x00, 0x00, 0x00
.byte 0x00, 0x00, 0x00, 0x00, 0x00, 0x00, 0x00, 0x00, 0x00, 0x00, 0x00, 0x00, 0x00, 0x00, 0x00, 0x00
.byte 0x00, 0x00, 0x00, 0x00, 0x00, 0x00, 0x00, 0x00, 0x00, 0x00, 0x00, 0x00, 0x00, 0x00, 0x00, 0x00
.byte 0x00, 0x00, 0x00, 0x00, 0x00, 0x00, 0x00, 0x00, 0x00, 0x00, 0x00, 0x00, 0x00, 0x00, 0x00, 0x00
.byte 0x00, 0x00, 0x00, 0x00, 0x00, 0x00, 0x00, 0x00, 0x00, 0x00, 0x00, 0x00, 0x00, 0x00, 0x00, 0x00
.byte 0x00, 0x00, 0x00, 0x00, 0x0d, 0x18, 0x0c, 0x0c, 0x16, 0x0b, 0x0c, 0x15, 0x0b, 0x0b, 0x14, 0x0b
.byte 0x0b, 0x14, 0x0a, 0x0b, 0x13, 0x0a, 0x0a, 0x12, 0x09, 0x0a, 0x12, 0x09, 0x0a, 0x12, 0x09, 0x0a
.byte 0x11, 0x09, 0x09, 0x10, 0x09, 0x09, 0x0f, 0x08, 0x08, 0x0f, 0x08, 0x08, 0x0e, 0x07, 0x08, 0x0d
.byte 0x07, 0x07, 0x0d, 0x07, 0x07, 0x0c, 0x06, 0x06, 0x0b, 0x06, 0x06, 0x0b, 0x06, 0x06, 0x0a, 0x05
.byte 0x05, 0x0a, 0x05, 0x05, 0x08, 0x05, 0x04, 0x07, 0x04, 0x03, 0x06, 0x03, 0x03, 0x06, 0x03, 0x02
.byte 0x04, 0x02, 0x02, 0x04, 0x02, 0x01, 0x03, 0x02, 0x01, 0x03, 0x02, 0x01, 0x02, 0x01, 0x01, 0x02
.byte 0x01, 0x00, 0x01, 0x01, 0x01, 0x02, 0x01, 0x01, 0x02, 0x01, 0x00, 0x00, 0x00, 0x00, 0x00, 0x00
.byte 0xfe, 0xfd, 0xfe, 0xfe, 0xfe, 0xff, 0xff, 0xfe, 0xff, 0xfe, 0xfd, 0xff, 0xfe, 0xfd, 0xff, 0xfe
.byte 0xfd, 0xff, 0xfe, 0xfc, 0xfe, 0x00, 0x00, 0x00, 0x00, 0x00, 0x00, 0x00, 0x00, 0x00, 0x00, 0x00
.byte 0x00, 0x00, 0x00, 0x00, 0x00, 0x00, 0x00, 0x00, 0x00, 0x00, 0x00, 0x00, 0x00, 0x00, 0x00, 0x00
.byte 0x00, 0x00, 0x00, 0x00, 0x00, 0x00, 0x00, 0x00, 0x00, 0x00, 0x00, 0x00, 0x00, 0x00, 0x00, 0x00
.byte 0x00, 0x00, 0x00, 0x00, 0x00, 0x00, 0x00, 0x00, 0x01, 0x01, 0x01, 0x01, 0x03, 0x02, 0x02, 0x05
.byte 0x03, 0x04, 0x09, 0x05, 0x05, 0x0b, 0x06, 0x06, 0x0d, 0x07, 0x05, 0x0b, 0x06, 0x00, 0x00, 0x00
.byte 0x00, 0x00, 0x00, 0xfe, 0xfe, 0xff, 0xff, 0xfe, 0xff, 0xff, 0xff, 0xff, 0x00, 0x00, 0x00, 0x00
.byte 0x00, 0x00, 0x00, 0x00, 0x00, 0x00, 0x00, 0x00, 0x00, 0x00, 0x00, 0x00, 0x00, 0x00, 0x00, 0x00
.byte 0x00, 0x00, 0x00, 0x00, 0x00, 0x00, 0x00, 0x00, 0x00, 0x00, 0x00, 0x00, 0x00, 0x00, 0x00, 0x00
.byte 0x00, 0x00, 0x00, 0x00, 0x00, 0x00, 0x00, 0x00, 0x00, 0x00, 0x00, 0x00, 0x00, 0x00, 0x00, 0x00
.byte 0x00, 0x00, 0x00, 0x00, 0x00, 0x00, 0x00, 0x00, 0x00, 0x00, 0x00, 0x00, 0x00, 0x00, 0x00, 0x00
.byte 0x00, 0x00, 0x00, 0x00, 0x00, 0x00, 0x00, 0x00, 0x00, 0x00, 0x00, 0x00, 0x00, 0x00, 0x00, 0x00
.byte 0x00, 0x00, 0x00, 0x00, 0x00, 0x00, 0x00, 0x00, 0x00, 0x00, 0x00, 0x00, 0x00, 0x00, 0x00, 0x00
.byte 0x00, 0x00, 0x00, 0x00, 0x00, 0x00, 0x00, 0x00, 0x00, 0x00, 0x00, 0x00, 0x00, 0x00, 0x0e, 0x18
.byte 0x0d, 0x0d, 0x16, 0x0c, 0x0c, 0x15, 0x0b, 0x0c, 0x15, 0x0b, 0x0c, 0x14, 0x0b, 0x0b, 0x15, 0x0b
.byte 0x0b, 0x14, 0x0b, 0x0b, 0x13, 0x0a, 0x0a, 0x12, 0x0a, 0x0a, 0x12, 0x09, 0x0a, 0x11, 0x09, 0x09
.byte 0x10, 0x08, 0x09, 0x0f, 0x08, 0x08, 0x0f, 0x08, 0x08, 0x0e, 0x07, 0x08, 0x0d, 0x07, 0x07, 0x0d
.byte 0x07, 0x07, 0x0c, 0x06, 0x06, 0x0b, 0x06, 0x06, 0x0b, 0x06, 0x05, 0x0a, 0x05, 0x05, 0x0a, 0x05
.byte 0x04, 0x09, 0x05, 0x04, 0x08, 0x04, 0x03, 0x07, 0x03, 0x03, 0x06, 0x03, 0x02, 0x05, 0x02, 0x02
.byte 0x04, 0x02, 0x01, 0x04, 0x02, 0x01, 0x03, 0x02, 0x01, 0x03, 0x02, 0x02, 0x04, 0x02, 0x03, 0x07
.byte 0x04, 0x00, 0x00, 0x00, 0x00, 0x00, 0x00, 0xfe, 0xfc, 0xfe, 0xfe, 0xfc, 0xfe, 0xfe, 0xfd, 0xff
.byte 0xfe, 0xfd, 0xff, 0xfe, 0xfd, 0xff, 0xfe, 0xfd, 0xff, 0xfe, 0xfc, 0xfe, 0xfe, 0xfc, 0xfe, 0xfd
.byte 0xfa, 0xfe, 0xfe, 0xfd, 0xff, 0x00, 0x00, 0x00, 0x00, 0x00, 0x00, 0x00, 0x00, 0x00, 0x00, 0x00
.byte 0x00, 0x00, 0x00, 0x00, 0x00, 0x00, 0x00, 0x00, 0x00, 0x00, 0x00, 0x00, 0x00, 0x00, 0x00, 0x00
.byte 0x00, 0x00, 0x00, 0x00, 0x00, 0x00, 0x00, 0x00, 0x00, 0x00, 0x00, 0x00, 0x00, 0x00, 0x00, 0x00
.byte 0x00, 0x00, 0x01, 0x01, 0x01, 0x01, 0x03, 0x02, 0x02, 0x04, 0x03, 0x03, 0x07, 0x04, 0x05, 0x0a
.byte 0x06, 0x05, 0x0b, 0x05, 0x06, 0x0d, 0x06, 0x06, 0x0c, 0x06, 0x00, 0x00, 0x00, 0x00, 0x00, 0x00
.byte 0xff, 0xfd, 0xff, 0xff, 0xfe, 0xff, 0x00, 0x00, 0x00, 0x00, 0x00, 0x00, 0x00, 0x00, 0x00, 0x00
.byte 0x00, 0x00, 0x00, 0x00, 0x00, 0x00, 0x00, 0x00, 0x00, 0x00, 0x00, 0x00, 0x00, 0x00, 0x00, 0x00
.byte 0x00, 0x00, 0x00, 0x00, 0x00, 0x00, 0x00, 0x00, 0x00, 0x00, 0x00, 0x00, 0x00, 0x00, 0x00, 0x00
.byte 0x00, 0x00, 0x00, 0x00, 0x00, 0x00, 0x00, 0x00, 0x00, 0x00, 0x00, 0x00, 0x00, 0x00, 0x00, 0x00
.byte 0x00, 0x00, 0x00, 0x00, 0x00, 0x00, 0x00, 0x00, 0x00, 0x00, 0x00, 0x00, 0x00, 0x00, 0x00, 0x00
.byte 0x00, 0x00, 0x00, 0x00, 0x00, 0x00, 0x00, 0x00, 0x00, 0x00, 0x00, 0x00, 0x00, 0x00, 0x00, 0x00
.byte 0x00, 0x00, 0x00, 0x00, 0x00, 0x00, 0x00, 0x00, 0x00, 0x00, 0x00, 0x00, 0x00, 0x00, 0x00, 0x00
.byte 0x00, 0x00, 0x00, 0x00, 0x00, 0x00, 0x00, 0x00, 0x00, 0x00, 0x00, 0x0d, 0x18, 0x0c, 0x0d, 0x17
.byte 0x0c, 0x0d, 0x18, 0x0c, 0x0c, 0x17, 0x0b, 0x0c, 0x16, 0x0b, 0x0c, 0x16, 0x0b, 0x0b, 0x14, 0x0b
.byte 0x0b, 0x13, 0x0a, 0x0a, 0x12, 0x0a, 0x0a, 0x12, 0x09, 0x09, 0x11, 0x09, 0x09, 0x10, 0x08, 0x09
.byte 0x0f, 0x08, 0x08, 0x0f, 0x08, 0x08, 0x0e, 0x07, 0x07, 0x0d, 0x07, 0x07, 0x0d, 0x07, 0x07, 0x0c
.byte 0x06, 0x06, 0x0b, 0x06, 0x06, 0x0b, 0x06, 0x06, 0x0a, 0x05, 0x05, 0x0a, 0x05, 0x04, 0x0a, 0x05
.byte 0x04, 0x08, 0x05, 0x03, 0x07, 0x04, 0x03, 0x07, 0x04, 0x02, 0x05, 0x02, 0x02, 0x05, 0x02, 0x02
.byte 0x05, 0x02, 0x03, 0x07, 0x04, 0x04, 0x0a, 0x05, 0x02, 0x04, 0x02, 0x00, 0x00, 0x00, 0xfe, 0xfe
.byte 0xff, 0xfe, 0xfd, 0xff, 0xfe, 0xfc, 0xfe, 0xfe, 0xfd, 0xff, 0xfe, 0xfd, 0xff, 0xfe, 0xfc, 0xfe
.byte 0xfe, 0xfc, 0xfe, 0xfe, 0xfc, 0xfe, 0xfe, 0xfc, 0xfe, 0xfe, 0xfc, 0xfe, 0x00, 0x00, 0x00, 0x00
.byte 0x00, 0x00, 0x00, 0x00, 0x00, 0x00, 0x00, 0x00, 0x00, 0x00, 0x00, 0x00, 0x00, 0x00, 0x00, 0x00
.byte 0x00, 0x00, 0x00, 0x00, 0x00, 0x00, 0x00, 0x00, 0x00, 0x00, 0x00, 0x00, 0x00, 0x00, 0x00, 0x00
.byte 0x01, 0x01, 0x01, 0x01, 0x02, 0x01, 0x01, 0x02, 0x01, 0x01, 0x02, 0x01, 0x01, 0x02, 0x01, 0x02
.byte 0x04, 0x01, 0x02, 0x05, 0x02, 0x03, 0x07, 0x03, 0x05, 0x09, 0x04, 0x05, 0x0a, 0x05, 0x06, 0x0a
.byte 0x05, 0x06, 0x0c, 0x06, 0x07, 0x0e, 0x07, 0x04, 0x0a, 0x05, 0x00, 0x00, 0x00, 0x00, 0x00, 0x00
.byte 0x00, 0x00, 0x00, 0x00, 0x00, 0x00, 0x00, 0x00, 0x00, 0x00, 0x00, 0x00, 0x00, 0x00, 0x00, 0x00
.byte 0x00, 0x00, 0x00, 0x00, 0x00, 0x00, 0x00, 0x00, 0x00, 0x00, 0x00, 0x00, 0x00, 0x00, 0x00, 0x00
.byte 0x00, 0x00, 0x00, 0x00, 0x00, 0x00, 0x00, 0x00, 0x00, 0x00, 0x00, 0x00, 0x00, 0x00, 0x00, 0x00
.byte 0x00, 0x00, 0x00, 0x00, 0x00, 0x00, 0x00, 0x00, 0x00, 0x00, 0x00, 0x00, 0x00, 0x00, 0x00, 0x00
.byte 0x00, 0x00, 0x00, 0x00, 0x00, 0x00, 0x00, 0x00, 0x00, 0x00, 0x00, 0x00, 0x00, 0x00, 0x00, 0x00
.byte 0x00, 0x00, 0x00, 0x00, 0x00, 0x00, 0x00, 0x00, 0x00, 0x00, 0x00, 0x00, 0x00, 0x00, 0x00, 0x00
.byte 0x00, 0x00, 0x00, 0x00, 0x00, 0x00, 0x00, 0x00, 0x00, 0x00, 0x00, 0x00, 0x00, 0x00, 0x00, 0x00
.byte 0x00, 0x00, 0x00, 0x00, 0x00, 0x0e, 0x1b, 0x0e, 0x0e, 0x1a, 0x0d, 0x0d, 0x19, 0x0c, 0x0d, 0x18
.byte 0x0c, 0x0c, 0x16, 0x0c, 0x0c, 0x16, 0x0b, 0x0c, 0x15, 0x0b, 0x0b, 0x14, 0x0b, 0x0b, 0x13, 0x0a
.byte 0x0a, 0x13, 0x0a, 0x0a, 0x12, 0x09, 0x09, 0x11, 0x09, 0x09, 0x10, 0x08, 0x08, 0x0f, 0x08, 0x07
.byte 0x0e, 0x08, 0x07, 0x0e, 0x07, 0x06, 0x0d, 0x07, 0x06, 0x0d, 0x07, 0x06, 0x0c, 0x06, 0x06, 0x0c
.byte 0x06, 0x05, 0x0b, 0x06, 0x05, 0x0b, 0x06, 0x05, 0x0a, 0x05, 0x05, 0x0a, 0x05, 0x04, 0x0a, 0x05
.byte 0x04, 0x08, 0x05, 0x04, 0x08, 0x04, 0x03, 0x07, 0x04, 0x03, 0x07, 0x04, 0x05, 0x0b, 0x06, 0x04
.byte 0x08, 0x05, 0x00, 0x00, 0x00, 0xfe, 0xfd, 0xff, 0xfe, 0xfd, 0xff, 0xfe, 0xfd, 0xff, 0xfe, 0xfd
.byte 0xff, 0xfe, 0xfc, 0xfe, 0xfe, 0xfc, 0xfe, 0xfe, 0xfc, 0xfe, 0xfe, 0xfc, 0xfe, 0xfe, 0xfc, 0xfe
.byte 0xfe, 0xfc, 0xfe, 0xfe, 0xfc, 0xfe, 0x00, 0x00, 0x00, 0x00, 0x00, 0x00, 0x00, 0x00, 0x00, 0x00
.byte 0x00, 0x00, 0x00, 0x00, 0x00, 0x00, 0x00, 0x00, 0x00, 0x00, 0x00, 0x00, 0x00, 0x00, 0x00, 0x00
.byte 0x00, 0x00, 0x00, 0x00, 0x00, 0x00, 0x00, 0x00, 0x00, 0x00, 0x00, 0x00, 0x00, 0x01, 0x01, 0x01
.byte 0x01, 0x02, 0x01, 0x01, 0x02, 0x01, 0x01, 0x03, 0x02, 0x02, 0x04, 0x02, 0x02, 0x06, 0x03, 0x02
.byte 0x06, 0x03, 0x04, 0x08, 0x05, 0x04, 0x0a, 0x05, 0x05, 0x0b, 0x05, 0x05, 0x0c, 0x06, 0x06, 0x0d
.byte 0x07, 0x07, 0x10, 0x08, 0x07, 0x10, 0x08, 0x00, 0x00, 0x00, 0x00, 0x00, 0x00, 0xff, 0xfe, 0xff
.byte 0x00, 0xff, 0x00, 0x00, 0x00, 0x00, 0x00, 0x00, 0x00, 0x00, 0x00, 0x00, 0x00, 0x00, 0x00, 0x00
.byte 0x00, 0x00, 0x00, 0x00, 0x00, 0x00, 0x00, 0x00, 0x00, 0x00, 0x00, 0x00, 0x00, 0x00, 0x00, 0x00
.byte 0x00, 0x00, 0x00, 0x00, 0x00, 0x00, 0x00, 0x00, 0x00, 0x00, 0x00, 0x00, 0x00, 0x00, 0x00, 0x00
.byte 0x00, 0x00, 0x00, 0x00, 0x00, 0x00, 0x00, 0x00, 0x00, 0x00, 0x00, 0x00, 0x00, 0x00, 0x00, 0x00
.byte 0x00, 0x00, 0x00, 0x00, 0x00, 0x00, 0x00, 0x00, 0x00, 0x00, 0x00, 0x00, 0x00, 0x00, 0x00, 0x00
.byte 0x00, 0x00, 0x00, 0x00, 0x00, 0x00, 0x00, 0x00, 0x00, 0x00, 0x00, 0x00, 0x00, 0x00, 0x00, 0x00
.byte 0x00, 0x00, 0x00, 0x00, 0x00, 0x00, 0x00, 0x00, 0x00, 0x00, 0x00, 0x00, 0x00, 0x00, 0x00, 0x10
.byte 0x1c, 0x0f, 0x0e, 0x1a, 0x0d, 0x0e, 0x19, 0x0d, 0x0d, 0x18, 0x0c, 0x0d, 0x17, 0x0c, 0x0c, 0x17
.byte 0x0c, 0x0c, 0x16, 0x0b, 0x0c, 0x15, 0x0b, 0x0b, 0x14, 0x0a, 0x0b, 0x13, 0x0a, 0x0a, 0x12, 0x0a
.byte 0x0a, 0x11, 0x09, 0x09, 0x11, 0x09, 0x09, 0x10, 0x08, 0x09, 0x0f, 0x08, 0x08, 0x0e, 0x08, 0x07
.byte 0x0e, 0x07, 0x07, 0x0d, 0x07, 0x06, 0x0d, 0x07, 0x06, 0x0c, 0x07, 0x06, 0x0c, 0x06, 0x05, 0x0b
.byte 0x06, 0x05, 0x0b, 0x06, 0x05, 0x0b, 0x06, 0x05, 0x09, 0x05, 0x05, 0x09, 0x05, 0x05, 0x09, 0x05
.byte 0x04, 0x09, 0x05, 0x05, 0x0a, 0x06, 0x06, 0x0b, 0x06, 0x00, 0x00, 0x00, 0xfe, 0xfc, 0xfe, 0xfe
.byte 0xfc, 0xfe, 0xfe, 0xfd, 0xff, 0xfe, 0xfd, 0xff, 0xfe, 0xfd, 0xff, 0xfe, 0xfc, 0xfe, 0xfe, 0xfc
.byte 0xfe, 0xfe, 0xfc, 0xfe, 0xfe, 0xfc, 0xfe, 0xfe, 0xfc, 0xfe, 0xfe, 0xfc, 0xfe, 0xff, 0xfe, 0xff
.byte 0x00, 0x00, 0x00, 0x00, 0x00, 0x00, 0x00, 0x00, 0x00, 0x00, 0x00, 0x00, 0x00, 0x00, 0x00, 0x00
.byte 0x00, 0x00, 0x00, 0x00, 0x00, 0x00, 0x00, 0x00, 0x00, 0x00, 0x00, 0x00, 0x00, 0x00, 0x00, 0x00
.byte 0x00, 0x00, 0x00, 0x00, 0x00, 0x00, 0x00, 0x00, 0x01, 0x01, 0x02, 0x04, 0x02, 0x02, 0x04, 0x02
.byte 0x02, 0x04, 0x02, 0x02, 0x04, 0x02, 0x02, 0x06, 0x03, 0x04, 0x08, 0x04, 0x04, 0x09, 0x05, 0x04
.byte 0x0a, 0x05, 0x05, 0x0b, 0x06, 0x05, 0x0c, 0x06, 0x06, 0x0d, 0x06, 0x06, 0x0e, 0x07, 0x07, 0x0f
.byte 0x08, 0x08, 0x12, 0x09, 0x07, 0x0f, 0x08, 0x00, 0x00, 0x00, 0x00, 0x00, 0x00, 0x00, 0xff, 0x00
.byte 0x00, 0x00, 0x00, 0x00, 0x00, 0x00, 0x00, 0x00, 0x00, 0x00, 0x00, 0x00, 0x00, 0x00, 0x00, 0x00
.byte 0x00, 0x00, 0x00, 0x00, 0x00, 0x00, 0x00, 0x00, 0x00, 0x00, 0x00, 0x00, 0x00, 0x00, 0x00, 0x00
.byte 0x00, 0x00, 0x00, 0x00, 0x00, 0x00, 0x00, 0x00, 0x00, 0x00, 0x00, 0x00, 0x00, 0x00, 0x00, 0x00
.byte 0x00, 0x00, 0x00, 0x00, 0x00, 0x00, 0x00, 0x00, 0x00, 0x00, 0x00, 0x00, 0x00, 0x00, 0x00, 0x00
.byte 0x00, 0x00, 0x00, 0x00, 0x00, 0x00, 0x00, 0x00, 0x00, 0x00, 0x00, 0x00, 0x00, 0x00, 0x00, 0x00
.byte 0x00, 0x00, 0x00, 0x00, 0x00, 0x00, 0x00, 0x00, 0x00, 0x00, 0x00, 0x00, 0x00, 0x00, 0x00, 0x00
.byte 0x00, 0x00, 0x00, 0x00, 0x00, 0x00, 0x00, 0x00, 0x00, 0x00, 0x00, 0x00, 0x0f, 0x1b, 0x0e, 0x0e
.byte 0x1a, 0x0e, 0x0e, 0x19, 0x0d, 0x0d, 0x18, 0x0d, 0x0d, 0x18, 0x0c, 0x0d, 0x17, 0x0c, 0x0b, 0x16
.byte 0x0b, 0x0b, 0x15, 0x0b, 0x0a, 0x14, 0x0a, 0x0a, 0x13, 0x0a, 0x09, 0x12, 0x09, 0x09, 0x12, 0x09
.byte 0x08, 0x11, 0x09, 0x08, 0x10, 0x08, 0x08, 0x0f, 0x08, 0x07, 0x0f, 0x08, 0x07, 0x0e, 0x07, 0x07
.byte 0x0e, 0x07, 0x06, 0x0c, 0x07, 0x06, 0x0c, 0x07, 0x06, 0x0b, 0x06, 0x06, 0x0b, 0x06, 0x05, 0x0a
.byte 0x06, 0x05, 0x0a, 0x06, 0x05, 0x0a, 0x06, 0x05, 0x0a, 0x06, 0x05, 0x0b, 0x06, 0x06, 0x0c, 0x07
.byte 0x00, 0x00, 0x00, 0xfe, 0xfc, 0xfe, 0xfd, 0xfb, 0xfe, 0xfe, 0xfc, 0xfe, 0xfe, 0xfc, 0xfe, 0xfe
.byte 0xfc, 0xfe, 0xfe, 0xfd, 0xfe, 0xfe, 0xfc, 0xfe, 0xfe, 0xfc, 0xfe, 0xfe, 0xfc, 0xfe, 0xfe, 0xfc
.byte 0xfe, 0xfd, 0xfb, 0xfe, 0xfd, 0xfb, 0xfe, 0x00, 0xff, 0x00, 0x00, 0x00, 0x00, 0x00, 0x00, 0x00
.byte 0x00, 0x00, 0x00, 0x00, 0x00, 0x00, 0x00, 0x00, 0x00, 0x00, 0x00, 0x00, 0x00, 0x00, 0x00, 0x00
.byte 0x00, 0x00, 0x00, 0x00, 0x00, 0x00, 0x00, 0x00, 0x00, 0x00, 0x00, 0x00, 0x00, 0x00, 0x00, 0x00
.byte 0x00, 0x00, 0x00, 0x00, 0x02, 0x04, 0x02, 0x02, 0x04, 0x02, 0x02, 0x05, 0x02, 0x02, 0x06, 0x03
.byte 0x03, 0x07, 0x04, 0x04, 0x08, 0x05, 0x04, 0x0a, 0x05, 0x04, 0x0a, 0x05, 0x05, 0x0b, 0x06, 0x05
.byte 0x0c, 0x06, 0x06, 0x0d, 0x06, 0x06, 0x0d, 0x07, 0x06, 0x0e, 0x07, 0x07, 0x0f, 0x08, 0x08, 0x10
.byte 0x08, 0x09, 0x13, 0x0a, 0x07, 0x0f, 0x08, 0x00, 0x00, 0x00, 0x00, 0x00, 0x00, 0x00, 0x00, 0x00
.byte 0x00, 0x00, 0x00, 0x00, 0x00, 0x00, 0x00, 0x00, 0x00, 0x00, 0x00, 0x00, 0x00, 0x00, 0x00, 0x00
.byte 0x00, 0x00, 0x00, 0x00, 0x00, 0x00, 0x00, 0x00, 0x00, 0x00, 0x00, 0x00, 0x00, 0x00, 0x00, 0x00
.byte 0x00, 0x00, 0x00, 0x00, 0x00, 0x00, 0x00, 0x00, 0x00, 0x00, 0x00, 0x00, 0x00, 0x00, 0x00, 0x00
.byte 0x00, 0x00, 0x00, 0x00, 0x00, 0x00, 0x00, 0x00, 0x00, 0x00, 0x00, 0x00, 0x00, 0x00, 0x00, 0x00
.byte 0x00, 0x00, 0x00, 0x00, 0x00, 0x00, 0x00, 0x00, 0x00, 0x00, 0x00, 0x00, 0x00, 0x00, 0x00, 0x00
.byte 0x00, 0x00, 0x00, 0x00, 0x00, 0x00, 0x00, 0x00, 0x00, 0x00, 0x00, 0x00, 0x00, 0x00, 0x00, 0x00
.byte 0x00, 0x00, 0x00, 0x00, 0x00, 0x00, 0x10, 0x1e, 0x10, 0x0f, 0x1b, 0x0e, 0x0e, 0x1a, 0x0e, 0x0e
.byte 0x1a, 0x0d, 0x0d, 0x19, 0x0d, 0x0d, 0x18, 0x0c, 0x0c, 0x17, 0x0c, 0x0c, 0x15, 0x0b, 0x0c, 0x15
.byte 0x0b, 0x0a, 0x14, 0x0b, 0x0a, 0x13, 0x0a, 0x09, 0x12, 0x0a, 0x09, 0x12, 0x09, 0x08, 0x11, 0x09
.byte 0x08, 0x10, 0x09, 0x08, 0x10, 0x08, 0x07, 0x0f, 0x08, 0x07, 0x0f, 0x08, 0x07, 0x0e, 0x07, 0x07
.byte 0x0e, 0x07, 0x06, 0x0c, 0x07, 0x06, 0x0c, 0x07, 0x06, 0x0c, 0x07, 0x06, 0x0b, 0x06, 0x05, 0x0b
.byte 0x06, 0x06, 0x0b, 0x06, 0x06, 0x0c, 0x07, 0x00, 0x00, 0x00, 0x00, 0x00, 0x00, 0xfe, 0xfc, 0xfe
.byte 0xfe, 0xfc, 0xfe, 0xfe, 0xfc, 0xfe, 0xfe, 0xfc, 0xfe, 0xfe, 0xfd, 0xfe, 0xfe, 0xfc, 0xfe, 0xfe
.byte 0xfd, 0xfe, 0xfe, 0xfd, 0xfe, 0xfe, 0xfc, 0xfe, 0xfe, 0xfc, 0xfe, 0xfe, 0xfc, 0xfe, 0xfe, 0xfc
.byte 0xfe, 0x00, 0x00, 0x00, 0x00, 0x00, 0x00, 0x00, 0x00, 0x00, 0x00, 0x00, 0x00, 0x00, 0x00, 0x00
.byte 0x00, 0x00, 0x00, 0x00, 0x00, 0x00, 0x00, 0x00, 0x00, 0x00, 0x00, 0x00, 0x00, 0x00, 0x00, 0x00
.byte 0x00, 0x00, 0x00, 0x00, 0x00, 0x00, 0x00, 0x00, 0x00, 0x00, 0x00, 0x00, 0x00, 0x00, 0x01, 0x03
.byte 0x02, 0x02, 0x05, 0x02, 0x02, 0x04, 0x02, 0x02, 0x04, 0x02, 0x03, 0x07, 0x03, 0x04, 0x08, 0x05
.byte 0x04, 0x0a, 0x05, 0x04, 0x0a, 0x05, 0x05, 0x0b, 0x06, 0x05, 0x0c, 0x06, 0x06, 0x0d, 0x06, 0x06
.byte 0x0c, 0x07, 0x07, 0x0d, 0x07, 0x07, 0x0e, 0x08, 0x07, 0x0f, 0x08, 0x08, 0x10, 0x09, 0x09, 0x12
.byte 0x0a, 0x0b, 0x16, 0x0c, 0x0b, 0x16, 0x0c, 0x00, 0x00, 0x00, 0x00, 0x00, 0x00, 0x00, 0x00, 0x00
.byte 0x00, 0x00, 0x00, 0x00, 0x00, 0x00, 0x00, 0x00, 0x00, 0x00, 0x00, 0x00, 0x00, 0x00, 0x00, 0x00
.byte 0x00, 0x00, 0x00, 0x00, 0x00, 0x00, 0x00, 0x00, 0x00, 0x00, 0x00, 0x00, 0x00, 0x00, 0x00, 0x00
.byte 0x00, 0x00, 0x00, 0x00, 0x00, 0x00, 0x00, 0x00, 0x00, 0x00, 0x00, 0x00, 0x00, 0x00, 0x00, 0x00
.byte 0x00, 0x00, 0x00, 0x00, 0x00, 0x00, 0x00, 0x00, 0x00, 0x00, 0x00, 0x00, 0x00, 0x00, 0x00, 0x00
.byte 0x00, 0x00, 0x00, 0x00, 0x00, 0x00, 0x00, 0x00, 0x00, 0x00, 0x00, 0x00, 0x00, 0x00, 0x00, 0x00
.byte 0x00, 0x00, 0x00, 0x00, 0x00, 0x00, 0x00, 0x00, 0x00, 0x00, 0x00, 0x00, 0x00, 0x00, 0x00, 0x00
.byte 0x00, 0x00, 0x00, 0x10, 0x1d, 0x0f, 0x0f, 0x1b, 0x0e, 0x0e, 0x1a, 0x0e, 0x0e, 0x1a, 0x0d, 0x0c
.byte 0x19, 0x0d, 0x0c, 0x18, 0x0c, 0x0b, 0x17, 0x0c, 0x0b, 0x16, 0x0b, 0x0b, 0x15, 0x0b, 0x0a, 0x14
.byte 0x0b, 0x0a, 0x13, 0x0a, 0x09, 0x12, 0x0a, 0x09, 0x12, 0x09, 0x09, 0x10, 0x09, 0x08, 0x10, 0x09
.byte 0x08, 0x0f, 0x08, 0x08, 0x0f, 0x08, 0x08, 0x0e, 0x08, 0x07, 0x0e, 0x08, 0x07, 0x0d, 0x07, 0x07
.byte 0x0d, 0x07, 0x07, 0x0c, 0x07, 0x06, 0x0c, 0x07, 0x06, 0x0c, 0x07, 0x07, 0x0d, 0x07, 0x06, 0x0c
.byte 0x07, 0x00, 0x00, 0x00, 0xfe, 0xfc, 0xfe, 0xfe, 0xfd, 0xfe, 0xfe, 0xfc, 0xfe, 0xfe, 0xfd, 0xfe
.byte 0xfe, 0xfd, 0xfe, 0xfe, 0xfd, 0xfe, 0xfe, 0xfd, 0xfe, 0xfe, 0xfd, 0xfe, 0xfe, 0xfd, 0xfe, 0xfe
.byte 0xfc, 0xfe, 0xfe, 0xfc, 0xfe, 0xfe, 0xfc, 0xfe, 0xfd, 0xfc, 0xfe, 0x00, 0xff, 0x00, 0x00, 0x00
.byte 0x00, 0x00, 0x00, 0x00, 0x00, 0x00, 0x00, 0x00, 0x00, 0x00, 0x00, 0x00, 0x00, 0x00, 0x00, 0x00
.byte 0x00, 0x00, 0x00, 0x00, 0x00, 0x00, 0x00, 0x00, 0x00, 0x00, 0x00, 0x00, 0x00, 0x00, 0x00, 0x00
.byte 0x00, 0x00, 0x00, 0x00, 0x00, 0x00, 0x00, 0x00, 0x01, 0x03, 0x02, 0x02, 0x07, 0x03, 0x02, 0x05
.byte 0x02, 0x02, 0x04, 0x02, 0x03, 0x07, 0x03, 0x04, 0x08, 0x05, 0x04, 0x09, 0x05, 0x05, 0x09, 0x05
.byte 0x05, 0x0a, 0x06, 0x05, 0x0b, 0x06, 0x06, 0x0c, 0x07, 0x06, 0x0d, 0x07, 0x07, 0x0d, 0x07, 0x07
.byte 0x0e, 0x08, 0x07, 0x0f, 0x08, 0x08, 0x10, 0x09, 0x08, 0x11, 0x09, 0x09, 0x12, 0x0a, 0x0a, 0x14
.byte 0x0b, 0x0b, 0x17, 0x0c, 0x0d, 0x1b, 0x0f, 0x09, 0x13, 0x0a, 0x00, 0x00, 0x00, 0x00, 0x00, 0x00
.byte 0x00, 0x00, 0x00, 0x00, 0x00, 0x00, 0x00, 0x00, 0x00, 0x00, 0x00, 0x00, 0x00, 0x00, 0x00, 0x00
.byte 0x00, 0x00, 0x00, 0x00, 0x00, 0x00, 0x00, 0x00, 0x00, 0x00, 0x00, 0x00, 0x00, 0x00, 0x00, 0x00
.byte 0x00, 0x00, 0x00, 0x00, 0x00, 0x00, 0x00, 0x00, 0x00, 0x00, 0x00, 0x00, 0x00, 0x00, 0x00, 0x00
.byte 0x00, 0x00, 0x00, 0x00, 0x00, 0x00, 0x00, 0x00, 0x00, 0x00, 0x00, 0x00, 0x00, 0x00, 0x00, 0x00
.byte 0x00, 0x00, 0x00, 0x00, 0x00, 0x00, 0x00, 0x00, 0x00, 0x00, 0x00, 0x00, 0x00, 0x00, 0x00, 0x00
.byte 0x00, 0x00, 0x00, 0x00, 0x00, 0x00, 0x00, 0x00, 0x00, 0x00, 0x00, 0x00, 0x00, 0x10, 0x20, 0x11
.byte 0x0e, 0x1d, 0x0f, 0x0e, 0x1b, 0x0e, 0x0d, 0x1a, 0x0e, 0x0d, 0x1a, 0x0d, 0x0c, 0x19, 0x0d, 0x0c
.byte 0x18, 0x0c, 0x0c, 0x16, 0x0c, 0x0b, 0x15, 0x0c, 0x0b, 0x14, 0x0b, 0x0a, 0x13, 0x0b, 0x0a, 0x12
.byte 0x0a, 0x09, 0x12, 0x0a, 0x09, 0x11, 0x09, 0x09, 0x11, 0x09, 0x09, 0x10, 0x09, 0x08, 0x10, 0x09
.byte 0x08, 0x0f, 0x09, 0x08, 0x0f, 0x08, 0x07, 0x0e, 0x08, 0x07, 0x0e, 0x08, 0x07, 0x0e, 0x08, 0x07
.byte 0x0d, 0x08, 0x07, 0x0e, 0x08, 0x08, 0x10, 0x09, 0x00, 0x00, 0x00, 0xfe, 0xfd, 0xfe, 0xfe, 0xfc
.byte 0xfe, 0xfe, 0xfd, 0xfe, 0xfe, 0xfc, 0xfe, 0xfe, 0xfc, 0xfe, 0xfe, 0xfc, 0xfe, 0xfe, 0xfc, 0xfe
.byte 0xfd, 0xfc, 0xfe, 0xfd, 0xfc, 0xfe, 0xfd, 0xfc, 0xfe, 0xfd, 0xfc, 0xfe, 0xfd, 0xfc, 0xfe, 0xfd
.byte 0xfb, 0xfd, 0xfd, 0xfc, 0xfe, 0x00, 0xff, 0x00, 0x00, 0x00, 0x00, 0x00, 0x00, 0x00, 0x00, 0x00
.byte 0x00, 0x00, 0x00, 0x00, 0x00, 0x00, 0x00, 0x00, 0x00, 0x00, 0x00, 0x00, 0x00, 0x00, 0x00, 0x00
.byte 0x00, 0x00, 0x00, 0x00, 0x00, 0x00, 0x00, 0x00, 0x00, 0x00, 0x00, 0x00, 0x00, 0x00, 0x00, 0x00
.byte 0x00, 0x00, 0x00, 0x00, 0x00, 0x01, 0x03, 0x02, 0x03, 0x06, 0x03, 0x02, 0x05, 0x02, 0x03, 0x06
.byte 0x04, 0x04, 0x08, 0x04, 0x04, 0x09, 0x05, 0x05, 0x0a, 0x06, 0x05, 0x0b, 0x06, 0x05, 0x0b, 0x06
.byte 0x06, 0x0c, 0x07, 0x06, 0x0d, 0x07, 0x06, 0x0e, 0x08, 0x06, 0x0f, 0x08, 0x07, 0x0f, 0x08, 0x07
.byte 0x10, 0x09, 0x08, 0x11, 0x09, 0x08, 0x12, 0x0a, 0x08, 0x12, 0x0a, 0x09, 0x14, 0x0b, 0x0a, 0x15
.byte 0x0c, 0x0b, 0x18, 0x0c, 0x0c, 0x1a, 0x0d, 0x0d, 0x1d, 0x0f, 0x0d, 0x1c, 0x0e, 0x09, 0x14, 0x0a
.byte 0x00, 0x01, 0x00, 0x00, 0x00, 0x00, 0x00, 0x00, 0x00, 0x00, 0x00, 0x00, 0x00, 0x00, 0x00, 0x00
.byte 0x00, 0x00, 0x00, 0x00, 0x00, 0x00, 0x00, 0x00, 0x00, 0x00, 0x00, 0x00, 0x00, 0x00, 0x00, 0x00
.byte 0x00, 0x00, 0x00, 0x00, 0x00, 0x00, 0x00, 0x00, 0x00, 0x00, 0x00, 0x00, 0x00, 0x00, 0x00, 0x00
.byte 0x00, 0x00, 0x00, 0x00, 0x00, 0x00, 0x00, 0x00, 0x00, 0x00, 0x00, 0x00, 0x00, 0x00, 0x00, 0x00
.byte 0x00, 0x00, 0x00, 0x00, 0x00, 0x00, 0x00, 0x00, 0x00, 0x00, 0x00, 0x00, 0x00, 0x00, 0x00, 0x00
.byte 0x00, 0x00, 0x00, 0x00, 0x00, 0x00, 0x00, 0x11, 0x22, 0x12, 0x10, 0x1f, 0x10, 0x0f, 0x1c, 0x0f
.byte 0x0e, 0x1b, 0x0e, 0x0d, 0x19, 0x0e, 0x0d, 0x19, 0x0d, 0x0d, 0x18, 0x0d, 0x0c, 0x17, 0x0d, 0x0c
.byte 0x16, 0x0c, 0x0b, 0x15, 0x0c, 0x0b, 0x14, 0x0b, 0x0a, 0x14, 0x0b, 0x0a, 0x13, 0x0b, 0x0a, 0x13
.byte 0x0a, 0x09, 0x12, 0x0a, 0x09, 0x11, 0x09, 0x09, 0x11, 0x08, 0x09, 0x11, 0x08, 0x08, 0x10, 0x08
.byte 0x08, 0x0f, 0x07, 0x08, 0x0f, 0x07, 0x08, 0x0f, 0x07, 0x08, 0x0f, 0x07, 0x09, 0x10, 0x08, 0x05
.byte 0x0a, 0x05, 0x00, 0x00, 0x00, 0xfe, 0xfc, 0xfe, 0xfd, 0xfa, 0xfd, 0xfd, 0xfb, 0xfd, 0xfd, 0xfc
.byte 0xfe, 0xfd, 0xfc, 0xfe, 0xfd, 0xfc, 0xfe, 0xfd, 0xfc, 0xfe, 0xfd, 0xfc, 0xfe, 0xfd, 0xfc, 0xfe
.byte 0xfd, 0xfc, 0xfe, 0xfd, 0xfb, 0xfd, 0xfd, 0xfb, 0xfd, 0xfe, 0xfc, 0xfe, 0xfe, 0xfd, 0xfe, 0x00
.byte 0x00, 0x00, 0x00, 0x00, 0x00, 0x00, 0x00, 0x00, 0x00, 0x00, 0x00, 0x00, 0x00, 0x00, 0x00, 0x00
.byte 0x00, 0x00, 0x00, 0x00, 0x00, 0x00, 0x00, 0x00, 0x00, 0x00, 0x00, 0x00, 0x00, 0x00, 0x00, 0x00
.byte 0x00, 0x00, 0x00, 0x00, 0x00, 0x00, 0x00, 0x00, 0x00, 0x00, 0x00, 0x00, 0x00, 0x00, 0x00, 0x01
.byte 0x04, 0x02, 0x03, 0x07, 0x04, 0x03, 0x06, 0x03, 0x03, 0x06, 0x04, 0x03, 0x09, 0x05, 0x04, 0x0a
.byte 0x06, 0x04, 0x0b, 0x06, 0x04, 0x0b, 0x06, 0x05, 0x0c, 0x07, 0x05, 0x0c, 0x07, 0x05, 0x0d, 0x07
.byte 0x06, 0x0d, 0x08, 0x06, 0x0e, 0x07, 0x07, 0x0f, 0x08, 0x07, 0x10, 0x08, 0x08, 0x11, 0x09, 0x08
.byte 0x11, 0x09, 0x09, 0x12, 0x0a, 0x09, 0x13, 0x0a, 0x0a, 0x15, 0x0b, 0x0b, 0x16, 0x0b, 0x0b, 0x18
.byte 0x0c, 0x0c, 0x19, 0x0d, 0x0d, 0x1b, 0x0e, 0x0d, 0x1c, 0x0e, 0x0d, 0x1c, 0x0f, 0x0e, 0x1e, 0x0f
.byte 0x0e, 0x21, 0x11, 0x0f, 0x23, 0x12, 0x0d, 0x1f, 0x10, 0x09, 0x16, 0x0b, 0x04, 0x08, 0x04, 0x00
.byte 0x00, 0x00, 0x00, 0x00, 0x00, 0x00, 0x00, 0x00, 0x00, 0x00, 0x00, 0x00, 0x00, 0x00, 0x00, 0x00
.byte 0x00, 0x00, 0x00, 0x00, 0x00, 0x00, 0x00, 0x00, 0x00, 0x00, 0x00, 0x00, 0x00, 0x00, 0x00, 0x00
.byte 0x00, 0x00, 0x00, 0x00, 0x00, 0x00, 0x00, 0x00, 0x00, 0x00, 0x00, 0x00, 0x00, 0x00, 0x00, 0x00
.byte 0x00, 0x00, 0x00, 0x00, 0x00, 0x00, 0x00, 0x00, 0x00, 0x00, 0x00, 0x00, 0x00, 0x00, 0x00, 0x00
.byte 0x00, 0x00, 0x00, 0x00, 0x11, 0x22, 0x12, 0x10, 0x1f, 0x11, 0x0f, 0x1d, 0x0f, 0x0e, 0x1b, 0x0e
.byte 0x0d, 0x1a, 0x0e, 0x0d, 0x19, 0x0e, 0x0d, 0x18, 0x0d, 0x0c, 0x18, 0x0d, 0x0c, 0x17, 0x0d, 0x0c
.byte 0x16, 0x0c, 0x0b, 0x15, 0x0c, 0x0b, 0x15, 0x0b, 0x0a, 0x14, 0x0b, 0x0a, 0x13, 0x0b, 0x0a, 0x12
.byte 0x0a, 0x0a, 0x12, 0x0a, 0x09, 0x11, 0x0a, 0x09, 0x11, 0x09, 0x09, 0x10, 0x09, 0x08, 0x10, 0x08
.byte 0x08, 0x10, 0x08, 0x09, 0x10, 0x08, 0x0a, 0x13, 0x0a, 0x00, 0x00, 0x00, 0xfd, 0xfa, 0xfd, 0xfd
.byte 0xfb, 0xfd, 0xfd, 0xfc, 0xfe, 0xfd, 0xfc, 0xfe, 0xfd, 0xfc, 0xfe, 0xfe, 0xfc, 0xfe, 0xfe, 0xfc
.byte 0xfe, 0xfe, 0xfc, 0xfe, 0xfe, 0xfc, 0xfe, 0xfe, 0xfc, 0xfe, 0xfe, 0xfc, 0xfe, 0xfe, 0xfc, 0xfe
.byte 0xfd, 0xfb, 0xfd, 0xfd, 0xfb, 0xfd, 0xfe, 0xfd, 0xff, 0x00, 0x00, 0x00, 0x00, 0x00, 0x00, 0x00
.byte 0x00, 0x00, 0x00, 0x00, 0x00, 0x00, 0x00, 0x00, 0x00, 0x00, 0x00, 0x00, 0x00, 0x00, 0x00, 0x00
.byte 0x00, 0x00, 0x00, 0x00, 0x00, 0x00, 0x00, 0x00, 0x00, 0x00, 0x00, 0x00, 0x00, 0x00, 0x00, 0x00
.byte 0x00, 0x00, 0x00, 0x00, 0x00, 0x00, 0x00, 0x00, 0x00, 0x00, 0x00, 0x00, 0x02, 0x05, 0x03, 0x03
.byte 0x08, 0x04, 0x03, 0x08, 0x05, 0x04, 0x0a, 0x05, 0x04, 0x0b, 0x06, 0x04, 0x0b, 0x06, 0x05, 0x0c
.byte 0x06, 0x05, 0x0b, 0x07, 0x05, 0x0c, 0x07, 0x06, 0x0d, 0x07, 0x06, 0x0d, 0x08, 0x07, 0x0e, 0x08
.byte 0x07, 0x0f, 0x09, 0x07, 0x10, 0x08, 0x08, 0x11, 0x09, 0x08, 0x12, 0x09, 0x09, 0x13, 0x0a, 0x0a
.byte 0x14, 0x0a, 0x0a, 0x15, 0x0b, 0x0b, 0x16, 0x0b, 0x0b, 0x18, 0x0c, 0x0c, 0x19, 0x0d, 0x0c, 0x1a
.byte 0x0d, 0x0d, 0x1b, 0x0e, 0x0d, 0x1c, 0x0f, 0x0e, 0x1e, 0x0f, 0x0f, 0x20, 0x10, 0x0f, 0x22, 0x12
.byte 0x10, 0x23, 0x12, 0x0e, 0x23, 0x13, 0x0e, 0x22, 0x12, 0x0d, 0x21, 0x12, 0x08, 0x15, 0x0b, 0x00
.byte 0x00, 0x00, 0x00, 0x00, 0x00, 0x00, 0x00, 0x00, 0x00, 0x00, 0x00, 0x00, 0x00, 0x00, 0x00, 0x00
.byte 0x00, 0x00, 0x00, 0x00, 0x00, 0x00, 0x00, 0x00, 0x00, 0x00, 0x00, 0x00, 0x00, 0x00, 0x00, 0x00
.byte 0x00, 0x00, 0x00, 0x00, 0x00, 0x00, 0x00, 0x00, 0x00, 0x00, 0x00, 0x00, 0x00, 0x00, 0x00, 0x00
.byte 0x00, 0x00, 0x00, 0x00, 0x00, 0x00, 0x00, 0x00, 0x00, 0x00, 0x00, 0x00, 0x00, 0x00, 0x0f, 0x1f
.byte 0x10, 0x11, 0x23, 0x13, 0x10, 0x20, 0x11, 0x0f, 0x1d, 0x10, 0x0e, 0x1b, 0x0f, 0x0e, 0x1a, 0x0e
.byte 0x0d, 0x19, 0x0e, 0x0d, 0x19, 0x0e, 0x0d, 0x18, 0x0d, 0x0c, 0x17, 0x0d, 0x0c, 0x17, 0x0c, 0x0b
.byte 0x16, 0x0c, 0x0b, 0x15, 0x0a, 0x0b, 0x14, 0x0a, 0x0a, 0x13, 0x0a, 0x0a, 0x12, 0x0a, 0x0a, 0x12
.byte 0x09, 0x09, 0x11, 0x09, 0x08, 0x11, 0x09, 0x08, 0x10, 0x09, 0x08, 0x10, 0x09, 0x09, 0x12, 0x09
.byte 0x06, 0x0c, 0x06, 0xff, 0xff, 0xff, 0xfc, 0xfa, 0xfd, 0xfd, 0xfb, 0xfd, 0xfd, 0xfb, 0xfd, 0xfd
.byte 0xfb, 0xfd, 0xfe, 0xfc, 0xfe, 0xfd, 0xfb, 0xfd, 0xfe, 0xfc, 0xfe, 0xfe, 0xfc, 0xfe, 0xfe, 0xfc
.byte 0xfe, 0xfd, 0xfb, 0xfd, 0xfd, 0xfa, 0xfe, 0xfd, 0xfa, 0xfd, 0xfd, 0xfa, 0xfd, 0xfd, 0xfa, 0xfe
.byte 0xff, 0xfe, 0xff, 0x00, 0x00, 0x00, 0x00, 0x00, 0x00, 0x00, 0x00, 0x00, 0x00, 0x00, 0x00, 0x00
.byte 0x00, 0x00, 0x00, 0x00, 0x00, 0x00, 0x00, 0x00, 0x00, 0x00, 0x00, 0x00, 0x00, 0x00, 0x00, 0x00
.byte 0x00, 0x00, 0x00, 0x00, 0x00, 0x00, 0x00, 0x00, 0x00, 0x00, 0x00, 0x00, 0x00, 0x00, 0x00, 0x00
.byte 0x00, 0x00, 0x00, 0x00, 0x00, 0x00, 0x02, 0x04, 0x03, 0x04, 0x09, 0x06, 0x04, 0x09, 0x06, 0x04
.byte 0x09, 0x05, 0x04, 0x0a, 0x05, 0x04, 0x0a, 0x05, 0x05, 0x0b, 0x06, 0x05, 0x0b, 0x06, 0x05, 0x0c
.byte 0x06, 0x06, 0x0d, 0x07, 0x06, 0x0e, 0x07, 0x07, 0x0f, 0x08, 0x07, 0x0f, 0x08, 0x08, 0x10, 0x08
.byte 0x08, 0x11, 0x09, 0x09, 0x12, 0x09, 0x09, 0x13, 0x0a, 0x0a, 0x15, 0x0b, 0x0a, 0x16, 0x0b, 0x0b
.byte 0x16, 0x0c, 0x0a, 0x17, 0x0c, 0x0b, 0x18, 0x0d, 0x0b, 0x19, 0x0e, 0x0c, 0x1a, 0x0e, 0x0c, 0x1b
.byte 0x0f, 0x0d, 0x1d, 0x0f, 0x0e, 0x1e, 0x10, 0x0e, 0x1f, 0x11, 0x0f, 0x21, 0x12, 0x0f, 0x23, 0x13
.byte 0x0f, 0x25, 0x13, 0x0f, 0x26, 0x14, 0x09, 0x18, 0x0d, 0x00, 0x00, 0x00, 0x00, 0x00, 0x00, 0x00
.byte 0x00, 0x00, 0x00, 0x00, 0x00, 0x00, 0x00, 0x00, 0x00, 0x00, 0x00, 0x00, 0x00, 0x00, 0x00, 0x00
.byte 0x00, 0x00, 0x00, 0x00, 0x00, 0x00, 0x00, 0x00, 0x00, 0x00, 0x00, 0x00, 0x00, 0x00, 0x00, 0x00
.byte 0x00, 0x00, 0x00, 0x00, 0x00, 0x00, 0x00, 0x00, 0x00, 0x00, 0x00, 0x00, 0x00, 0x00, 0x00, 0x00
.byte 0x00, 0x00, 0x00, 0x00, 0x00, 0x00, 0x00, 0x00, 0x00, 0x00, 0x00, 0x11, 0x23, 0x12, 0x11, 0x23
.byte 0x12, 0x10, 0x20, 0x10, 0x0f, 0x1d, 0x0f, 0x0e, 0x1c, 0x0e, 0x0e, 0x1b, 0x0d, 0x0d, 0x1a, 0x0d
.byte 0x0d, 0x19, 0x0d, 0x0d, 0x17, 0x0c, 0x0c, 0x17, 0x0c, 0x0c, 0x16, 0x0c, 0x0c, 0x15, 0x0b, 0x0b
.byte 0x15, 0x0b, 0x0b, 0x14, 0x0b, 0x0a, 0x13, 0x0a, 0x0a, 0x13, 0x0a, 0x09, 0x13, 0x0a, 0x09, 0x12
.byte 0x0a, 0x09, 0x12, 0x09, 0x09, 0x12, 0x0a, 0x0b, 0x15, 0x0b, 0x00, 0x00, 0x00, 0xfe, 0xfc, 0xfe
.byte 0xfc, 0xfb, 0xfd, 0xfd, 0xfb, 0xfd, 0xfd, 0xfb, 0xfd, 0xfd, 0xfb, 0xfd, 0xfe, 0xfc, 0xfe, 0xfd
.byte 0xfa, 0xfd, 0xfd, 0xfa, 0xfd, 0xfd, 0xfa, 0xfd, 0xfd, 0xfa, 0xfe, 0xfd, 0xfa, 0xfe, 0xfd, 0xfa
.byte 0xfe, 0xfd, 0xfa, 0xfe, 0xfd, 0xfa, 0xfe, 0xfd, 0xfa, 0xfe, 0x00, 0xff, 0x00, 0x00, 0x00, 0x00
.byte 0x00, 0x00, 0x00, 0x00, 0x00, 0x00, 0x00, 0x00, 0x00, 0x00, 0x00, 0x00, 0x00, 0x00, 0x00, 0x00
.byte 0x00, 0x00, 0x00, 0x00, 0x00, 0x00, 0x00, 0x00, 0x00, 0x00, 0x00, 0x00, 0x00, 0x00, 0x00, 0x00
.byte 0x00, 0x00, 0x00, 0x00, 0x00, 0x00, 0x00, 0x00, 0x00, 0x00, 0x00, 0x00, 0x00, 0x00, 0x00, 0x00
.byte 0x00, 0x00, 0x00, 0x02, 0x06, 0x03, 0x04, 0x09, 0x05, 0x04, 0x0a, 0x05, 0x04, 0x0a, 0x05, 0x05
.byte 0x0b, 0x06, 0x05, 0x0b, 0x06, 0x05, 0x0c, 0x06, 0x06, 0x0d, 0x07, 0x06, 0x0d, 0x07, 0x06, 0x0e
.byte 0x07, 0x07, 0x0f, 0x08, 0x07, 0x10, 0x08, 0x08, 0x11, 0x09, 0x08, 0x11, 0x09, 0x09, 0x12, 0x0a
.byte 0x08, 0x13, 0x0a, 0x09, 0x14, 0x0b, 0x09, 0x15, 0x0b, 0x0a, 0x16, 0x0c, 0x0a, 0x17, 0x0d, 0x0b
.byte 0x19, 0x0d, 0x0c, 0x1a, 0x0e, 0x0c, 0x1b, 0x0e, 0x0d, 0x1c, 0x0f, 0x0d, 0x1d, 0x10, 0x0e, 0x1e
.byte 0x10, 0x0e, 0x20, 0x11, 0x0f, 0x21, 0x12, 0x0f, 0x23, 0x13, 0x0f, 0x25, 0x14, 0x0d, 0x22, 0x12
.byte 0x06, 0x11, 0x09, 0x00, 0x00, 0x00, 0x00, 0x00, 0x00, 0x00, 0x00, 0x00, 0x00, 0x00, 0x00, 0x00
.byte 0x00, 0x00, 0x00, 0x00, 0x00, 0x00, 0x00, 0x00, 0x00, 0x00, 0x00, 0x00, 0x00, 0x00, 0x00, 0x00
.byte 0x00, 0x00, 0x00, 0x00, 0x00, 0x00, 0x00, 0x00, 0x00, 0x00, 0x00, 0x00, 0x00, 0x00, 0x00, 0x00
.byte 0x00, 0x00, 0x00, 0x00, 0x00, 0x00, 0x00, 0x00, 0x00, 0x00, 0x00, 0x00, 0x00, 0x00, 0x00, 0x00
.byte 0x00, 0x00, 0x00, 0x00, 0x00, 0x0d, 0x1e, 0x0f, 0x12, 0x26, 0x13, 0x11, 0x23, 0x12, 0x10, 0x1f
.byte 0x10, 0x0f, 0x1d, 0x0f, 0x0e, 0x1b, 0x0e, 0x0e, 0x1a, 0x0e, 0x0e, 0x19, 0x0d, 0x0d, 0x18, 0x0d
.byte 0x0c, 0x18, 0x0c, 0x0c, 0x17, 0x0c, 0x0b, 0x17, 0x0c, 0x0b, 0x16, 0x0b, 0x0b, 0x15, 0x0b, 0x0a
.byte 0x15, 0x0b, 0x0a, 0x15, 0x0b, 0x0a, 0x14, 0x0b, 0x0a, 0x13, 0x0a, 0x09, 0x13, 0x0a, 0x0a, 0x14
.byte 0x0b, 0x0a, 0x13, 0x0a, 0xff, 0xfe, 0xff, 0xfc, 0xfa, 0xfd, 0xfc, 0xfa, 0xfd, 0xfd, 0xfa, 0xfd
.byte 0xfd, 0xfa, 0xfd, 0xfd, 0xfa, 0xfe, 0xfd, 0xfa, 0xfe, 0xfd, 0xfa, 0xfe, 0xfd, 0xfa, 0xfe, 0xfd
.byte 0xfa, 0xfe, 0xfd, 0xfa, 0xfe, 0xfd, 0xfa, 0xfe, 0xfd, 0xfb, 0xfe, 0xfd, 0xfb, 0xfe, 0xfd, 0xfb
.byte 0xfe, 0xfc, 0xfb, 0xfe, 0x00, 0xff, 0x00, 0x00, 0x00, 0x00, 0x00, 0x00, 0x00, 0x00, 0x00, 0x00
.byte 0x00, 0x00, 0x00, 0x00, 0x00, 0x00, 0x00, 0x00, 0x00, 0x00, 0x00, 0x00, 0x00, 0x00, 0x00, 0x00
.byte 0x00, 0x00, 0x00, 0x00, 0x00, 0x00, 0x00, 0x00, 0x00, 0x00, 0x00, 0x00, 0x00, 0x00, 0x00, 0x00
.byte 0x00, 0x00, 0x00, 0x00, 0x00, 0x00, 0x00, 0x00, 0x00, 0x00, 0x00, 0x00, 0x00, 0x02, 0x06, 0x03
.byte 0x04, 0x0a, 0x05, 0x04, 0x0a, 0x05, 0x05, 0x0b, 0x06, 0x05, 0x0a, 0x06, 0x05, 0x0b, 0x06, 0x06
.byte 0x0b, 0x06, 0x05, 0x0c, 0x07, 0x05, 0x0d, 0x07, 0x06, 0x0e, 0x08, 0x06, 0x0f, 0x08, 0x07, 0x0f
.byte 0x08, 0x07, 0x10, 0x09, 0x08, 0x11, 0x09, 0x08, 0x13, 0x0a, 0x09, 0x14, 0x0b, 0x09, 0x14, 0x0b
.byte 0x0a, 0x16, 0x0c, 0x0a, 0x17, 0x0c, 0x0b, 0x18, 0x0d, 0x0b, 0x19, 0x0d, 0x0c, 0x1a, 0x0e, 0x0c
.byte 0x1b, 0x0e, 0x0d, 0x1c, 0x0f, 0x0d, 0x1d, 0x10, 0x0e, 0x1e, 0x11, 0x0e, 0x1f, 0x11, 0x0f, 0x21
.byte 0x12, 0x0f, 0x23, 0x13, 0x0f, 0x24, 0x14, 0x09, 0x17, 0x0d, 0x00, 0x00, 0x00, 0x00, 0x00, 0x00
.byte 0x00, 0x00, 0x00, 0x00, 0x00, 0x00, 0x00, 0x00, 0x00, 0x00, 0x00, 0x00, 0x00, 0x00, 0x00, 0x00
.byte 0x00, 0x00, 0x00, 0x00, 0x00, 0x00, 0x00, 0x00, 0x00, 0x00, 0x00, 0x00, 0x00, 0x00, 0x00, 0x00
.byte 0x00, 0x00, 0x00, 0x00, 0x00, 0x00, 0x00, 0x00, 0x00, 0x00, 0x00, 0x00, 0x00, 0x00, 0x00, 0x00
.byte 0x00, 0x00, 0x00, 0x00, 0x00, 0x00, 0x00, 0x00, 0x00, 0x00, 0x00, 0x00, 0x00, 0x00, 0x00, 0x00
.byte 0x00, 0x00, 0x0e, 0x20, 0x10, 0x12, 0x26, 0x14, 0x11, 0x22, 0x12, 0x10, 0x1f, 0x10, 0x0e, 0x1d
.byte 0x0f, 0x0e, 0x1b, 0x0e, 0x0d, 0x1a, 0x0e, 0x0d, 0x1a, 0x0d, 0x0c, 0x19, 0x0d, 0x0c, 0x18, 0x0d
.byte 0x0c, 0x18, 0x0d, 0x0c, 0x18, 0x0c, 0x0b, 0x17, 0x0c, 0x0b, 0x17, 0x0c, 0x0b, 0x16, 0x0c, 0x0b
.byte 0x16, 0x0b, 0x0a, 0x15, 0x0b, 0x0a, 0x15, 0x0b, 0x0b, 0x15, 0x0c, 0x00, 0x01, 0x00, 0xfe, 0xfc
.byte 0xfe, 0xfd, 0xfa, 0xfd, 0xfd, 0xfa, 0xfd, 0xfd, 0xfa, 0xfe, 0xfd, 0xfa, 0xfe, 0xfd, 0xfa, 0xfe
.byte 0xfd, 0xfa, 0xfe, 0xfd, 0xfa, 0xfe, 0xfd, 0xfb, 0xfe, 0xfc, 0xfa, 0xfe, 0xfc, 0xfa, 0xfe, 0xfc
.byte 0xfa, 0xfe, 0xfc, 0xfa, 0xfe, 0xfc, 0xfa, 0xfe, 0xfc, 0xfb, 0xfd, 0xfc, 0xfa, 0xfd, 0xff, 0xfe
.byte 0xff, 0x00, 0x00, 0x00, 0x00, 0x00, 0x00, 0x00, 0x00, 0x00, 0x00, 0x00, 0x00, 0x00, 0x00, 0x00
.byte 0x00, 0x00, 0x00, 0x00, 0x00, 0x00, 0x00, 0x00, 0x00, 0x00, 0x00, 0x00, 0x00, 0x00, 0x00, 0x00
.byte 0x00, 0x00, 0x00, 0x00, 0x00, 0x00, 0x00, 0x00, 0x00, 0x00, 0x00, 0x00, 0x00, 0x00, 0x00, 0x00
.byte 0x00, 0x00, 0x00, 0x00, 0x00, 0x00, 0x00, 0x01, 0x02, 0x01, 0x03, 0x07, 0x04, 0x04, 0x0a, 0x05
.byte 0x04, 0x0a, 0x06, 0x04, 0x0b, 0x06, 0x04, 0x0b, 0x06, 0x05, 0x0c, 0x07, 0x05, 0x0c, 0x07, 0x05
.byte 0x0d, 0x07, 0x06, 0x0e, 0x08, 0x06, 0x0f, 0x08, 0x07, 0x10, 0x09, 0x07, 0x11, 0x09, 0x08, 0x12
.byte 0x0a, 0x08, 0x13, 0x0a, 0x09, 0x14, 0x0b, 0x09, 0x15, 0x0b, 0x0a, 0x15, 0x0c, 0x0a, 0x16, 0x0c
.byte 0x0b, 0x17, 0x0d, 0x0b, 0x18, 0x0e, 0x0c, 0x19, 0x0e, 0x0c, 0x1b, 0x0e, 0x0d, 0x1c, 0x0e, 0x0d
.byte 0x1d, 0x0f, 0x0d, 0x1f, 0x10, 0x0d, 0x20, 0x11, 0x0e, 0x22, 0x12, 0x0e, 0x25, 0x13, 0x09, 0x18
.byte 0x0d, 0x00, 0x00, 0x00, 0x00, 0x00, 0x00, 0x00, 0x00, 0x00, 0x00, 0x00, 0x00, 0x00, 0x00, 0x00
.byte 0x00, 0x00, 0x00, 0x00, 0x00, 0x00, 0x00, 0x00, 0x00, 0x00, 0x00, 0x00, 0x00, 0x00, 0x00, 0x00
.byte 0x00, 0x00, 0x00, 0x00, 0x00, 0x00, 0x00, 0x00, 0x00, 0x00, 0x00, 0x00, 0x00, 0x00, 0x00, 0x00
.byte 0x00, 0x00, 0x00, 0x00, 0x00, 0x00, 0x00, 0x00, 0x00, 0x00, 0x00, 0x00, 0x00, 0x00, 0x00, 0x00
.byte 0x00, 0x00, 0x00, 0x00, 0x00, 0x00, 0x00, 0x00, 0x00, 0x00, 0x00, 0x00, 0x00, 0x00, 0x00, 0x0d
.byte 0x1f, 0x10, 0x11, 0x26, 0x14, 0x10, 0x23, 0x12, 0x0f, 0x20, 0x10, 0x0e, 0x1e, 0x0f, 0x0e, 0x1c
.byte 0x0f, 0x0d, 0x1b, 0x0e, 0x0d, 0x1a, 0x0e, 0x0d, 0x1a, 0x0e, 0x0d, 0x1a, 0x0d, 0x0c, 0x19, 0x0d
.byte 0x0c, 0x19, 0x0d, 0x0c, 0x17, 0x0d, 0x0c, 0x17, 0x0c, 0x0b, 0x16, 0x0c, 0x0b, 0x15, 0x0c, 0x0b
.byte 0x16, 0x0c, 0x0d, 0x19, 0x0d, 0x00, 0x00, 0x00, 0xfd, 0xfa, 0xfe, 0xfd, 0xfa, 0xfe, 0xfd, 0xfa
.byte 0xfe, 0xfd, 0xfa, 0xfe, 0xfd, 0xfb, 0xfe, 0xfc, 0xfb, 0xfe, 0xfc, 0xfb, 0xfd, 0xfc, 0xfb, 0xfd
.byte 0xfc, 0xfa, 0xfd, 0xfc, 0xfa, 0xfd, 0xfc, 0xfa, 0xfd, 0xfc, 0xfa, 0xfd, 0xfc, 0xfa, 0xfd, 0xfc
.byte 0xfa, 0xfd, 0xfc, 0xfa, 0xfd, 0xfc, 0xfa, 0xfd, 0xff, 0xff, 0xff, 0x00, 0x00, 0x00, 0x00, 0x00
.byte 0x00, 0x00, 0x00, 0x00, 0x00, 0x00, 0x00, 0x00, 0x00, 0x00, 0x00, 0x00, 0x00, 0x00, 0x00, 0x00
.byte 0x00, 0x00, 0x00, 0x00, 0x00, 0x00, 0x00, 0x00, 0x00, 0x00, 0x00, 0x00, 0x00, 0x00, 0x00, 0x00
.byte 0x00, 0x00, 0x00, 0x00, 0x00, 0x00, 0x00, 0x00, 0x00, 0x00, 0x00, 0x00, 0x00, 0x00, 0x00, 0x00
.byte 0x00, 0x00, 0x01, 0x00, 0x02, 0x06, 0x03, 0x04, 0x0a, 0x06, 0x04, 0x0b, 0x06, 0x04, 0x0b, 0x06
.byte 0x05, 0x0c, 0x07, 0x05, 0x0c, 0x07, 0x05, 0x0d, 0x07, 0x06, 0x0e, 0x08, 0x06, 0x0e, 0x08, 0x07
.byte 0x0f, 0x08, 0x07, 0x0f, 0x09, 0x07, 0x10, 0x09, 0x08, 0x11, 0x0a, 0x09, 0x12, 0x0a, 0x09, 0x13
.byte 0x0a, 0x09, 0x14, 0x0b, 0x0a, 0x15, 0x0b, 0x0a, 0x16, 0x0c, 0x0a, 0x18, 0x0c, 0x0a, 0x19, 0x0d
.byte 0x0b, 0x1a, 0x0d, 0x0c, 0x1b, 0x0e, 0x0c, 0x1d, 0x0f, 0x0d, 0x1e, 0x10, 0x0d, 0x20, 0x10, 0x0e
.byte 0x21, 0x11, 0x0e, 0x23, 0x13, 0x09, 0x19, 0x0e, 0x01, 0x04, 0x02, 0x00, 0x00, 0x00, 0x00, 0x00
.byte 0x00, 0x00, 0x00, 0x00, 0x00, 0x00, 0x00, 0x00, 0x00, 0x00, 0x00, 0x00, 0x00, 0x00, 0x00, 0x00
.byte 0x00, 0x00, 0x00, 0x00, 0x00, 0x00, 0x00, 0x00, 0x00, 0x00, 0x00, 0x00, 0x00, 0x00, 0x00, 0x00
.byte 0x00, 0x00, 0x00, 0x00, 0x00, 0x00, 0x00, 0x00, 0x00, 0x00, 0x00, 0x00, 0x00, 0x00, 0x00, 0x00
.byte 0x00, 0x00, 0x00, 0x00, 0x00, 0x00, 0x00, 0x00, 0x00, 0x00, 0x00, 0x00, 0x00, 0x00, 0x00, 0x00
.byte 0x00, 0x00, 0x00, 0x00, 0x00, 0x00, 0x00, 0x00, 0x00, 0x02, 0x05, 0x02, 0x0d, 0x1f, 0x10, 0x11
.byte 0x27, 0x14, 0x10, 0x22, 0x12, 0x10, 0x20, 0x11, 0x0f, 0x1e, 0x10, 0x0e, 0x1c, 0x0f, 0x0e, 0x1b
.byte 0x0f, 0x0d, 0x1b, 0x0e, 0x0d, 0x1a, 0x0e, 0x0d, 0x1a, 0x0e, 0x0d, 0x19, 0x0e, 0x0d, 0x19, 0x0d
.byte 0x0c, 0x18, 0x0d, 0x0c, 0x17, 0x0d, 0x0c, 0x17, 0x0d, 0x0c, 0x17, 0x0d, 0x0c, 0x16, 0x0c, 0xff
.byte 0xfd, 0xfe, 0xfc, 0xfb, 0xfd, 0xfc, 0xfb, 0xfd, 0xfc, 0xfa, 0xfd, 0xfc, 0xfa, 0xfd, 0xfc, 0xfa
.byte 0xfd, 0xfc, 0xfa, 0xfd, 0xfc, 0xfa, 0xfd, 0xfc, 0xfa, 0xfd, 0xfc, 0xfa, 0xfd, 0xfc, 0xfa, 0xfd
.byte 0xfc, 0xfa, 0xfd, 0xfc, 0xfa, 0xfd, 0xfc, 0xf9, 0xfc, 0xfc, 0xfa, 0xfd, 0xfc, 0xfa, 0xfd, 0xfc
.byte 0xf9, 0xfc, 0xff, 0xff, 0xff, 0x00, 0x00, 0x00, 0x00, 0x00, 0x00, 0x00, 0x00, 0x00, 0x00, 0x00
.byte 0x00, 0x00, 0x00, 0x00, 0x00, 0x00, 0x00, 0x00, 0x00, 0x00, 0x00, 0x00, 0x00, 0x00, 0x00, 0x00
.byte 0x00, 0x00, 0x00, 0x00, 0x00, 0x00, 0x00, 0x00, 0x00, 0x00, 0x00, 0x00, 0x00, 0x00, 0x00, 0x00
.byte 0x00, 0x00, 0x00, 0x00, 0x00, 0x00, 0x00, 0x00, 0x00, 0x00, 0x00, 0x00, 0x01, 0x01, 0x01, 0x03
.byte 0x02, 0x04, 0x09, 0x05, 0x04, 0x0a, 0x06, 0x05, 0x0b, 0x07, 0x05, 0x0b, 0x07, 0x05, 0x0c, 0x06
.byte 0x06, 0x0d, 0x07, 0x06, 0x0d, 0x07, 0x06, 0x0e, 0x07, 0x07, 0x0f, 0x08, 0x07, 0x10, 0x08, 0x07
.byte 0x11, 0x09, 0x07, 0x12, 0x09, 0x08, 0x13, 0x0a, 0x08, 0x14, 0x0a, 0x09, 0x15, 0x0b, 0x09, 0x16
.byte 0x0b, 0x0a, 0x16, 0x0c, 0x0a, 0x17, 0x0c, 0x0b, 0x18, 0x0d, 0x0b, 0x1a, 0x0e, 0x0c, 0x1b, 0x0e
.byte 0x0c, 0x1c, 0x0f, 0x0d, 0x1e, 0x10, 0x0e, 0x20, 0x11, 0x0e, 0x23, 0x12, 0x0a, 0x1b, 0x0e, 0x03
.byte 0x0a, 0x05, 0x00, 0x00, 0x00, 0x00, 0x00, 0x00, 0x00, 0x00, 0x00, 0x00, 0x00, 0x00, 0x00, 0x00
.byte 0x00, 0x00, 0x00, 0x00, 0x00, 0x00, 0x00, 0x00, 0x00, 0x00, 0x00, 0x00, 0x00, 0x00, 0x00, 0x00
.byte 0x00, 0x00, 0x00, 0x00, 0x00, 0x00, 0x00, 0x00, 0x00, 0x00, 0x00, 0x00, 0x00, 0x00, 0x00, 0x00
.byte 0x00, 0x00, 0x00, 0x00, 0x00, 0x00, 0x00, 0x00, 0x00, 0x00, 0x00, 0x00, 0x00, 0x00, 0x00, 0x00
.byte 0x00, 0x00, 0x00, 0x00, 0x00, 0x00, 0x00, 0x00, 0x00, 0x00, 0x00, 0x00, 0x00, 0x00, 0x00, 0x00
.byte 0x00, 0x00, 0x00, 0x00, 0x00, 0x00, 0x02, 0x06, 0x03, 0x0c, 0x1d, 0x0f, 0x11, 0x26, 0x14, 0x11
.byte 0x24, 0x13, 0x10, 0x21, 0x12, 0x0f, 0x1f, 0x10, 0x0f, 0x1d, 0x10, 0x0e, 0x1c, 0x0f, 0x0e, 0x1c
.byte 0x0f, 0x0d, 0x1b, 0x0e, 0x0d, 0x1a, 0x0e, 0x0d, 0x1a, 0x0e, 0x0c, 0x19, 0x0e, 0x0c, 0x19, 0x0d
.byte 0x0c, 0x17, 0x0c, 0x0c, 0x18, 0x0d, 0x04, 0x09, 0x05, 0xfe, 0xfd, 0xff, 0xfd, 0xfa, 0xfd, 0xfc
.byte 0xfa, 0xfd, 0xfc, 0xfa, 0xfd, 0xfc, 0xfa, 0xfd, 0xfc, 0xfa, 0xfd, 0xfc, 0xfa, 0xfd, 0xfc, 0xf9
.byte 0xfc, 0xfc, 0xf9, 0xfc, 0xfc, 0xf9, 0xfc, 0xfb, 0xf8, 0xfc, 0xfc, 0xf9, 0xfc, 0xfc, 0xf9, 0xfc
.byte 0xfc, 0xf9, 0xfc, 0xfc, 0xf8, 0xfc, 0xfc, 0xf8, 0xfc, 0xfc, 0xf9, 0xfc, 0xff, 0xff, 0x00, 0x00
.byte 0x00, 0x00, 0x00, 0x00, 0x00, 0x00, 0x00, 0x00, 0x00, 0x00, 0x00, 0x00, 0x00, 0x00, 0x00, 0x00
.byte 0x00, 0x00, 0x00, 0x00, 0x00, 0x00, 0x00, 0x00, 0x00, 0x00, 0x00, 0x00, 0x00, 0x00, 0x00, 0x00
.byte 0x00, 0x00, 0x00, 0x00, 0x00, 0x00, 0x00, 0x00, 0x00, 0x00, 0x00, 0x00, 0x00, 0x00, 0x00, 0x00
.byte 0x00, 0x00, 0x00, 0x01, 0x00, 0x00, 0x02, 0x01, 0x01, 0x02, 0x01, 0x04, 0x08, 0x04, 0x05, 0x0b
.byte 0x06, 0x05, 0x0c, 0x06, 0x05, 0x0c, 0x06, 0x05, 0x0d, 0x06, 0x05, 0x0d, 0x07, 0x05, 0x0e, 0x07
.byte 0x06, 0x0f, 0x08, 0x06, 0x0f, 0x08, 0x06, 0x0f, 0x08, 0x07, 0x10, 0x09, 0x07, 0x11, 0x09, 0x08
.byte 0x12, 0x0a, 0x08, 0x13, 0x0a, 0x09, 0x14, 0x0b, 0x09, 0x15, 0x0b, 0x0a, 0x16, 0x0c, 0x0a, 0x18
.byte 0x0d, 0x0b, 0x19, 0x0d, 0x0b, 0x1a, 0x0e, 0x0c, 0x1b, 0x0f, 0x0d, 0x1d, 0x0f, 0x0d, 0x1f, 0x11
.byte 0x0e, 0x22, 0x12, 0x0b, 0x1d, 0x0f, 0x05, 0x0c, 0x07, 0x00, 0x00, 0x00, 0x00, 0x00, 0x00, 0x00
.byte 0x00, 0x00, 0x00, 0x00, 0x00, 0x00, 0x00, 0x00, 0x00, 0x00, 0x00, 0x00, 0x00, 0x00, 0x00, 0x00
.byte 0x00, 0x00, 0x00, 0x00, 0x00, 0x00, 0x00, 0x00, 0x00, 0x00, 0x00, 0x00, 0x00, 0x00, 0x00, 0x00
.byte 0x00, 0x00, 0x00, 0x00, 0x00, 0x00, 0x00, 0x00, 0x00, 0x00, 0x00, 0x00, 0x00, 0x00, 0x00, 0x00
.byte 0x00, 0x00, 0x00, 0x00, 0x00, 0x00, 0x00, 0x00, 0x00, 0x00, 0x00, 0x00, 0x00, 0x00, 0x00, 0x00
.byte 0x00, 0x00, 0x00, 0x00, 0x00, 0x00, 0x00, 0x00, 0x00, 0x00, 0x00, 0x00, 0x00, 0x00, 0x00, 0x00
.byte 0x00, 0x00, 0x00, 0x02, 0x05, 0x03, 0x0c, 0x1c, 0x0f, 0x11, 0x27, 0x15, 0x11, 0x25, 0x14, 0x10
.byte 0x22, 0x12, 0x0f, 0x20, 0x11, 0x0f, 0x1e, 0x10, 0x0e, 0x1d, 0x0e, 0x0d, 0x1b, 0x0e, 0x0d, 0x1a
.byte 0x0e, 0x0d, 0x1a, 0x0e, 0x0d, 0x1a, 0x0d, 0x0c, 0x19, 0x0d, 0x0d, 0x19, 0x0d, 0x0d, 0x1a, 0x0e
.byte 0x00, 0x00, 0x00, 0xfe, 0xfd, 0xff, 0xfe, 0xfc, 0xfe, 0xfd, 0xfb, 0xfd, 0xfd, 0xfb, 0xfd, 0xfd
.byte 0xfb, 0xfd, 0xfd, 0xfb, 0xfd, 0xfd, 0xfa, 0xfd, 0xfc, 0xf9, 0xfc, 0xfc, 0xf8, 0xfc, 0xfc, 0xf8
.byte 0xfc, 0xfc, 0xf8, 0xfc, 0xfc, 0xf9, 0xfc, 0xfc, 0xf9, 0xfc, 0xfc, 0xf9, 0xfc, 0xfd, 0xfa, 0xfd
.byte 0xfc, 0xf9, 0xfc, 0xfc, 0xfa, 0xfd, 0xff, 0xff, 0x00, 0x00, 0x00, 0x00, 0x00, 0x00, 0x00, 0x00
.byte 0x00, 0x00, 0x00, 0x00, 0x00, 0x00, 0x00, 0x00, 0x00, 0x00, 0x00, 0x00, 0x00, 0x00, 0x00, 0x00
.byte 0x00, 0x00, 0x00, 0x00, 0x00, 0x00, 0x00, 0x00, 0x00, 0x00, 0x00, 0x00, 0x00, 0x00, 0x00, 0x00
.byte 0x00, 0x00, 0x00, 0x00, 0x00, 0x00, 0x00, 0x00, 0x00, 0x00, 0x00, 0x00, 0x00, 0x01, 0x01, 0x01
.byte 0x02, 0x01, 0x01, 0x04, 0x02, 0x02, 0x06, 0x03, 0x04, 0x0b, 0x06, 0x04, 0x0b, 0x06, 0x05, 0x0c
.byte 0x06, 0x05, 0x0c, 0x07, 0x05, 0x0d, 0x07, 0x05, 0x0d, 0x07, 0x06, 0x0e, 0x08, 0x06, 0x0f, 0x08
.byte 0x07, 0x10, 0x09, 0x07, 0x11, 0x09, 0x07, 0x12, 0x0a, 0x08, 0x13, 0x0a, 0x08, 0x14, 0x0b, 0x09
.byte 0x15, 0x0b, 0x0a, 0x16, 0x0c, 0x0a, 0x17, 0x0c, 0x0b, 0x18, 0x0d, 0x0b, 0x19, 0x0e, 0x0c, 0x1a
.byte 0x0e, 0x0c, 0x1b, 0x0f, 0x0d, 0x1e, 0x10, 0x0d, 0x20, 0x12, 0x0a, 0x1c, 0x0f, 0x04, 0x0d, 0x08
.byte 0x00, 0x00, 0x00, 0x00, 0x00, 0x00, 0x00, 0x00, 0x00, 0x00, 0x00, 0x00, 0x00, 0x00, 0x00, 0x00
.byte 0x00, 0x00, 0x00, 0x00, 0x00, 0x00, 0x00, 0x00, 0x00, 0x00, 0x00, 0x00, 0x00, 0x00, 0x00, 0x00
.byte 0x00, 0x00, 0x00, 0x00, 0x00, 0x00, 0x00, 0x00, 0x00, 0x00, 0x00, 0x00, 0x00, 0x00, 0x00, 0x00
.byte 0x00, 0x00, 0x00, 0x00, 0x00, 0x00, 0x00, 0x00, 0x00, 0x00, 0x00, 0x00, 0x00, 0x00, 0x00, 0x00
.byte 0x00, 0x00, 0x00, 0x00, 0x00, 0x00, 0x00, 0x00, 0x00, 0x00, 0x00, 0x00, 0x00, 0x00, 0x00, 0x00
.byte 0x00, 0x00, 0x00, 0x00, 0x00, 0x00, 0x00, 0x00, 0x00, 0x00, 0x00, 0x00, 0x00, 0x00, 0x00, 0x00
.byte 0x02, 0x05, 0x03, 0x0b, 0x1a, 0x0e, 0x10, 0x25, 0x13, 0x10, 0x24, 0x13, 0x0f, 0x21, 0x11, 0x0f
.byte 0x1f, 0x10, 0x0e, 0x1d, 0x0f, 0x0e, 0x1c, 0x0f, 0x0d, 0x1b, 0x0e, 0x0d, 0x1b, 0x0e, 0x0d, 0x1b
.byte 0x0e, 0x0d, 0x1b, 0x0e, 0x0e, 0x1c, 0x0f, 0x0e, 0x1d, 0x0f, 0xfe, 0xfd, 0xff, 0xfe, 0xfd, 0xff
.byte 0xfe, 0xfc, 0xfe, 0xfd, 0xfb, 0xfd, 0xfd, 0xfa, 0xfd, 0xfd, 0xfa, 0xfd, 0xfd, 0xfa, 0xfd, 0xfd
.byte 0xfa, 0xfd, 0xfc, 0xf9, 0xfc, 0xfc, 0xf9, 0xfc, 0xfd, 0xfa, 0xfd, 0xfc, 0xf9, 0xfc, 0xfc, 0xf9
.byte 0xfc, 0xfc, 0xf9, 0xfc, 0xfc, 0xf9, 0xfc, 0xfc, 0xfa, 0xfd, 0xfc, 0xf9, 0xfc, 0xfc, 0xfa, 0xfe
.byte 0x00, 0xff, 0x00, 0x00, 0x00, 0x00, 0x00, 0x00, 0x00, 0x00, 0x00, 0x00, 0x00, 0x00, 0x00, 0x00
.byte 0x00, 0x00, 0x00, 0x00, 0x00, 0x00, 0x00, 0x00, 0x00, 0x00, 0x00, 0x00, 0x00, 0x00, 0x00, 0x00
.byte 0x00, 0x00, 0x00, 0x00, 0x00, 0x00, 0x00, 0x00, 0x00, 0x00, 0x00, 0x00, 0x00, 0x00, 0x00, 0x00
.byte 0x00, 0x00, 0x00, 0x00, 0x01, 0x01, 0x01, 0x02, 0x01, 0x01, 0x03, 0x02, 0x01, 0x04, 0x02, 0x02
.byte 0x06, 0x04, 0x04, 0x09, 0x05, 0x05, 0x0c, 0x06, 0x05, 0x0c, 0x07, 0x05, 0x0d, 0x07, 0x05, 0x0d
.byte 0x07, 0x06, 0x0e, 0x08, 0x06, 0x0f, 0x08, 0x06, 0x10, 0x09, 0x07, 0x10, 0x09, 0x07, 0x11, 0x09
.byte 0x08, 0x11, 0x0a, 0x08, 0x12, 0x0a, 0x09, 0x13, 0x0b, 0x09, 0x14, 0x0b, 0x09, 0x15, 0x0c, 0x09
.byte 0x16, 0x0d, 0x0a, 0x18, 0x0d, 0x0b, 0x19, 0x0e, 0x0b, 0x1b, 0x0f, 0x0c, 0x1e, 0x10, 0x0d, 0x20
.byte 0x12, 0x0a, 0x1a, 0x0f, 0x04, 0x0d, 0x06, 0x00, 0x00, 0x00, 0x00, 0x00, 0x00, 0x00, 0x00, 0x00
.byte 0x00, 0x00, 0x00, 0x00, 0x00, 0x00, 0x00, 0x00, 0x00, 0x00, 0x00, 0x00, 0x00, 0x00, 0x00, 0x00
.byte 0x00, 0x00, 0x00, 0x00, 0x00, 0x00, 0x00, 0x00, 0x00, 0x00, 0x00, 0x00, 0x00, 0x00, 0x00, 0x00
.byte 0x00, 0x00, 0x00, 0x00, 0x00, 0x00, 0x00, 0x00, 0x00, 0x00, 0x00, 0x00, 0x00, 0x00, 0x00, 0x00
.byte 0x00, 0x00, 0x00, 0x00, 0x00, 0x00, 0x00, 0x00, 0x00, 0x00, 0x00, 0x00, 0x00, 0x00, 0x00, 0x00
.byte 0x00, 0x00, 0x00, 0x00, 0x00, 0x00, 0x00, 0x00, 0x00, 0x00, 0x00, 0x00, 0x00, 0x00, 0x00, 0x00
.byte 0x00, 0x00, 0x00, 0x00, 0x00, 0x00, 0x00, 0x00, 0x00, 0x00, 0x00, 0x00, 0x00, 0x00, 0x00, 0x00
.byte 0x07, 0x13, 0x0a, 0x0c, 0x1e, 0x0f, 0x10, 0x24, 0x13, 0x10, 0x21, 0x11, 0x0f, 0x1f, 0x10, 0x0e
.byte 0x1e, 0x10, 0x0e, 0x1d, 0x0f, 0x0e, 0x1d, 0x0f, 0x0e, 0x1d, 0x0f, 0x0e, 0x1e, 0x0f, 0x0e, 0x1f
.byte 0x10, 0x0d, 0x1b, 0x0e, 0xfe, 0xfd, 0xff, 0xfe, 0xfd, 0xff, 0xfe, 0xfc, 0xfe, 0xfd, 0xfa, 0xfd
.byte 0xfd, 0xfa, 0xfd, 0xfd, 0xfa, 0xfd, 0xfd, 0xfa, 0xfd, 0xfd, 0xfa, 0xfd, 0xfc, 0xfa, 0xfd, 0xfc
.byte 0xfa, 0xfd, 0xfc, 0xfa, 0xfd, 0xfc, 0xfa, 0xfd, 0xfc, 0xfa, 0xfd, 0xfc, 0xf9, 0xfc, 0xfc, 0xfa
.byte 0xfe, 0xfc, 0xfa, 0xfe, 0xfc, 0xfa, 0xfe, 0xfc, 0xfa, 0xfe, 0x00, 0x00, 0x00, 0x00, 0x00, 0x00
.byte 0x00, 0x00, 0x00, 0x00, 0x00, 0x00, 0x00, 0x00, 0x00, 0x00, 0x00, 0x00, 0x00, 0x00, 0x00, 0x00
.byte 0x00, 0x00, 0x00, 0x00, 0x00, 0x00, 0x00, 0x00, 0x00, 0x00, 0x00, 0x00, 0x00, 0x00, 0x00, 0x00
.byte 0x00, 0x00, 0x00, 0x00, 0x00, 0x00, 0x00, 0x00, 0x00, 0x00, 0x00, 0x01, 0x00, 0x00, 0x02, 0x01
.byte 0x01, 0x02, 0x02, 0x01, 0x04, 0x02, 0x02, 0x06, 0x03, 0x03, 0x08, 0x05, 0x03, 0x09, 0x05, 0x04
.byte 0x0b, 0x06, 0x05, 0x0d, 0x07, 0x05, 0x0d, 0x07, 0x06, 0x0e, 0x08, 0x06, 0x0f, 0x08, 0x06, 0x0e
.byte 0x08, 0x07, 0x0f, 0x09, 0x07, 0x10, 0x09, 0x08, 0x11, 0x0a, 0x08, 0x12, 0x0a, 0x07, 0x13, 0x0b
.byte 0x08, 0x14, 0x0b, 0x08, 0x15, 0x0c, 0x09, 0x16, 0x0b, 0x0a, 0x17, 0x0c, 0x0a, 0x19, 0x0d, 0x0b
.byte 0x1b, 0x0e, 0x0c, 0x1e, 0x0f, 0x0d, 0x20, 0x10, 0x09, 0x18, 0x0c, 0x03, 0x0a, 0x05, 0x00, 0x00
.byte 0x00, 0x00, 0x00, 0x00, 0x00, 0x00, 0x00, 0x00, 0x00, 0x00, 0x00, 0x00, 0x00, 0x00, 0x00, 0x00
.byte 0x00, 0x00, 0x00, 0x00, 0x00, 0x00, 0x00, 0x00, 0x00, 0x00, 0x00, 0x00, 0x00, 0x00, 0x00, 0x00
.byte 0x00, 0x00, 0x00, 0x00, 0x00, 0x00, 0x00, 0x00, 0x00, 0x00, 0x00, 0x00, 0x00, 0x00, 0x00, 0x00
.byte 0x00, 0x00, 0x00, 0x00, 0x00, 0x00, 0x00, 0x00, 0x00, 0x00, 0x00, 0x00, 0x00, 0x00, 0x00, 0x00
.byte 0x00, 0x00, 0x00, 0x00, 0x00, 0x00, 0x00, 0x00, 0x00, 0x00, 0x00, 0x00, 0x00, 0x00, 0x00, 0x00
.byte 0x00, 0x00, 0x00, 0x00, 0x00, 0x00, 0x00, 0x00, 0x00, 0x00, 0x00, 0x00, 0x00, 0x00, 0x00, 0x00
.byte 0x00, 0x00, 0x00, 0x00, 0x00, 0x00, 0x00, 0x00, 0x00, 0x00, 0x00, 0x00, 0x00, 0x04, 0x0a, 0x05
.byte 0x0b, 0x19, 0x0d, 0x0f, 0x22, 0x12, 0x10, 0x21, 0x11, 0x0f, 0x20, 0x11, 0x0f, 0x1f, 0x10, 0x0e
.byte 0x1f, 0x10, 0x0e, 0x1e, 0x10, 0x0f, 0x1f, 0x11, 0x0f, 0x1f, 0x11, 0x09, 0x13, 0x0a, 0xff, 0xfe
.byte 0xff, 0xfe, 0xfc, 0xfe, 0xfe, 0xfc, 0xfe, 0xfd, 0xfb, 0xfe, 0xfd, 0xfa, 0xfd, 0xfc, 0xfa, 0xfd
.byte 0xfc, 0xfa, 0xfd, 0xfc, 0xfa, 0xfd, 0xfc, 0xf9, 0xfc, 0xfc, 0xf9, 0xfc, 0xfc, 0xf8, 0xfc, 0xfc
.byte 0xf9, 0xfd, 0xfc, 0xfa, 0xfe, 0xfc, 0xf9, 0xfd, 0xfc, 0xf9, 0xfc, 0xfc, 0xfa, 0xfd, 0xfd, 0xfa
.byte 0xfd, 0xfd, 0xfa, 0xfd, 0x00, 0xff, 0x00, 0x00, 0x00, 0x00, 0x00, 0x00, 0x00, 0x00, 0x00, 0x00
.byte 0x00, 0x00, 0x00, 0x00, 0x00, 0x00, 0x00, 0x00, 0x00, 0x00, 0x00, 0x00, 0x00, 0x00, 0x00, 0x00
.byte 0x00, 0x00, 0x00, 0x00, 0x00, 0x00, 0x00, 0x00, 0x00, 0x00, 0x00, 0x00, 0x00, 0x00, 0x00, 0x00
.byte 0x00, 0x00, 0x01, 0x00, 0x00, 0x02, 0x01, 0x01, 0x02, 0x02, 0x01, 0x03, 0x02, 0x02, 0x05, 0x02
.byte 0x02, 0x06, 0x04, 0x03, 0x09, 0x05, 0x04, 0x08, 0x06, 0x04, 0x0a, 0x06, 0x05, 0x0c, 0x07, 0x06
.byte 0x0d, 0x08, 0x06, 0x0d, 0x08, 0x06, 0x0e, 0x08, 0x06, 0x0f, 0x09, 0x06, 0x10, 0x09, 0x06, 0x11
.byte 0x0a, 0x07, 0x12, 0x09, 0x07, 0x13, 0x0a, 0x08, 0x13, 0x0a, 0x08, 0x14, 0x0b, 0x09, 0x15, 0x0b
.byte 0x09, 0x16, 0x0c, 0x0a, 0x17, 0x0c, 0x0b, 0x1a, 0x0e, 0x0c, 0x1c, 0x0f, 0x0d, 0x1f, 0x11, 0x08
.byte 0x15, 0x0b, 0x01, 0x03, 0x02, 0x00, 0x00, 0x00, 0x00, 0x00, 0x00, 0x00, 0x00, 0x00, 0x00, 0x00
.byte 0x00, 0x00, 0x00, 0x00, 0x00, 0x00, 0x00, 0x00, 0x00, 0x00, 0x00, 0x00, 0x00, 0x00, 0x00, 0x00
.byte 0x00, 0x00, 0x00, 0x00, 0x00, 0x00, 0x00, 0x00, 0x00, 0x00, 0x00, 0x00, 0x00, 0x00, 0x00, 0x00
.byte 0x00, 0x00, 0x00, 0x00, 0x00, 0x00, 0x00, 0x00, 0x00, 0x00, 0x00, 0x00, 0x00, 0x00, 0x00, 0x00
.byte 0x00, 0x00, 0x00, 0x00, 0x00, 0x00, 0x00, 0x00, 0x00, 0x00, 0x00, 0x00, 0x00, 0x00, 0x00, 0x00
.byte 0x00, 0x00, 0x00, 0x00, 0x00, 0x00, 0x00, 0x00, 0x00, 0x00, 0x00, 0x00, 0x00, 0x00, 0x00, 0x00
.byte 0x00, 0x00, 0x00, 0x00, 0x00, 0x00, 0x00, 0x00, 0x00, 0x00, 0x00, 0x00, 0x00, 0x00, 0x00, 0x00
.byte 0x00, 0x00, 0x00, 0x00, 0x00, 0x00, 0x00, 0x00, 0x00, 0x00, 0x00, 0x00, 0x00, 0x08, 0x13, 0x0a
.byte 0x0c, 0x1b, 0x0f, 0x10, 0x23, 0x13, 0x10, 0x22, 0x12, 0x0f, 0x21, 0x12, 0x0f, 0x20, 0x11, 0x0e
.byte 0x20, 0x11, 0x0e, 0x1f, 0x11, 0x03, 0x09, 0x05, 0xfe, 0xfc, 0xfe, 0xfd, 0xfc, 0xfe, 0xfd, 0xfc
.byte 0xfe, 0xfd, 0xfb, 0xfe, 0xfc, 0xfb, 0xfe, 0xfc, 0xfa, 0xfd, 0xfc, 0xfa, 0xfd, 0xfc, 0xfa, 0xfd
.byte 0xfc, 0xf9, 0xfc, 0xfc, 0xf9, 0xfc, 0xfc, 0xf9, 0xfc, 0xfc, 0xf9, 0xfc, 0xfc, 0xf9, 0xfc, 0xfc
.byte 0xf9, 0xfc, 0xfc, 0xf9, 0xfc, 0xfc, 0xf9, 0xfc, 0xfc, 0xf9, 0xfc, 0xfc, 0xfa, 0xfc, 0x00, 0xff
.byte 0x00, 0x00, 0x00, 0x00, 0x00, 0x00, 0x00, 0x00, 0x00, 0x00, 0x00, 0x00, 0x00, 0x00, 0x00, 0x00
.byte 0x00, 0x00, 0x00, 0x00, 0x00, 0x00, 0x00, 0x00, 0x00, 0x00, 0x00, 0x00, 0x00, 0x00, 0x00, 0x00
.byte 0x00, 0x00, 0x00, 0x00, 0x00, 0x00, 0x00, 0x00, 0x00, 0x00, 0x00, 0x00, 0x01, 0x01, 0x01, 0x02
.byte 0x01, 0x01, 0x03, 0x02, 0x02, 0x04, 0x02, 0x02, 0x05, 0x03, 0x03, 0x07, 0x04, 0x04, 0x09, 0x06
.byte 0x04, 0x09, 0x05, 0x03, 0x0a, 0x05, 0x04, 0x0b, 0x06, 0x05, 0x0d, 0x07, 0x05, 0x0e, 0x07, 0x06
.byte 0x0f, 0x08, 0x06, 0x10, 0x08, 0x06, 0x11, 0x09, 0x07, 0x11, 0x09, 0x07, 0x12, 0x09, 0x08, 0x13
.byte 0x0a, 0x08, 0x13, 0x0a, 0x09, 0x14, 0x0b, 0x09, 0x15, 0x0c, 0x0a, 0x17, 0x0c, 0x0b, 0x19, 0x0e
.byte 0x0c, 0x1c, 0x0f, 0x0c, 0x1e, 0x10, 0x08, 0x15, 0x0b, 0x00, 0x00, 0x00, 0x00, 0x00, 0x00, 0x00
.byte 0x00, 0x00, 0x00, 0x00, 0x00, 0x00, 0x00, 0x00, 0x00, 0x00, 0x00, 0x00, 0x00, 0x00, 0x00, 0x00
.byte 0x00, 0x00, 0x00, 0x00, 0x00, 0x00, 0x00, 0x00, 0x00, 0x00, 0x00, 0x00, 0x00, 0x00, 0x00, 0x00
.byte 0x00, 0x00, 0x00, 0x00, 0x00, 0x00, 0x00, 0x00, 0x00, 0x00, 0x00, 0x00, 0x00, 0x00, 0x00, 0x00
.byte 0x00, 0x00, 0x00, 0x00, 0x00, 0x00, 0x00, 0x00, 0x00, 0x00, 0x00, 0x00, 0x00, 0x00, 0x00, 0x00
.byte 0x00, 0x00, 0x00, 0x00, 0x00, 0x00, 0x00, 0x00, 0x00, 0x00, 0x00, 0x00, 0x00, 0x00, 0x00, 0x00
.byte 0x00, 0x00, 0x00, 0x00, 0x00, 0x00, 0x00, 0x00, 0x00, 0x00, 0x00, 0x00, 0x00, 0x00, 0x00, 0x00
.byte 0x00, 0x00, 0x00, 0x00, 0x00, 0x00, 0x00, 0x00, 0x00, 0x00, 0x00, 0x00, 0x00, 0x00, 0x00, 0x00
.byte 0x00, 0x00, 0x00, 0x00, 0x00, 0x00, 0x00, 0x00, 0x00, 0x00, 0x03, 0x08, 0x05, 0x09, 0x18, 0x0d
.byte 0x0d, 0x20, 0x11, 0x0f, 0x24, 0x13, 0x0f, 0x23, 0x12, 0x0f, 0x21, 0x12, 0x0e, 0x1f, 0x11, 0x00
.byte 0x00, 0x00, 0xfd, 0xfa, 0xfd, 0xfd, 0xfa, 0xfd, 0xfd, 0xfa, 0xfd, 0xfd, 0xfa, 0xfd, 0xfd, 0xfa
.byte 0xfd, 0xfd, 0xfa, 0xfd, 0xfc, 0xf9, 0xfc, 0xfd, 0xfa, 0xfd, 0xfd, 0xfa, 0xfd, 0xfc, 0xf9, 0xfc
.byte 0xfc, 0xf9, 0xfc, 0xfc, 0xf9, 0xfc, 0xfc, 0xf9, 0xfc, 0xfc, 0xf9, 0xfc, 0xfc, 0xf9, 0xfc, 0xfc
.byte 0xf9, 0xfc, 0xfc, 0xf9, 0xfc, 0xfb, 0xf8, 0xfc, 0xff, 0xff, 0x00, 0x00, 0x00, 0x00, 0x00, 0x00
.byte 0x00, 0x00, 0x00, 0x00, 0x00, 0x00, 0x00, 0x00, 0x00, 0x00, 0x00, 0x00, 0x00, 0x00, 0x00, 0x00
.byte 0x00, 0x00, 0x00, 0x00, 0x00, 0x00, 0x00, 0x00, 0x00, 0x00, 0x00, 0x00, 0x00, 0x00, 0x00, 0x00
.byte 0x01, 0x00, 0x00, 0x01, 0x01, 0x01, 0x02, 0x02, 0x02, 0x03, 0x02, 0x02, 0x04, 0x03, 0x02, 0x04
.byte 0x02, 0x02, 0x06, 0x03, 0x03, 0x08, 0x04, 0x03, 0x09, 0x05, 0x03, 0x0a, 0x05, 0x03, 0x0a, 0x05
.byte 0x04, 0x0c, 0x06, 0x05, 0x0e, 0x07, 0x06, 0x0e, 0x08, 0x06, 0x0f, 0x08, 0x06, 0x10, 0x09, 0x07
.byte 0x11, 0x09, 0x07, 0x11, 0x09, 0x07, 0x12, 0x0a, 0x08, 0x13, 0x0a, 0x08, 0x14, 0x0b, 0x09, 0x16
.byte 0x0c, 0x0a, 0x17, 0x0c, 0x0b, 0x1a, 0x0e, 0x0c, 0x1c, 0x0f, 0x0a, 0x18, 0x0d, 0x07, 0x13, 0x0a
.byte 0x00, 0x00, 0x00, 0x00, 0x00, 0x00, 0x00, 0x00, 0x00, 0x00, 0x00, 0x00, 0x00, 0x00, 0x00, 0x00
.byte 0x00, 0x00, 0x00, 0x00, 0x00, 0x00, 0x00, 0x00, 0x00, 0x00, 0x00, 0x00, 0x00, 0x00, 0x00, 0x00
.byte 0x00, 0x00, 0x00, 0x00, 0x00, 0x00, 0x00, 0x00, 0x00, 0x00, 0x00, 0x00, 0x00, 0x00, 0x00, 0x00
.byte 0x00, 0x00, 0x00, 0x00, 0x00, 0x00, 0x00, 0x00, 0x00, 0x00, 0x00, 0x00, 0x00, 0x00, 0x00, 0x00
.byte 0x00, 0x00, 0x00, 0x00, 0x00, 0x00, 0x00, 0x00, 0x00, 0x00, 0x00, 0x00, 0x00, 0x00, 0x00, 0x00
.byte 0x00, 0x00, 0x00, 0x00, 0x00, 0x00, 0x00, 0x00, 0x00, 0x00, 0x00, 0x00, 0x00, 0x00, 0x00, 0x00
.byte 0x00, 0x00, 0x00, 0x00, 0x00, 0x00, 0x00, 0x00, 0x00, 0x00, 0x00, 0x00, 0x00, 0x00, 0x00, 0x00
.byte 0x00, 0x00, 0x00, 0x00, 0x00, 0x00, 0x00, 0x00, 0x00, 0x00, 0x00, 0x00, 0x00, 0x00, 0x00, 0x00
.byte 0x00, 0x00, 0x00, 0x00, 0x00, 0x00, 0x00, 0x00, 0x00, 0x00, 0x05, 0x0d, 0x07, 0x09, 0x18, 0x0c
.byte 0x0d, 0x1e, 0x10, 0x0f, 0x23, 0x12, 0x0e, 0x20, 0x11, 0xff, 0xfe, 0xff, 0xfd, 0xfa, 0xfd, 0xfd
.byte 0xfa, 0xfd, 0xfd, 0xfa, 0xfd, 0xfd, 0xfa, 0xfd, 0xfd, 0xfa, 0xfd, 0xfd, 0xfa, 0xfd, 0xfd, 0xfa
.byte 0xfd, 0xfc, 0xf9, 0xfc, 0xfc, 0xf8, 0xfc, 0xfc, 0xf8, 0xfc, 0xfb, 0xf8, 0xfc, 0xfc, 0xf8, 0xfc
.byte 0xfc, 0xf9, 0xfc, 0xfc, 0xf9, 0xfc, 0xfc, 0xf9, 0xfc, 0xfc, 0xf9, 0xfc, 0xfc, 0xf9, 0xfc, 0xfc
.byte 0xf9, 0xfc, 0xff, 0xff, 0x00, 0x00, 0x00, 0x00, 0x00, 0x00, 0x00, 0x00, 0x00, 0x00, 0x00, 0x00
.byte 0x00, 0x00, 0x00, 0x00, 0x00, 0x00, 0x00, 0x00, 0x00, 0x00, 0x00, 0x00, 0x00, 0x00, 0x00, 0x00
.byte 0x00, 0x00, 0x00, 0x00, 0x00, 0x00, 0x00, 0x01, 0x01, 0x00, 0x02, 0x01, 0x01, 0x02, 0x01, 0x01
.byte 0x04, 0x02, 0x01, 0x04, 0x02, 0x01, 0x05, 0x02, 0x02, 0x06, 0x03, 0x03, 0x08, 0x05, 0x03, 0x08
.byte 0x05, 0x03, 0x09, 0x05, 0x04, 0x09, 0x05, 0x04, 0x0a, 0x06, 0x04, 0x0b, 0x06, 0x05, 0x0c, 0x07
.byte 0x06, 0x0f, 0x08, 0x06, 0x10, 0x09, 0x07, 0x11, 0x09, 0x07, 0x11, 0x09, 0x07, 0x12, 0x0a, 0x08
.byte 0x13, 0x0a, 0x08, 0x14, 0x0b, 0x09, 0x15, 0x0c, 0x0a, 0x18, 0x0d, 0x0b, 0x1a, 0x0e, 0x0c, 0x1c
.byte 0x0f, 0x07, 0x13, 0x0b, 0x02, 0x06, 0x04, 0x00, 0x00, 0x00, 0x00, 0x00, 0x00, 0x00, 0x00, 0x00
.byte 0x00, 0x00, 0x00, 0x00, 0x00, 0x00, 0x00, 0x00, 0x00, 0x00, 0x00, 0x00, 0x00, 0x00, 0x00, 0x00
.byte 0x00, 0x00, 0x00, 0x00, 0x00, 0x00, 0x00, 0x00, 0x00, 0x00, 0x00, 0x00, 0x00, 0x00, 0x00, 0x00
.byte 0x00, 0x00, 0x00, 0x00, 0x00, 0x00, 0x00, 0x00, 0x00, 0x00, 0x00, 0x00, 0x00, 0x00, 0x00, 0x00
.byte 0x00, 0x00, 0x00, 0x00, 0x00, 0x00, 0x00, 0x00, 0x00, 0x00, 0x00, 0x00, 0x00, 0x00, 0x00, 0x00
.byte 0x00, 0x00, 0x00, 0x00, 0x00, 0x00, 0x00, 0x00, 0x00, 0x00, 0x00, 0x00, 0x00, 0x00, 0x00, 0x00
.byte 0x00, 0x00, 0x00, 0x00, 0x00, 0x00, 0x00, 0x00, 0x00, 0x00, 0x00, 0x00, 0x00, 0x00, 0x00, 0x00
.byte 0x00, 0x00, 0x00, 0x00, 0x00, 0x00, 0x00, 0x00, 0x00, 0x00, 0x00, 0x00, 0x00, 0x00, 0x00, 0x00
.byte 0x00, 0x00, 0x00, 0x00, 0x00, 0x00, 0x00, 0x00, 0x00, 0x00, 0x00, 0x00, 0x00, 0x00, 0x00, 0x00
.byte 0x00, 0x00, 0x00, 0x00, 0x00, 0x00, 0x00, 0x00, 0x00, 0x00, 0x05, 0x0d, 0x07, 0x09, 0x19, 0x0d
.byte 0x08, 0x16, 0x0b, 0xfe, 0xfc, 0xfe, 0xfe, 0xfc, 0xfe, 0xfe, 0xfc, 0xfe, 0xfd, 0xfb, 0xfd, 0xfd
.byte 0xfb, 0xfd, 0xfd, 0xfa, 0xfd, 0xfc, 0xfa, 0xfd, 0xfc, 0xfa, 0xfd, 0xfc, 0xfa, 0xfd, 0xfc, 0xf9
.byte 0xfc, 0xfc, 0xf8, 0xfc, 0xfc, 0xf8, 0xfc, 0xfb, 0xf8, 0xfc, 0xfb, 0xf8, 0xfc, 0xfc, 0xf9, 0xfc
.byte 0xfb, 0xf8, 0xfc, 0xfb, 0xf8, 0xfc, 0xfc, 0xf9, 0xfc, 0xfb, 0xf8, 0xfc, 0xff, 0xff, 0x00, 0x00
.byte 0x00, 0x00, 0x00, 0x00, 0x00, 0x00, 0x00, 0x00, 0x00, 0x00, 0x00, 0x00, 0x00, 0x00, 0x00, 0x00
.byte 0x00, 0x00, 0x00, 0x00, 0x00, 0x00, 0x00, 0x00, 0x00, 0x00, 0x00, 0x01, 0x00, 0x00, 0x01, 0x00
.byte 0x00, 0x02, 0x01, 0x01, 0x03, 0x01, 0x01, 0x04, 0x02, 0x01, 0x04, 0x02, 0x01, 0x05, 0x02, 0x01
.byte 0x05, 0x03, 0x03, 0x07, 0x04, 0x03, 0x08, 0x05, 0x03, 0x09, 0x05, 0x04, 0x09, 0x05, 0x04, 0x0a
.byte 0x06, 0x04, 0x0b, 0x06, 0x05, 0x0c, 0x07, 0x05, 0x0d, 0x07, 0x06, 0x0f, 0x08, 0x07, 0x11, 0x09
.byte 0x07, 0x12, 0x0a, 0x08, 0x12, 0x0a, 0x08, 0x13, 0x0a, 0x08, 0x14, 0x0b, 0x09, 0x15, 0x0c, 0x0a
.byte 0x16, 0x0d, 0x0a, 0x19, 0x0e, 0x08, 0x16, 0x0c, 0x07, 0x14, 0x0b, 0x00, 0x00, 0x00, 0x00, 0x00
.byte 0x00, 0x00, 0x00, 0x00, 0x00, 0x00, 0x00, 0x00, 0x00, 0x00, 0x00, 0x00, 0x00, 0x00, 0x00, 0x00
.byte 0x00, 0x00, 0x00, 0x00, 0x00, 0x00, 0x00, 0x00, 0x00, 0x00, 0x00, 0x00, 0x00, 0x00, 0x00, 0x00
.byte 0x00, 0x00, 0x00, 0x00, 0x00, 0x00, 0x00, 0x00, 0x00, 0x00, 0x00, 0x00, 0x00, 0x00, 0x00, 0x00
.byte 0x00, 0x00, 0x00, 0x00, 0x00, 0x00, 0x00, 0x00, 0x00, 0x00, 0x00, 0x00, 0x00, 0x00, 0x00, 0x00
.byte 0x00, 0x00, 0x00, 0x00, 0x00, 0x00, 0x00, 0x00, 0x00, 0x00, 0x00, 0x00, 0x00, 0x00, 0x00, 0x00
.byte 0x00, 0x00, 0x00, 0x00, 0x00, 0x00, 0x00, 0x00, 0x00, 0x00, 0x00, 0x00, 0x00, 0x00, 0x00, 0x00
.byte 0x00, 0x00, 0x00, 0x00, 0x00, 0x00, 0x00, 0x00, 0x00, 0x00, 0x00, 0x00, 0x00, 0x00, 0x00, 0x00
.byte 0x00, 0x00, 0x00, 0x00, 0x00, 0x00, 0x00, 0x00, 0x00, 0x00, 0x00, 0x00, 0x00, 0x00, 0x00, 0x00
.byte 0x00, 0x00, 0x00, 0x00, 0x00, 0x00, 0x00, 0x00, 0x00, 0x00, 0x00, 0x00, 0x00, 0x00, 0x00, 0x00
.byte 0x00, 0x00, 0xff, 0x00, 0xff, 0xff, 0xff, 0xfe, 0xfd, 0xfe, 0xff, 0xfe, 0xff, 0xff, 0xfd, 0xff
.byte 0xfe, 0xfd, 0xfe, 0xfe, 0xfc, 0xfe, 0xfd, 0xfb, 0xfe, 0xfd, 0xfb, 0xfe, 0xfd, 0xfa, 0xfd, 0xfc
.byte 0xfa, 0xfd, 0xfc, 0xfa, 0xfd, 0xfc, 0xfa, 0xfd, 0xfc, 0xf9, 0xfc, 0xfc, 0xf9, 0xfc, 0xfc, 0xf9
.byte 0xfc, 0xfb, 0xf8, 0xfc, 0xfc, 0xf9, 0xfc, 0xfc, 0xfa, 0xfd, 0xfc, 0xf9, 0xfc, 0xfc, 0xf9, 0xfc
.byte 0xfc, 0xfa, 0xfc, 0xfc, 0xf9, 0xfc, 0x00, 0xff, 0x00, 0x00, 0x00, 0x00, 0x00, 0x00, 0x00, 0x00
.byte 0x00, 0x00, 0x00, 0x00, 0x00, 0x00, 0x00, 0x00, 0x00, 0x00, 0x00, 0x00, 0x00, 0x00, 0x00, 0x00
.byte 0x00, 0x00, 0x00, 0x00, 0x00, 0x02, 0x01, 0x01, 0x02, 0x01, 0x01, 0x02, 0x01, 0x01, 0x04, 0x02
.byte 0x01, 0x05, 0x02, 0x01, 0x05, 0x03, 0x02, 0x05, 0x03, 0x02, 0x06, 0x04, 0x03, 0x08, 0x05, 0x03
.byte 0x09, 0x05, 0x04, 0x09, 0x05, 0x04, 0x0a, 0x06, 0x04, 0x0b, 0x06, 0x05, 0x0c, 0x07, 0x05, 0x0d
.byte 0x07, 0x05, 0x0e, 0x08, 0x06, 0x0f, 0x08, 0x07, 0x11, 0x09, 0x07, 0x13, 0x0a, 0x08, 0x14, 0x0b
.byte 0x08, 0x15, 0x0b, 0x08, 0x15, 0x0c, 0x09, 0x17, 0x0d, 0x09, 0x17, 0x0d, 0x07, 0x13, 0x0b, 0x00
.byte 0x01, 0x00, 0x00, 0x00, 0x00, 0x00, 0x00, 0x00, 0x00, 0x00, 0x00, 0x00, 0x00, 0x00, 0x00, 0x00
.byte 0x00, 0x00, 0x00, 0x00, 0x00, 0x00, 0x00, 0x00, 0x00, 0x00, 0x00, 0x00, 0x00, 0x00, 0x00, 0x00
.byte 0x00, 0x00, 0x00, 0x00, 0x00, 0x00, 0x00, 0x00, 0x00, 0x00, 0x00, 0x00, 0x00, 0x00, 0x00, 0x00
.byte 0x00, 0x00, 0x00, 0x00, 0x00, 0x00, 0x00, 0x00, 0x00, 0x00, 0x00, 0x00, 0x00, 0x00, 0x00, 0x00
.byte 0x00, 0x00, 0x00, 0x00, 0x00, 0x00, 0x00, 0x00, 0x00, 0x00, 0x00, 0x00, 0x00, 0x00, 0x00, 0x00
.byte 0x00, 0x00, 0x00, 0x00, 0x00, 0x00, 0x00, 0x00, 0x00, 0x00, 0x00, 0x00, 0x00, 0x00, 0x00, 0x00
.byte 0x00, 0x00, 0x00, 0x00, 0x00, 0x00, 0x00, 0x00, 0x00, 0x00, 0x00, 0x00, 0x00, 0x00, 0x00, 0x00
.byte 0x00, 0x00, 0x00, 0x00, 0x00, 0x00, 0x00, 0x00, 0x00, 0x00, 0x00, 0x00, 0x00, 0x00, 0x00, 0x00
.byte 0x00, 0x00, 0x00, 0x00, 0x00, 0x00, 0x00, 0x00, 0x00, 0x00, 0x00, 0x00, 0x00, 0x00, 0x00, 0x00
.byte 0x00, 0x00, 0x00, 0x00, 0x00, 0x00, 0x00, 0x00, 0x00, 0x00, 0x00, 0x00, 0xff, 0x00, 0xff, 0xff
.byte 0xff, 0xff, 0xfe, 0xff, 0xfe, 0xfd, 0xff, 0xfe, 0xfd, 0xff, 0xfe, 0xfc, 0xfe, 0xfe, 0xfc, 0xfe
.byte 0xfe, 0xfc, 0xfe, 0xfd, 0xfc, 0xfe, 0xfc, 0xfa, 0xfd, 0xfd, 0xfa, 0xfd, 0xfd, 0xfa, 0xfd, 0xfc
.byte 0xfa, 0xfd, 0xfc, 0xfa, 0xfd, 0xfc, 0xf9, 0xfc, 0xfb, 0xf8, 0xfc, 0xfc, 0xf9, 0xfc, 0xfc, 0xf9
.byte 0xfc, 0xfb, 0xf8, 0xfc, 0xfb, 0xf8, 0xfc, 0xfc, 0xf9, 0xfc, 0xfc, 0xf9, 0xfd, 0xfc, 0xf9, 0xfc
.byte 0xff, 0xff, 0xff, 0x00, 0x00, 0x00, 0x00, 0x00, 0x00, 0x00, 0x00, 0x00, 0x00, 0x00, 0x00, 0x00
.byte 0x00, 0x00, 0x00, 0x00, 0x00, 0x00, 0x00, 0x00, 0x00, 0x01, 0x00, 0x00, 0x01, 0x00, 0x01, 0x02
.byte 0x01, 0x01, 0x03, 0x02, 0x01, 0x03, 0x02, 0x01, 0x04, 0x02, 0x01, 0x05, 0x03, 0x02, 0x06, 0x03
.byte 0x03, 0x08, 0x05, 0x03, 0x08, 0x05, 0x03, 0x09, 0x05, 0x03, 0x09, 0x05, 0x04, 0x0a, 0x06, 0x04
.byte 0x0b, 0x06, 0x05, 0x0b, 0x07, 0x05, 0x0c, 0x07, 0x05, 0x0d, 0x07, 0x06, 0x0e, 0x08, 0x06, 0x0f
.byte 0x08, 0x07, 0x10, 0x09, 0x08, 0x12, 0x0a, 0x07, 0x13, 0x0b, 0x08, 0x14, 0x0c, 0x08, 0x15, 0x0c
.byte 0x07, 0x12, 0x0a, 0x04, 0x0d, 0x07, 0x00, 0x00, 0x00, 0x00, 0x00, 0x00, 0x00, 0x00, 0x00, 0x00
.byte 0x00, 0x00, 0x00, 0x00, 0x00, 0x00, 0x00, 0x00, 0x00, 0x00, 0x00, 0x00, 0x00, 0x00, 0x00, 0x00
.byte 0x00, 0x00, 0x00, 0x00, 0x00, 0x00, 0x00, 0x00, 0x00, 0x00, 0x00, 0x00, 0x00, 0x00, 0x00, 0x00
.byte 0x00, 0x00, 0x00, 0x00, 0x00, 0x00, 0x00, 0x00, 0x00, 0x00, 0x00, 0x00, 0x00, 0x00, 0x00, 0x00
.byte 0x00, 0x00, 0x00, 0x00, 0x00, 0x00, 0x00, 0x00, 0x00, 0x00, 0x00, 0x00, 0x00, 0x00, 0x00, 0x00
.byte 0x00, 0x00, 0x00, 0x00, 0x00, 0x00, 0x00, 0x00, 0x00, 0x00, 0x00, 0x00, 0x00, 0x00, 0x00, 0x00
.byte 0x00, 0x00, 0x00, 0x00, 0x00, 0x00, 0x00, 0x00, 0x00, 0x00, 0x00, 0x00, 0x00, 0x00, 0x00, 0x00
.byte 0x00, 0x00, 0x00, 0x00, 0x00, 0x00, 0x00, 0x00, 0x00, 0x00, 0x00, 0x00, 0x00, 0x00, 0x00, 0x00
.byte 0x00, 0x00, 0x00, 0x00, 0x00, 0x00, 0x00, 0x00, 0x00, 0x00, 0x00, 0x00, 0x00, 0x00, 0x00, 0x00
.byte 0x00, 0x00, 0x00, 0x00, 0x00, 0x00, 0x00, 0x00, 0x00, 0x00, 0x00, 0x00, 0x00, 0x00, 0x00, 0x00
.byte 0x00, 0x00, 0x00, 0x00, 0x00, 0x00, 0xff, 0x00, 0xff, 0xfe, 0xff, 0xff, 0xfe, 0xff, 0xff, 0xfe
.byte 0xff, 0xfe, 0xfd, 0xff, 0xfe, 0xfd, 0xff, 0xfe, 0xfc, 0xfe, 0xfe, 0xfc, 0xfe, 0xfe, 0xfc, 0xfe
.byte 0xfe, 0xfc, 0xfe, 0xfe, 0xfc, 0xfe, 0xfd, 0xfb, 0xfe, 0xfd, 0xfb, 0xfd, 0xfc, 0xfa, 0xfd, 0xfc
.byte 0xf9, 0xfc, 0xfc, 0xf9, 0xfc, 0xfc, 0xf9, 0xfc, 0xfb, 0xf8, 0xfb, 0xfc, 0xf9, 0xfc, 0xfc, 0xf9
.byte 0xfc, 0xfd, 0xfa, 0xfd, 0xfd, 0xfa, 0xfd, 0xfd, 0xfa, 0xfd, 0xff, 0xfd, 0xff, 0x00, 0x00, 0x00
.byte 0x00, 0x00, 0x00, 0x00, 0x00, 0x00, 0x00, 0x00, 0x00, 0x00, 0x00, 0x00, 0x00, 0x00, 0x00, 0x00
.byte 0x01, 0x00, 0x00, 0x01, 0x01, 0x00, 0x02, 0x01, 0x01, 0x02, 0x02, 0x01, 0x03, 0x02, 0x01, 0x04
.byte 0x02, 0x02, 0x05, 0x03, 0x02, 0x06, 0x04, 0x03, 0x07, 0x04, 0x03, 0x08, 0x05, 0x03, 0x09, 0x05
.byte 0x04, 0x09, 0x05, 0x04, 0x0a, 0x06, 0x04, 0x0b, 0x06, 0x04, 0x0b, 0x06, 0x05, 0x0c, 0x07, 0x05
.byte 0x0d, 0x07, 0x06, 0x0d, 0x08, 0x06, 0x0e, 0x08, 0x07, 0x10, 0x09, 0x06, 0x11, 0x0a, 0x07, 0x13
.byte 0x0b, 0x07, 0x12, 0x0a, 0x06, 0x10, 0x09, 0x04, 0x0b, 0x06, 0x00, 0x00, 0x00, 0x00, 0x00, 0x00
.byte 0x00, 0x00, 0x00, 0x00, 0x00, 0x00, 0x00, 0x00, 0x00, 0x00, 0x00, 0x00, 0x00, 0x00, 0x00, 0x00
.byte 0x00, 0x00, 0x00, 0x00, 0x00, 0x00, 0x00, 0x00, 0x00, 0x00, 0x00, 0x00, 0x00, 0x00, 0x00, 0x00
.byte 0x00, 0x00, 0x00, 0x00, 0x00, 0x00, 0x00, 0x00, 0x00, 0x00, 0x00, 0x00, 0x00, 0x00, 0x00, 0x00
.byte 0x00, 0x00, 0x00, 0x00, 0x00, 0x00, 0x00, 0x00, 0x00, 0x00, 0x00, 0x00, 0x00, 0x00, 0x00, 0x00
.byte 0x00, 0x00, 0x00, 0x00, 0x00, 0x00, 0x00, 0x00, 0x00, 0x00, 0x00, 0x00, 0x00, 0x00, 0x00, 0x00
.byte 0x00, 0x00, 0x00, 0x00, 0x00, 0x00, 0x00, 0x00, 0x00, 0x00, 0x00, 0x00, 0x00, 0x00, 0x00, 0x00
.byte 0x00, 0x00, 0x00, 0x00, 0x00, 0x00, 0x00, 0x00, 0x00, 0x00, 0x00, 0x00, 0x00, 0x00, 0x00, 0x00
.byte 0x00, 0x00, 0x00, 0x00, 0x00, 0x00, 0x00, 0x00, 0x00, 0x00, 0x00, 0x00, 0x00, 0x00, 0x00, 0x00
.byte 0x00, 0x00, 0x00, 0x00, 0x00, 0x00, 0x00, 0x00, 0x00, 0x00, 0x00, 0x00, 0x00, 0x00, 0x00, 0x00
.byte 0x00, 0x00, 0x00, 0x00, 0x00, 0x00, 0x00, 0x00, 0x00, 0x00, 0x00, 0x00, 0x00, 0x00, 0x00, 0x00
.byte 0x00, 0x00, 0xff, 0xff, 0xff, 0xff, 0xfe, 0xff, 0xff, 0xfe, 0xff, 0xfe, 0xfe, 0xff, 0xfe, 0xfd
.byte 0xff, 0xfe, 0xfc, 0xfe, 0xfe, 0xfc, 0xfe, 0xfe, 0xfc, 0xfe, 0xfe, 0xfc, 0xfe, 0xfe, 0xfb, 0xfe
.byte 0xfd, 0xfa, 0xfe, 0xfd, 0xfa, 0xfe, 0xfd, 0xfa, 0xfd, 0xfd, 0xfa, 0xfd, 0xfc, 0xf9, 0xfc, 0xfc
.byte 0xf9, 0xfc, 0xfc, 0xf9, 0xfc, 0xfc, 0xf9, 0xfc, 0xfc, 0xf9, 0xfc, 0xfc, 0xf9, 0xfc, 0xfc, 0xfa
.byte 0xfd, 0xfc, 0xfa, 0xfd, 0xfc, 0xfa, 0xfd, 0x00, 0x00, 0x00, 0x00, 0x00, 0x00, 0x00, 0x00, 0x00
.byte 0x00, 0x00, 0x00, 0x00, 0x00, 0x00, 0x00, 0x00, 0x00, 0x00, 0x01, 0x01, 0x01, 0x02, 0x01, 0x01
.byte 0x02, 0x02, 0x01, 0x04, 0x02, 0x01, 0x04, 0x02, 0x02, 0x04, 0x02, 0x02, 0x06, 0x04, 0x03, 0x07
.byte 0x04, 0x03, 0x09, 0x05, 0x04, 0x0a, 0x05, 0x04, 0x0a, 0x06, 0x04, 0x09, 0x06, 0x04, 0x0a, 0x06
.byte 0x04, 0x0a, 0x06, 0x05, 0x0b, 0x07, 0x04, 0x0c, 0x07, 0x04, 0x0c, 0x07, 0x05, 0x0d, 0x08, 0x05
.byte 0x0f, 0x09, 0x06, 0x10, 0x09, 0x06, 0x10, 0x09, 0x05, 0x0f, 0x08, 0x01, 0x03, 0x02, 0x00, 0x00
.byte 0x00, 0x00, 0x00, 0x00, 0x00, 0x00, 0x00, 0x00, 0x00, 0x00, 0x00, 0x00, 0x00, 0x00, 0x00, 0x00
.byte 0x00, 0x00, 0x00, 0x00, 0x00, 0x00, 0x00, 0x00, 0x00, 0x00, 0x00, 0x00, 0x00, 0x00, 0x00, 0x00
.byte 0x00, 0x00, 0x00, 0x00, 0x00, 0x00, 0x00, 0x00, 0x00, 0x00, 0x00, 0x00, 0x00, 0x00, 0x00, 0x00
.byte 0x00, 0x00, 0x00, 0x00, 0x00, 0x00, 0x00, 0x00, 0x00, 0x00, 0x00, 0x00, 0x00, 0x00, 0x00, 0x00
.byte 0x00, 0x00, 0x00, 0x00, 0x00, 0x00, 0x00, 0x00, 0x00, 0x00, 0x00, 0x00, 0x00, 0x00, 0x00, 0x00
.byte 0x00, 0x00, 0x00, 0x00, 0x00, 0x00, 0x00, 0x00, 0x00, 0x00, 0x00, 0x00, 0x00, 0x00, 0x00, 0x00
.byte 0x00, 0x00, 0x00, 0x00, 0x00, 0x00, 0x00, 0x00, 0x00, 0x00, 0x00, 0x00, 0x00, 0x00, 0x00, 0x00
.byte 0x00, 0x00, 0x00, 0x00, 0x00, 0x00, 0x00, 0x00, 0x00, 0x00, 0x00, 0x00, 0x00, 0x00, 0x00, 0x00
.byte 0x00, 0x00, 0x00, 0x00, 0x00, 0x00, 0x00, 0x00, 0x00, 0x00, 0x00, 0x00, 0x00, 0x00, 0x00, 0x00
.byte 0x00, 0x00, 0x00, 0x00, 0x00, 0x00, 0x00, 0x00, 0x00, 0x00, 0x00, 0x00, 0x00, 0x00, 0x00, 0x00
.byte 0x00, 0x00, 0x00, 0x00, 0x00, 0x00, 0x00, 0x00, 0x00, 0x00, 0x00, 0x00, 0x00, 0x00, 0x00, 0xfe
.byte 0xfe, 0xff, 0xfe, 0xfe, 0xff, 0xfe, 0xfd, 0xff, 0xfe, 0xfd, 0xff, 0xfe, 0xfc, 0xfe, 0xfe, 0xfc
.byte 0xfe, 0xfe, 0xfc, 0xfe, 0xfd, 0xfb, 0xfd, 0xfd, 0xfb, 0xfd, 0xfd, 0xfb, 0xfd, 0xfc, 0xfb, 0xfd
.byte 0xfc, 0xfb, 0xfd, 0xfc, 0xfa, 0xfd, 0xfb, 0xf8, 0xfc, 0xfb, 0xf8, 0xfc, 0xfb, 0xf8, 0xfc, 0xfb
.byte 0xf8, 0xfc, 0xfb, 0xf8, 0xfc, 0xfb, 0xf8, 0xfc, 0xfc, 0xfa, 0xfc, 0xfc, 0xfa, 0xfd, 0xfc, 0xf9
.byte 0xfc, 0xff, 0xff, 0xff, 0x00, 0x00, 0x00, 0x00, 0x00, 0x00, 0x00, 0x00, 0x00, 0x00, 0x00, 0x00
.byte 0x00, 0x01, 0x01, 0x01, 0x02, 0x01, 0x01, 0x02, 0x02, 0x01, 0x02, 0x02, 0x01, 0x04, 0x02, 0x02
.byte 0x06, 0x03, 0x02, 0x06, 0x03, 0x02, 0x06, 0x04, 0x03, 0x09, 0x05, 0x04, 0x0a, 0x06, 0x04, 0x0a
.byte 0x06, 0x04, 0x0b, 0x06, 0x03, 0x0a, 0x06, 0x04, 0x0b, 0x07, 0x04, 0x0b, 0x07, 0x04, 0x0c, 0x07
.byte 0x04, 0x0d, 0x07, 0x05, 0x0d, 0x07, 0x05, 0x0d, 0x07, 0x05, 0x0e, 0x08, 0x03, 0x0a, 0x06, 0x00
.byte 0x00, 0x00, 0x00, 0x00, 0x00, 0x00, 0x00, 0x00, 0x00, 0x00, 0x00, 0x00, 0x00, 0x00, 0x00, 0x00
.byte 0x00, 0x00, 0x00, 0x00, 0x00, 0x00, 0x00, 0x00, 0x00, 0x00, 0x00, 0x00, 0x00, 0x00, 0x00, 0x00
.byte 0x00, 0x00, 0x00, 0x00, 0x00, 0x00, 0x00, 0x00, 0x00, 0x00, 0x00, 0x00, 0x00, 0x00, 0x00, 0x00
.byte 0x00, 0x00, 0x00, 0x00, 0x00, 0x00, 0x00, 0x00, 0x00, 0x00, 0x00, 0x00, 0x00, 0x00, 0x00, 0x00
.byte 0x00, 0x00, 0x00, 0x00, 0x00, 0x00, 0x00, 0x00, 0x00, 0x00, 0x00, 0x00, 0x00, 0x00, 0x00, 0x00
.byte 0x00, 0x00, 0x00, 0x00, 0x00, 0x00, 0x00, 0x00, 0x00, 0x00, 0x00, 0x00, 0x00, 0x00, 0x00, 0x00
.byte 0x00, 0x00, 0x00, 0x00, 0x00, 0x00, 0x00, 0x00, 0x00, 0x00, 0x00, 0x00, 0x00, 0x00, 0x00, 0x00
.byte 0x00, 0x00, 0x00, 0x00, 0x00, 0x00, 0x00, 0x00, 0x00, 0x00, 0x00, 0x00, 0x00, 0x00, 0x00, 0x00
.byte 0x00, 0x00, 0x00, 0x00, 0x00, 0x00, 0x00, 0x00, 0x00, 0x00, 0x00, 0x00, 0x00, 0x00, 0x00, 0x00
.byte 0x00, 0x00, 0x00, 0x00, 0x00, 0x00, 0x00, 0x00, 0x00, 0x00, 0x00, 0x00, 0x00, 0x00, 0x00, 0x00
.byte 0x00, 0x00, 0x00, 0x00, 0x00, 0x00, 0x00, 0x00, 0x00, 0x00, 0x00, 0x00, 0x00, 0x00, 0x00, 0x00
.byte 0x00, 0x00, 0x00, 0x00, 0x00, 0x00, 0x00, 0x00, 0x00, 0x00, 0x00, 0x00, 0xff, 0xfe, 0xff, 0xff
.byte 0xfe, 0xfe, 0xff, 0xfe, 0xfe, 0xfe, 0xfd, 0xfe, 0xfe, 0xfc, 0xfe, 0xfe, 0xfc, 0xfe, 0xfd, 0xfc
.byte 0xfe, 0xfd, 0xfb, 0xfd, 0xfd, 0xfb, 0xfd, 0xfc, 0xfb, 0xfd, 0xfc, 0xfb, 0xfd, 0xfc, 0xfa, 0xfd
.byte 0xfc, 0xfa, 0xfd, 0xfc, 0xfa, 0xfd, 0xfc, 0xf8, 0xfc, 0xfb, 0xf8, 0xfc, 0xfc, 0xf9, 0xfc, 0xfc
.byte 0xfa, 0xfd, 0xfc, 0xfa, 0xfd, 0xfc, 0xf9, 0xfc, 0xfc, 0xf9, 0xfc, 0xfc, 0xf9, 0xfc, 0xff, 0xff
.byte 0xff, 0x00, 0x00, 0x00, 0x00, 0x00, 0x00, 0x00, 0x01, 0x01, 0x00, 0x02, 0x01, 0x01, 0x02, 0x01
.byte 0x01, 0x03, 0x02, 0x02, 0x04, 0x02, 0x02, 0x05, 0x02, 0x02, 0x06, 0x03, 0x02, 0x05, 0x04, 0x03
.byte 0x07, 0x04, 0x04, 0x08, 0x05, 0x03, 0x09, 0x06, 0x03, 0x0a, 0x06, 0x03, 0x0a, 0x06, 0x04, 0x0b
.byte 0x07, 0x04, 0x0b, 0x07, 0x04, 0x0c, 0x07, 0x04, 0x0c, 0x07, 0x04, 0x0c, 0x07, 0x02, 0x06, 0x04
.byte 0x00, 0x00, 0x00, 0x00, 0x00, 0x00, 0x00, 0x00, 0x00, 0x00, 0x00, 0x00, 0x00, 0x00, 0x00, 0x00
.byte 0x00, 0x00, 0x00, 0x00, 0x00, 0x00, 0x00, 0x00, 0x00, 0x00, 0x00, 0x00, 0x00, 0x00, 0x00, 0x00
.byte 0x00, 0x00, 0x00, 0x00, 0x00, 0x00, 0x00, 0x00, 0x00, 0x00, 0x00, 0x00, 0x00, 0x00, 0x00, 0x00
.byte 0x00, 0x00, 0x00, 0x00, 0x00, 0x00, 0x00, 0x00, 0x00, 0x00, 0x00, 0x00, 0x00, 0x00, 0x00, 0x00
.byte 0x00, 0x00, 0x00, 0x00, 0x00, 0x00, 0x00, 0x00, 0x00, 0x00, 0x00, 0x00, 0x00, 0x00, 0x00, 0x00
.byte 0x00, 0x00, 0x00, 0x00, 0x00, 0x00, 0x00, 0x00, 0x00, 0x00, 0x00, 0x00, 0x00, 0x00, 0x00, 0x00
.byte 0x00, 0x00, 0x00, 0x00, 0x00, 0x00, 0x00, 0x00, 0x00, 0x00, 0x00, 0x00, 0x00, 0x00, 0x00, 0x00
.byte 0x00, 0x00, 0x00, 0x00, 0x00, 0x00, 0x00, 0x00, 0x00, 0x00, 0x00, 0x00, 0x00, 0x00, 0x00, 0x00
.byte 0x00, 0x00, 0x00, 0x00, 0x00, 0x00, 0x00, 0x00, 0x00, 0x00, 0x00, 0x00, 0x00, 0x00, 0x00, 0x00
.byte 0x00, 0x00, 0x00, 0x00, 0x00, 0x00, 0x00, 0x00, 0x00, 0x00, 0x00, 0x00, 0x00, 0x00, 0x00, 0x00
.byte 0x00, 0x00, 0x00, 0x00, 0x00, 0x00, 0x00, 0x00, 0x00, 0x00, 0x00, 0x00, 0x00, 0x00, 0x00, 0x00
.byte 0x00, 0x00, 0x00, 0x00, 0x00, 0x00, 0x00, 0x00, 0x00, 0x00, 0x00, 0x00, 0x00, 0x00, 0x00, 0x00
.byte 0x00, 0x00, 0x00, 0x00, 0x00, 0x00, 0x00, 0x00, 0x00, 0x00, 0x00, 0x00, 0xfe, 0xfe, 0xff, 0xfe
.byte 0xfd, 0xff, 0xfe, 0xfd, 0xff, 0xfe, 0xfd, 0xfe, 0xfe, 0xfc, 0xfe, 0xfe, 0xfc, 0xfe, 0xfe, 0xfb
.byte 0xfe, 0xfd, 0xfa, 0xfd, 0xfc, 0xfa, 0xfd, 0xfc, 0xfa, 0xfd, 0xfc, 0xfa, 0xfd, 0xfc, 0xfa, 0xfd
.byte 0xfc, 0xfa, 0xfd, 0xfd, 0xfa, 0xfd, 0xfd, 0xfa, 0xfd, 0xfc, 0xfa, 0xfd, 0xfc, 0xfa, 0xfd, 0xfd
.byte 0xfa, 0xfd, 0xfd, 0xfa, 0xfd, 0xfd, 0xfa, 0xfd, 0xfd, 0xfb, 0xfd, 0xff, 0xff, 0x00, 0x00, 0x00
.byte 0x00, 0x01, 0x02, 0x01, 0x00, 0x01, 0x01, 0x00, 0x01, 0x01, 0x01, 0x03, 0x02, 0x02, 0x04, 0x02
.byte 0x02, 0x05, 0x03, 0x02, 0x06, 0x04, 0x02, 0x06, 0x04, 0x03, 0x07, 0x04, 0x02, 0x06, 0x04, 0x03
.byte 0x09, 0x05, 0x03, 0x0a, 0x06, 0x04, 0x0b, 0x06, 0x04, 0x0b, 0x06, 0x01, 0x04, 0x02, 0x00, 0x00
.byte 0x00, 0x00, 0x00, 0x00, 0x00, 0x00, 0x00, 0x00, 0x00, 0x00, 0x00, 0x00, 0x00, 0x00, 0x00, 0x00
.byte 0x00, 0x00, 0x00, 0x00, 0x00, 0x00, 0x00, 0x00, 0x00, 0x00, 0x00, 0x00, 0x00, 0x00, 0x00, 0x00
.byte 0x00, 0x00, 0x00, 0x00, 0x00, 0x00, 0x00, 0x00, 0x00, 0x00, 0x00, 0x00, 0x00, 0x00, 0x00, 0x00
.byte 0x00, 0x00, 0x00, 0x00, 0x00, 0x00, 0x00, 0x00, 0x00, 0x00, 0x00, 0x00, 0x00, 0x00, 0x00, 0x00
.byte 0x00, 0x00, 0x00, 0x00, 0x00, 0x00, 0x00, 0x00, 0x00, 0x00, 0x00, 0x00, 0x00, 0x00, 0x00, 0x00
.byte 0x00, 0x00, 0x00, 0x00, 0x00, 0x00, 0x00, 0x00, 0x00, 0x00, 0x00, 0x00, 0x00, 0x00, 0x00, 0x00
.byte 0x00, 0x00, 0x00, 0x00, 0x00, 0x00, 0x00, 0x00, 0x00, 0x00, 0x00, 0x00, 0x00, 0x00, 0x00, 0x00
.byte 0x00, 0x00, 0x00, 0x00, 0x00, 0x00, 0x00, 0x00, 0x00, 0x00, 0x00, 0x00, 0x00, 0x00, 0x00, 0x00
.byte 0x00, 0x00, 0x00, 0x00, 0x00, 0x00, 0x00, 0x00, 0x00, 0x00, 0x00, 0x00, 0x00, 0x00, 0x00, 0x00
.byte 0x00, 0x00, 0x00, 0x00, 0x00, 0x00, 0x00, 0x00, 0x00, 0x00, 0x00, 0x00, 0x00, 0x00, 0x00, 0x00
.byte 0x00, 0x00, 0x00, 0x00, 0x00, 0x00, 0x00, 0x00, 0x00, 0x00, 0x00, 0x00, 0x00, 0x00, 0x00, 0x00
.byte 0x00, 0x00, 0x00, 0x00, 0x00, 0x00, 0x00, 0x00, 0x00, 0x00, 0x00, 0x00, 0x00, 0x00, 0x00, 0x00
.byte 0x00, 0x00, 0x00, 0x00, 0x00, 0x00, 0x00, 0x00, 0x00, 0x00, 0x00, 0x00, 0x00, 0x00, 0x00, 0x00
.byte 0x00, 0x00, 0x00, 0x00, 0x00, 0x00, 0x00, 0x00, 0x00, 0x00, 0x00, 0x00, 0xfe, 0xfd, 0xff, 0xfe
.byte 0xfc, 0xfe, 0xfe, 0xfc, 0xfe, 0xfe, 0xfc, 0xfe, 0xfd, 0xfa, 0xfd, 0xfe, 0xfc, 0xfe, 0xfd, 0xfa
.byte 0xfd, 0xfd, 0xfb, 0xfd, 0xfd, 0xfa, 0xfd, 0xfd, 0xfb, 0xfd, 0xfd, 0xfa, 0xfd, 0xfd, 0xfa, 0xfd
.byte 0xfd, 0xfa, 0xfd, 0xfd, 0xfa, 0xfd, 0xfc, 0xf9, 0xfc, 0xfd, 0xfa, 0xfd, 0xfd, 0xfb, 0xfd, 0xfd
.byte 0xfb, 0xfe, 0xfd, 0xfa, 0xfe, 0xfe, 0xfb, 0xfe, 0xfe, 0xfc, 0xfe, 0xfd, 0xfa, 0xfe, 0xfe, 0xfc
.byte 0xff, 0x00, 0x00, 0x00, 0x00, 0x00, 0x00, 0x00, 0x00, 0x00, 0x00, 0x00, 0x00, 0x00, 0x00, 0x00
.byte 0x00, 0x00, 0x00, 0x00, 0x00, 0x00, 0x00, 0x00, 0x00, 0x00, 0x00, 0x00, 0xfe, 0xfe, 0xff, 0xfe
.byte 0xfe, 0xff, 0x00, 0xff, 0x00, 0x00, 0xff, 0x00, 0x00, 0xff, 0x00, 0x00, 0x00, 0x00, 0x00, 0x00
.byte 0x00, 0x00, 0x00, 0x00, 0x00, 0x00, 0x00, 0x00, 0x00, 0x00, 0x00, 0x00, 0x00, 0x00, 0x00, 0x00
.byte 0x00, 0x00, 0x00, 0x00, 0x00, 0x00, 0x00, 0x00, 0x00, 0x00, 0x00, 0x00, 0x00, 0x00, 0x00, 0x00
.byte 0x00, 0x00, 0x00, 0x00, 0x00, 0x00, 0x00, 0x00, 0x00, 0x00, 0x00, 0x00, 0x00, 0x00, 0x00, 0x00
.byte 0x00, 0x00, 0x00, 0x00, 0x00, 0x00, 0x00, 0x00, 0x00, 0x00, 0x00, 0x00, 0x00, 0x00, 0x00, 0x00
.byte 0x00, 0x00, 0x00, 0x00, 0x00, 0x00, 0x00, 0x00, 0x00, 0x00, 0x00, 0x00, 0x00, 0x00, 0x00, 0x00
.byte 0x00, 0x00, 0x00, 0x00, 0x00, 0x00, 0x00, 0x00, 0x00, 0x00, 0x00, 0x00, 0x00, 0x00, 0x00, 0x00
.byte 0x00, 0x00, 0x00, 0x00, 0x00, 0x00, 0x00, 0x00, 0x00, 0x00, 0x00, 0x00, 0x00, 0x00, 0x00, 0x00
.byte 0x00, 0x00, 0x00, 0x00, 0x00, 0x00, 0x00, 0x00, 0x00, 0x00, 0x00, 0x00, 0x00, 0x00, 0x00, 0x00
.byte 0x00, 0x00, 0x00, 0x00, 0x00, 0x00, 0x00, 0x00, 0x00, 0x00, 0x00, 0x00, 0x00, 0x00, 0x00, 0x00
.byte 0x00, 0x00, 0x00, 0x00, 0x00, 0x00, 0x00, 0x00, 0x00, 0x00, 0x00, 0x00, 0x00, 0x00, 0x00, 0x00
.byte 0x00, 0x00, 0x00, 0x00, 0x00, 0x00, 0x00, 0x00, 0x00, 0x00, 0x00, 0x00, 0x00, 0x00, 0x00, 0x00
.byte 0x00, 0x00, 0x00, 0x00, 0x00, 0x00, 0x00, 0x00, 0x00, 0x00, 0x00, 0x00, 0x00, 0x00, 0x00, 0x00
.byte 0x00, 0x00, 0x00, 0x00, 0x00, 0x00, 0x00, 0x00, 0x00, 0x00, 0x00, 0x00, 0x00, 0x00, 0x00, 0x00
.byte 0x00, 0x00, 0x00, 0x00, 0x00, 0x00, 0x00, 0x00, 0x00, 0xfe, 0xfc, 0xfe, 0xfe, 0xfc, 0xfe, 0xfe
.byte 0xfc, 0xfe, 0xfe, 0xfc, 0xfe, 0xfe, 0xfb, 0xfe, 0xfd, 0xfa, 0xfe, 0xfd, 0xfa, 0xfe, 0xfd, 0xfa
.byte 0xfe, 0xfd, 0xfa, 0xfd, 0xfd, 0xfa, 0xfd, 0xfd, 0xfa, 0xfd, 0xfd, 0xfa, 0xfd, 0xfc, 0xfa, 0xfd
.byte 0xfc, 0xfa, 0xfd, 0xfc, 0xfa, 0xfe, 0xfd, 0xfa, 0xfe, 0xfd, 0xfc, 0xfe, 0xfd, 0xfc, 0xfe, 0xfd
.byte 0xfc, 0xfe, 0xfd, 0xfb, 0xfd, 0xfd, 0xfc, 0xfe, 0xfd, 0xfc, 0xfe, 0xfe, 0xfc, 0xfe, 0xfe, 0xfe
.byte 0xfe, 0xff, 0xfe, 0xff, 0xff, 0xff, 0xff, 0x00, 0xff, 0x00, 0x00, 0xff, 0x00, 0x00, 0x00, 0x00
.byte 0x00, 0xff, 0x00, 0xff, 0xff, 0xff, 0xff, 0xff, 0xff, 0xff, 0xff, 0xff, 0xff, 0xff, 0xff, 0xff
.byte 0xff, 0xff, 0x00, 0xff, 0x00, 0x00, 0x00, 0x00, 0x00, 0x00, 0x00, 0x00, 0x00, 0x00, 0x00, 0x00
.byte 0x00, 0x00, 0x00, 0x00, 0x00, 0x00, 0x00, 0x00, 0x00, 0x00, 0x00, 0x00, 0x00, 0x00, 0x00, 0x00
.byte 0x00, 0x00, 0x00, 0x00, 0x00, 0x00, 0x00, 0x00, 0x00, 0x00, 0x00, 0x00, 0x00, 0x00, 0x00, 0x00
.byte 0x00, 0x00, 0x00, 0x00, 0x00, 0x00, 0x00, 0x00, 0x00, 0x00, 0x00, 0x00, 0x00, 0x00, 0x00, 0x00
.byte 0x00, 0x00, 0x00, 0x00, 0x00, 0x00, 0x00, 0x00, 0x00, 0x00, 0x00, 0x00, 0x00, 0x00, 0x00, 0x00
.byte 0x00, 0x00, 0x00, 0x00, 0x00, 0x00, 0x00, 0x00, 0x00, 0x00, 0x00, 0x00, 0x00, 0x00, 0x00, 0x00
.byte 0x00, 0x00, 0x00, 0x00, 0x00, 0x00, 0x00, 0x00, 0x00, 0x00, 0x00, 0x00, 0x00, 0x00, 0x00, 0x00
.byte 0x00, 0x00, 0x00, 0x00, 0x00, 0x00, 0x00, 0x00, 0x00, 0x00, 0x00, 0x00, 0x00, 0x00, 0x00, 0x00
.byte 0x00, 0x00, 0x00, 0x00, 0x00, 0x00, 0x00, 0x00, 0x00, 0x00, 0x00, 0x00, 0x00, 0x00, 0x00, 0x00
.byte 0x00, 0x00, 0x00, 0x00, 0x00, 0x00, 0x00, 0x00, 0x00, 0x00, 0x00, 0x00, 0x00, 0x00, 0x00, 0x00
.byte 0x00, 0x00, 0x00, 0x00, 0x00, 0x00, 0x00, 0x00, 0x00, 0x00, 0x00, 0x00, 0x00, 0x00, 0x00, 0x00
.byte 0x00, 0x00, 0x00, 0x00, 0x00, 0x00, 0x00, 0x00, 0x00, 0x00, 0x00, 0x00, 0x00, 0x00, 0x00, 0x00
.byte 0x00, 0x00, 0x00, 0x00, 0x00, 0x00, 0x00, 0x00, 0x00, 0x00, 0x00, 0x00, 0x00, 0x00, 0x00, 0x00
.byte 0x00, 0x00, 0x00, 0x00, 0x00, 0x00, 0x00, 0x00, 0x00, 0x00, 0x00, 0x00, 0x00, 0x00, 0x00, 0x00
.byte 0x00, 0x00, 0x00, 0x00, 0x00, 0x00, 0x00, 0x00, 0x00, 0x00, 0x00, 0x00, 0xfe, 0xfc, 0xfe, 0xfe
.byte 0xfc, 0xfe, 0xfe, 0xfc, 0xfe, 0xfe, 0xfc, 0xfe, 0xfd, 0xfc, 0xfe, 0xfd, 0xfb, 0xfe, 0xfd, 0xfb
.byte 0xfe, 0xfd, 0xfb, 0xfe, 0xfd, 0xfa, 0xfe, 0xfd, 0xfb, 0xfe, 0xfd, 0xfb, 0xfe, 0xfd, 0xfb, 0xfe
.byte 0xfd, 0xfc, 0xfe, 0xfd, 0xfc, 0xfe, 0xfd, 0xfc, 0xfe, 0xfe, 0xfc, 0xfe, 0xfe, 0xfc, 0xfe, 0xfe
.byte 0xfc, 0xfe, 0xfe, 0xfd, 0xfe, 0xfe, 0xfe, 0xfe, 0xfe, 0xfe, 0xfe, 0xfe, 0xfe, 0xfe, 0xff, 0xfe
.byte 0xff, 0xff, 0xfe, 0xff, 0x00, 0xff, 0x00, 0xff, 0xff, 0xff, 0x00, 0xff, 0x00, 0x00, 0x00, 0x00
.byte 0x00, 0x00, 0x00, 0x00, 0x00, 0x00, 0x00, 0x00, 0x00, 0x00, 0x00, 0x00, 0x00, 0x00, 0x00, 0x00
.byte 0x00, 0x00, 0x00, 0x00, 0x00, 0x00, 0x00, 0x00, 0x00, 0x00, 0x00, 0x00, 0x00, 0x00, 0x00, 0x00
.byte 0x00, 0x00, 0x00, 0x00, 0x00, 0x00, 0x00, 0x00, 0x00, 0x00, 0x00, 0x00, 0x00, 0x00, 0x00, 0x00
.byte 0x00, 0x00, 0x00, 0x00, 0x00, 0x00, 0x00, 0x00, 0x00, 0x00, 0x00, 0x00, 0x00, 0x00, 0x00, 0x00
.byte 0x00, 0x00, 0x00, 0x00, 0x00, 0x00, 0x00, 0x00, 0x00, 0x00, 0x00, 0x00, 0x00, 0x00, 0x00, 0x00
.byte 0x00, 0x00, 0x00, 0x00, 0x00, 0x00, 0x00, 0x00, 0x00, 0x00, 0x00, 0x00, 0x00, 0x00, 0x00, 0x00
.byte 0x00, 0x00, 0x00, 0x00, 0x00, 0x00, 0x00, 0x00, 0x00, 0x00, 0x00, 0x00, 0x00, 0x00, 0x00, 0x00
.byte 0x00, 0x00, 0x00, 0x00, 0x00, 0x00, 0x00, 0x00, 0x00, 0x00, 0x00, 0x00, 0x00, 0x00, 0x00, 0x00
.byte 0x00, 0x00, 0x00, 0x00, 0x00, 0x00, 0x00, 0x00, 0x00, 0x00, 0x00, 0x00, 0x00, 0x00, 0x00, 0x00
.byte 0x00, 0x00, 0x00, 0x00, 0x00, 0x00, 0x00, 0x00, 0x00, 0x00, 0x00, 0x00, 0x00, 0x00, 0x00, 0x00
.byte 0x00, 0x00, 0x00, 0x00, 0x00, 0x00, 0x00, 0x00, 0x00, 0x00, 0x00, 0x00, 0x00, 0x00, 0x00, 0x00
.byte 0x00, 0x00, 0x00, 0x00, 0x00, 0x00, 0x00, 0x00, 0x00, 0x00, 0x00, 0x00, 0x00, 0x00, 0x00, 0x00
.byte 0x00, 0x00, 0x00, 0x00, 0x00, 0x00, 0x00, 0x00, 0x00, 0x00, 0x00, 0x00, 0x00, 0x00, 0x00, 0x00
.byte 0x00, 0x00, 0x00, 0x00, 0x00, 0x00, 0x00, 0x00, 0x00, 0x00, 0x00, 0x00, 0x00, 0x00, 0x00, 0x00
.byte 0x00, 0x00, 0x00, 0x00, 0x00, 0x00, 0x00, 0x00, 0x00, 0x00, 0x00, 0x00, 0x00, 0x00, 0x00, 0x00
.byte 0x00, 0x00, 0x00, 0x00, 0x00, 0x00, 0x00, 0x00, 0x00, 0x00, 0x00, 0x00, 0xfe, 0xfc, 0xfe, 0xfe
.byte 0xfc, 0xfe, 0xfe, 0xfc, 0xfe, 0xfd, 0xfc, 0xfe, 0xfd, 0xfc, 0xfe, 0xfe, 0xfc, 0xfe, 0xfe, 0xfc
.byte 0xfe, 0xfe, 0xfc, 0xfe, 0xfe, 0xfc, 0xfe, 0xfe, 0xfc, 0xfe, 0xfe, 0xfc, 0xfe, 0xfe, 0xfc, 0xfe
.byte 0xfe, 0xfc, 0xfe, 0xfe, 0xfc, 0xfe, 0xfe, 0xfd, 0xfe, 0xfe, 0xfd, 0xfe, 0xfe, 0xfd, 0xfe, 0xfe
.byte 0xfe, 0xfe, 0xff, 0xfe, 0xff, 0xfe, 0xfe, 0xfe, 0xff, 0xfe, 0xff, 0xff, 0xfe, 0xff, 0xff, 0xff
.byte 0xff, 0xff, 0xff, 0xff, 0x00, 0xff, 0x00, 0x00, 0x00, 0x00, 0x00, 0x00, 0x00, 0x00, 0x00, 0x00
.byte 0x00, 0x00, 0x00, 0x00, 0x00, 0x00, 0x00, 0x00, 0x00, 0x00, 0x00, 0x00, 0x00, 0x00, 0x00, 0x00
.byte 0x00, 0x00, 0x00, 0x00, 0x00, 0x00, 0x00, 0x00, 0x00, 0x00, 0x00, 0x00, 0x00, 0x00, 0x00, 0x00
.byte 0x00, 0x00, 0x00, 0x00, 0x00, 0x00, 0x00, 0x00, 0x00, 0x00, 0x00, 0x00, 0x00, 0x00, 0x00, 0x00
.byte 0x00, 0x00, 0x00, 0x00, 0x00, 0x00, 0x00, 0x00, 0x00, 0x00, 0x00, 0x00, 0x00, 0x00, 0x00, 0x00
.byte 0x00, 0x00, 0x00, 0x00, 0x00, 0x00, 0x00, 0x00, 0x00, 0x00, 0x00, 0x00, 0x00, 0x00, 0x00, 0x00
.byte 0x00, 0x00, 0x00, 0x00, 0x00, 0x00, 0x00, 0x00, 0x00, 0x00, 0x00, 0x00, 0x00, 0x00, 0x00, 0x00
.byte 0x00, 0x00, 0x00, 0x00, 0x00, 0x00, 0x00, 0x00, 0x00, 0x00, 0x00, 0x00, 0x00, 0x00, 0x00, 0x00
.byte 0x00, 0x00, 0x00, 0x00, 0x00, 0x00, 0x00, 0x00, 0x00, 0x00, 0x00, 0x00, 0x00, 0x00, 0x00, 0x00
.byte 0x00, 0x00, 0x00, 0x00, 0x00, 0x00, 0x00, 0x00, 0x00, 0x00, 0x00, 0x00, 0x00, 0x00, 0x00, 0x00
.byte 0x00, 0x00, 0x00, 0x00, 0x00, 0x00, 0x00, 0x00, 0x00, 0x00, 0x00, 0x00, 0x00, 0x00, 0x00, 0x00
.byte 0x00, 0x00, 0x00, 0x00, 0x00, 0x00, 0x00, 0x00, 0x00, 0x00, 0x00, 0x00, 0x00, 0x00, 0x00, 0x00
.byte 0x00, 0x00, 0x00, 0x00, 0x00, 0x00, 0x00, 0x00, 0x00, 0x00, 0x00, 0x00, 0x00, 0x00, 0x00, 0x00
.byte 0x00, 0x00, 0x00, 0x00, 0x00, 0x00, 0x00, 0x00, 0x00, 0x00, 0x00, 0x00, 0x00, 0x00, 0x00, 0x00
.byte 0x00, 0x00, 0x00, 0x00, 0x00, 0x00, 0x00, 0x00, 0x00, 0x00, 0x00, 0x00, 0x00, 0x00, 0x00, 0x00
.byte 0x00, 0x00, 0x00, 0x00, 0x00, 0x00, 0x00, 0x00, 0x00, 0x00, 0x00, 0x00, 0x00, 0x00, 0x00, 0x00
.byte 0x00, 0x00, 0x00, 0x00, 0x00, 0x00, 0x00, 0x00, 0x00, 0x00, 0x00, 0x00, 0x00, 0x00, 0x00, 0xfe
.byte 0xfc, 0xfe, 0xfe, 0xfc, 0xfe, 0xfe, 0xfd, 0xfe, 0xfe, 0xfd, 0xfe, 0xfe, 0xfd, 0xfe, 0xfe, 0xfd
.byte 0xfe, 0xfe, 0xfd, 0xfe, 0xfe, 0xfd, 0xfe, 0xfe, 0xfd, 0xfe, 0xfe, 0xfd, 0xfe, 0xfe, 0xfe, 0xfe
.byte 0xff, 0xfe, 0xff, 0xff, 0xfe, 0xff, 0xff, 0xfe, 0xff, 0xff, 0xfe, 0xff, 0xff, 0xff, 0xff, 0xff
.byte 0xfe, 0xff, 0xff, 0xff, 0xff, 0xff, 0xff, 0xff, 0xff, 0xff, 0xff, 0x00, 0xff, 0x00, 0x00, 0x00
.byte 0x00, 0x00, 0x00, 0x00, 0x00, 0x00, 0x00, 0x00, 0x00, 0x00, 0x00, 0x00, 0x00, 0x00, 0x00, 0x00
.byte 0x00, 0x00, 0x00, 0x00, 0x00, 0x00, 0x00, 0x00, 0x00, 0x00, 0x00, 0x00, 0x00, 0x00, 0x00, 0x00
.byte 0x00, 0x00, 0x00, 0x00, 0x00, 0x00, 0x00, 0x00, 0x00, 0x00, 0x00, 0x00, 0x00, 0x00, 0x00, 0x00
.byte 0x00, 0x00, 0x00, 0x00, 0x00, 0x00, 0x00, 0x00, 0x00, 0x00, 0x00, 0x00, 0x00, 0x00, 0x00, 0x00
.byte 0x00, 0x00, 0x00, 0x00, 0x00, 0x00, 0x00, 0x00, 0x00, 0x00, 0x00, 0x00, 0x00, 0x00, 0x00, 0x00
.byte 0x00, 0x00, 0x00, 0x00, 0x00, 0x00, 0x00, 0x00, 0x00, 0x00, 0x00, 0x00, 0x00, 0x00, 0x00, 0x00
.byte 0x00, 0x00, 0x00, 0x00, 0x00, 0x00, 0x00, 0x00, 0x00, 0x00, 0x00, 0x00, 0x00, 0x00, 0x00, 0x00
.byte 0x00, 0x00, 0x00, 0x00, 0x00, 0x00, 0x00, 0x00, 0x00, 0x00, 0x00, 0x00, 0x00, 0x00, 0x00, 0x00
.byte 0x00, 0x00, 0x00, 0x00, 0x00, 0x00, 0x00, 0x00, 0x00, 0x00, 0x00, 0x00, 0x00, 0x00, 0x00, 0x00
.byte 0x00, 0x00, 0x00, 0x00, 0x00, 0x00, 0x00, 0x00, 0x00, 0x00, 0x00, 0x00, 0x00, 0x00, 0x00, 0x00
.byte 0x00, 0x00, 0x00, 0x00, 0x00, 0x00, 0x00, 0x00, 0x00, 0x00, 0x00, 0x00, 0x00, 0x00, 0x00, 0x00
.byte 0x00, 0x00, 0x00, 0x00, 0x00, 0x00, 0x00, 0x00, 0x00, 0x00, 0x00, 0x00, 0x00, 0x00, 0x00, 0x00
.byte 0x00, 0x00, 0x00, 0x00, 0x00, 0x00, 0x00, 0x00, 0x00, 0x00, 0x00, 0x00, 0x00, 0x00, 0x00, 0x00
.byte 0x00, 0x00, 0x00, 0x00, 0x00, 0x00, 0x00, 0x00, 0x00, 0x00, 0x00, 0x00, 0x00, 0x00, 0x00, 0x00
.byte 0x00, 0x00, 0x00, 0x00, 0x00, 0x00, 0x00, 0x00, 0x00, 0x00, 0x00, 0x00, 0x00, 0x00, 0x00, 0x00
.byte 0x00, 0x00, 0x00, 0x00, 0x00, 0x00, 0x00, 0x00, 0x00, 0x00, 0x00, 0x00, 0x00, 0x00, 0x00, 0x00
.byte 0x00, 0x00, 0x00, 0x00, 0x00, 0x00, 0x00, 0x00, 0x00, 0x00, 0x00, 0x00, 0x00, 0x00, 0x00, 0x00
.byte 0x00, 0x00, 0xfe, 0xfd, 0xfe, 0xfe, 0xfd, 0xfe, 0xfe, 0xfd, 0xfe, 0xfe, 0xfd, 0xfe, 0xfe, 0xfd
.byte 0xfe, 0xfe, 0xfe, 0xfe, 0xfe, 0xfe, 0xfe, 0xff, 0xfe, 0xff, 0xff, 0xfe, 0xff, 0xff, 0xff, 0xff
.byte 0xff, 0xff, 0xff, 0xff, 0xff, 0xff, 0x00, 0xff, 0x00, 0xff, 0xff, 0xff, 0xff, 0xff, 0xff, 0xff
.byte 0xff, 0xff, 0x00, 0xff, 0x00, 0x00, 0x00, 0x00, 0x00, 0x00, 0x00, 0x00, 0x00, 0x00, 0x00, 0x00
.byte 0x00, 0x00, 0x00, 0x00, 0x00, 0x00, 0x00, 0x00, 0x00, 0x00, 0x00, 0x00, 0x00, 0x00, 0x00, 0x00
.byte 0x00, 0x00, 0x00, 0x00, 0x00, 0x00, 0x00, 0x00, 0x00, 0x00, 0x00, 0x00, 0x00, 0x00, 0x00, 0x00
.byte 0x00, 0x00, 0x00, 0x00, 0x00, 0x00, 0x00, 0x00, 0x00, 0x00, 0x00, 0x00, 0x00, 0x00, 0x00, 0x00
.byte 0x00, 0x00, 0x00, 0x00, 0x00, 0x00, 0x00, 0x00, 0x00, 0x00, 0x00, 0x00, 0x00, 0x00, 0x00, 0x00
.byte 0x00, 0x00, 0x00, 0x00, 0x00, 0x00, 0x00, 0x00, 0x00, 0x00, 0x00, 0x00, 0x00, 0x00, 0x00, 0x00
.byte 0x00, 0x00, 0x00, 0x00, 0x00, 0x00, 0x00, 0x00, 0x00, 0x00, 0x00, 0x00, 0x00, 0x00, 0x00, 0x00
.byte 0x00, 0x00, 0x00, 0x00, 0x00, 0x00, 0x00, 0x00, 0x00, 0x00, 0x00, 0x00, 0x00, 0x00, 0x00, 0x00
.byte 0x00, 0x00, 0x00, 0x00, 0x00, 0x00, 0x00, 0x00, 0x00, 0x00, 0x00, 0x00, 0x00, 0x00, 0x00, 0x00
.byte 0x00, 0x00, 0x00, 0x00, 0x00, 0x00, 0x00, 0x00, 0x00, 0x00, 0x00, 0x00, 0x00, 0x00, 0x00, 0x00
.byte 0x00, 0x00, 0x00, 0x00, 0x00, 0x00, 0x00, 0x00, 0x00, 0x00, 0x00, 0x00, 0x00, 0x00, 0x00, 0x00
.byte 0x00, 0x00, 0x00, 0x00, 0x00, 0x00, 0x00, 0x00, 0x00, 0x00, 0x00, 0x00, 0x00, 0x00, 0x00, 0x00
.byte 0x00, 0x00, 0x00, 0x00, 0x00, 0x00, 0x00, 0x00, 0x00, 0x00, 0x00, 0x00, 0x00, 0x00, 0x00, 0x00
.byte 0x00, 0x00, 0x00, 0x00, 0x00, 0x00, 0x00, 0x00, 0x00, 0x00, 0x00, 0x00, 0x00, 0x00, 0x00, 0x00
.byte 0x00, 0x00, 0x00, 0x00, 0x00, 0x00, 0x00, 0x00, 0x00, 0x00, 0x00, 0x00, 0x00, 0x00, 0x00, 0x00
.byte 0x00, 0x00, 0x00, 0x00, 0x00, 0x00, 0x00, 0x00, 0x00, 0x00, 0x00, 0x00, 0x00, 0x00, 0x00, 0x00
.byte 0x00, 0x00, 0x00, 0x00, 0x00, 0x00, 0x00, 0x00, 0x00, 0x00, 0x00, 0x00, 0x00, 0x00, 0x00, 0x00
.byte 0x00, 0x00, 0x00, 0x00, 0x00, 0x00, 0x00, 0x00, 0x00, 0x00, 0x00, 0x00, 0x00, 0x00, 0x00, 0x00
.byte 0x00, 0x00, 0x00, 0x00, 0x00, 0x00, 0x00, 0x00, 0x00, 0x00, 0x00, 0xff, 0xfe, 0xff, 0xff, 0xfe
.byte 0xff, 0xff, 0xfe, 0xff, 0xff, 0xfe, 0xff, 0xff, 0xff, 0xff, 0xff, 0xff, 0xff, 0x00, 0xff, 0x00
.byte 0x00, 0xff, 0x00, 0x00, 0xff, 0x00, 0x00, 0xff, 0x00, 0x00, 0x00, 0x00, 0x00, 0x00, 0x00, 0x00
.byte 0x00, 0x00, 0x00, 0x00, 0x00, 0x00, 0x00, 0x00, 0x00, 0x00, 0x00, 0x00, 0x00, 0x00, 0x00, 0x00
.byte 0x00, 0x00, 0x00, 0x00, 0x00, 0x00, 0x00, 0x00, 0x00, 0x00, 0x00, 0x00, 0x00, 0x00, 0x00, 0x00
.byte 0x00, 0x00, 0x00, 0x00, 0x00, 0x00, 0x00, 0x00, 0x00, 0x00, 0x00, 0x00, 0x00, 0x00, 0x00, 0x00
.byte 0x00, 0x00, 0x00, 0x00, 0x00, 0x00, 0x00, 0x00, 0x00, 0x00, 0x00, 0x00, 0x00, 0x00, 0x00, 0x00
.byte 0x00, 0x00, 0x00, 0x00, 0x00, 0x00, 0x00, 0x00, 0x00, 0x00, 0x00, 0x00, 0x00, 0x00, 0x00, 0x00
.byte 0x00, 0x00, 0x00, 0x00, 0x00, 0x00, 0x00, 0x00, 0x00, 0x00, 0x00, 0x00, 0x00, 0x00, 0x00, 0x00
.byte 0x00, 0x00, 0x00, 0x00, 0x00, 0x00, 0x00, 0x00, 0x00, 0x00, 0x00, 0x00, 0x00, 0x00, 0x00, 0x00
.byte 0x00, 0x00, 0x00, 0x00, 0x00, 0x00, 0x00, 0x00, 0x00, 0x00, 0x00, 0x00, 0x00, 0x00, 0x00, 0x00
.byte 0x00, 0x00, 0x00, 0x00, 0x00, 0x00, 0x00, 0x00, 0x00, 0x00, 0x00, 0x00, 0x00, 0x00, 0x00, 0x00
.byte 0x00, 0x00, 0x00, 0x00, 0x00, 0x00, 0x00, 0x00, 0x00, 0x00, 0x00, 0x00, 0x00, 0x00, 0x00, 0x00
.byte 0x00, 0x00, 0x00, 0x00, 0x00, 0x00, 0x00, 0x00, 0x00, 0x00, 0x00, 0x00, 0x00, 0x00, 0x00, 0x00
.byte 0x00, 0x00, 0x00, 0x00, 0x00, 0x00, 0x00, 0x00, 0x00, 0x00, 0x00, 0x00, 0x00, 0x00, 0x00, 0x00
.byte 0x00, 0x00, 0x00, 0x00, 0x00, 0x00, 0x00, 0x00, 0x00, 0x00, 0x00, 0x00, 0x00, 0x00, 0x00, 0x00
.byte 0x00, 0x00, 0x00, 0x00, 0x00, 0x00, 0x00, 0x00, 0x00, 0x00, 0x00, 0x00, 0x00, 0x00, 0x00, 0x00
.byte 0x00, 0x00, 0x00, 0x00, 0x00, 0x00, 0x00, 0x00, 0x00, 0x00, 0x00, 0x00, 0x00, 0x00, 0x00, 0x00
.byte 0x00, 0x00, 0x00, 0x00, 0x00, 0x00, 0x00, 0x00, 0x00, 0x00, 0x00, 0x00, 0x00, 0x00, 0x00, 0x00
.byte 0x00, 0x00, 0x00, 0x00, 0x00, 0x00, 0x00, 0x00, 0x00, 0x00, 0x00, 0x00, 0x00, 0x00, 0x00, 0x00
.byte 0x00, 0x00, 0x00, 0x00, 0x00, 0x00, 0x00, 0x00, 0x00, 0x00, 0x00, 0x00, 0x00, 0x00, 0x00, 0x00
.byte 0x00, 0x00, 0x00, 0x00, 0x00, 0x00, 0x00, 0x00, 0x00, 0x00, 0x00, 0x00, 0x00, 0x00, 0x00, 0x00
.byte 0x00, 0x00, 0x00, 0x00, 0x00, 0x00, 0x00, 0x00, 0x00, 0x00, 0x00, 0x00, 0x00, 0x00, 0x00, 0x00
.byte 0x00, 0x00, 0x00, 0x00, 0x00, 0x00, 0x00, 0x00, 0x00, 0x00, 0x00, 0x00, 0x00, 0x00, 0x00, 0x00
.byte 0x00, 0x00, 0x00, 0x00, 0x00, 0x00, 0x00, 0x00, 0x00, 0x00, 0x00, 0x00, 0x00, 0x00, 0x00, 0x00
.byte 0x00, 0x00, 0x00, 0x00, 0x00, 0x00, 0x00, 0x00, 0x00, 0x00, 0x00, 0x00, 0x00, 0x00, 0x00, 0x00
.byte 0x00, 0x00, 0x00, 0x00, 0x00, 0x00, 0x00, 0x00, 0x00, 0x00, 0x00, 0x00, 0x00, 0x00, 0x00, 0x00
.byte 0x00, 0x00, 0x00, 0x00, 0x00, 0x00, 0x00, 0x00, 0x00, 0x00, 0x00, 0x00, 0x00, 0x00, 0x00, 0x00
.byte 0x00, 0x00, 0x00, 0x00, 0x00, 0x00, 0x00, 0x00, 0x00, 0x00, 0x00, 0x00, 0x00, 0x00, 0x00, 0x00
.byte 0x00, 0x00, 0x00, 0x00, 0x00, 0x00, 0x00, 0x00, 0x00, 0x00, 0x00, 0x00, 0x00, 0x00, 0x00, 0x00
.byte 0x00, 0x00, 0x00, 0x00, 0x00, 0x00, 0x00, 0x00, 0x00, 0x00, 0x00, 0x00, 0x00, 0x00, 0x00, 0x00
.byte 0x00, 0x00, 0x00, 0x00, 0x00, 0x00, 0x00, 0x00, 0x00, 0x00, 0x00, 0x00, 0x00, 0x00, 0x00, 0x00
.byte 0x00, 0x00, 0x00, 0x00, 0x00, 0x00, 0x00, 0x00, 0x00, 0x00, 0x00, 0x00, 0x00, 0x00, 0x00, 0x00
.byte 0x00, 0x00, 0x00, 0x00, 0x00, 0x00, 0x00, 0x00, 0x00, 0x00, 0x00, 0x00, 0x00, 0x00, 0x00, 0x00
.byte 0x00, 0x00, 0x00, 0x00, 0x00, 0x00, 0x00, 0x00, 0x00, 0x00, 0x00, 0x00, 0x00, 0x00, 0x00, 0x00
.byte 0x00, 0x00, 0x00, 0x00, 0x00, 0x00, 0x00, 0x00, 0x00, 0x00, 0x00, 0x00, 0x00, 0x00, 0x00, 0x00
.byte 0x00, 0x00, 0x00, 0x00, 0x00, 0x00, 0x00, 0x00, 0x00, 0x00, 0x00, 0x00, 0x00, 0x00, 0x00, 0x00
.byte 0x00, 0x00, 0x00, 0x00, 0x00, 0x00, 0x00, 0x00, 0x00, 0x00, 0x00, 0x00, 0x00, 0x00, 0x00, 0x00
.byte 0x00, 0x00, 0x00, 0x00, 0x00, 0x00, 0x00, 0x00, 0x00, 0x00, 0x00, 0x00, 0x00, 0x00, 0x00, 0x00
.byte 0x00, 0x00, 0x00, 0x00, 0x00, 0x00, 0x00, 0x00, 0x00, 0x00, 0x00, 0x00, 0x00, 0x00, 0x00, 0x00
.byte 0x00, 0x00, 0x00, 0x00, 0x00, 0x00, 0x00, 0x00, 0x00, 0x00, 0x00, 0x00, 0x00, 0x00, 0x00, 0x00
.byte 0x00, 0x00, 0x00, 0x00, 0x00, 0x00, 0x00, 0x00, 0x00, 0x00, 0x00, 0x00, 0x00, 0x00, 0x00, 0x00
.byte 0x00, 0x00, 0x00, 0x00, 0x00, 0x00, 0x00, 0x00, 0x00, 0x00, 0x00, 0x00, 0x00, 0x00, 0x00, 0x00
.byte 0x00, 0x00, 0x00, 0x00, 0x00, 0x00, 0x00, 0x00, 0x00, 0x00, 0x00, 0x00, 0x00, 0x00, 0x00, 0x00
.byte 0x00, 0x00, 0x00, 0x00, 0x00, 0x00, 0x00, 0x00, 0x00, 0x00, 0x00, 0x00, 0x00, 0x00, 0x00, 0x00
.byte 0x00, 0x00, 0x00, 0x00, 0x00, 0x00, 0x00, 0x00, 0x00, 0x00, 0x00, 0x00, 0x00, 0x00, 0x00, 0x00
.byte 0x00, 0x00, 0x00, 0x00, 0x00, 0x00, 0x00, 0x00, 0x00, 0x00, 0x00, 0x00, 0x00, 0x00, 0x00, 0x00
.byte 0x00, 0x00, 0x00, 0x00, 0x00, 0x00, 0x00, 0x00, 0x00, 0x00, 0x00, 0x00, 0x00, 0x00, 0x00, 0x00
.byte 0x00, 0x00, 0x00, 0x00, 0x00, 0x00, 0x00, 0x00, 0x00, 0x00, 0x00, 0x00, 0x00, 0x00, 0x00, 0x00
.byte 0x00, 0x00, 0x00, 0x00, 0x00, 0x00, 0x00, 0x00, 0x00, 0x00, 0x00, 0x00, 0x00, 0x00, 0x00, 0x00
.byte 0x00, 0x00, 0x00, 0x00, 0x00, 0x00, 0x00, 0x00, 0x00, 0x00, 0x00, 0x00, 0x00, 0x00, 0x00, 0x00
.byte 0x00, 0x00, 0x00, 0x00, 0x00, 0x00, 0x00, 0x00, 0x00, 0x00, 0x00, 0x00, 0x00, 0x00, 0x00, 0x00
.byte 0x00, 0x00, 0x00, 0x00, 0x00, 0x00, 0x00, 0x00, 0x00, 0x00, 0x00, 0x00, 0x00, 0x00, 0x00, 0x00
.byte 0x00, 0x00, 0x00, 0x00, 0x00, 0x00, 0x00, 0x00, 0x00, 0x00, 0x00, 0x00

.global _binary_fan_delta_s8_end
_binary_fan_delta_s8_end: /* for objcopy compatibility */


.global fan_delta_s8_length
fan_delta_s8_length:
.long 36300

#if defined (__linux__)
.section .note.GNU-stack,"",@progbits
#endif
