/* * Data converted from /workspace/esp32s3_vl53l0x_servo/main/assets/fan_original.rgb565
 */
.data
#if !defined (__APPLE__) && !defined (__linux__)
.section .rodata.embedded
#endif

.global fan_original_rgb565
fan_original_rgb565:

.global _binary_fan_original_rgb565_start
_binary_fan_original_rgb565_start: /* for objcopy compatibility */
.byte 0x72, 0xa9, 0x72, 0x89, 0x72, 0xa9, 0x72, 0xa9, 0x72, 0xa9, 0x72, 0xa9, 0x72, 0xa9, 0x72, 0xa9
.byte 0x72, 0xa9, 0x72, 0xa9, 0x72, 0xa9, 0x72, 0xa9, 0x72, 0xa9, 0x72, 0xa9, 0x72, 0xa9, 0x72, 0xa9
.byte 0x72, 0xa9, 0x72, 0xa9, 0x72, 0xa9, 0x72, 0xa9, 0x72, 0xa9, 0x72, 0xa9, 0x72, 0xa9, 0x72, 0xa9
.byte 0x7a, 0xa9, 0x7a, 0xa9, 0x7a, 0xa9, 0x7a, 0xa9, 0x7a, 0xa9, 0x7a, 0xa9, 0x7a, 0xa9, 0x7a, 0xc9
.byte 0x7a, 0xca, 0x7a, 0xca, 0x7a, 0xca, 0x7a, 0xca, 0x7a, 0xca, 0x7a, 0xca, 0x7a, 0xca, 0x7a, 0xca
.byte 0x7a, 0xca, 0x7a, 0xca, 0x7a, 0xca, 0x7a, 0xca, 0x7a, 0xea, 0x82, 0xca, 0x82, 0xea, 0x82, 0xea
.byte 0x82, 0xea, 0x82, 0xea, 0x82, 0xea, 0x82, 0xea, 0x82, 0xea, 0x82, 0xea, 0x82, 0xea, 0x82, 0xea
.byte 0x82, 0xea, 0x82, 0xea, 0x83, 0x0a, 0x83, 0x0a, 0x83, 0x0a, 0x83, 0x0a, 0x83, 0x0a, 0x83, 0x0a
.byte 0x8b, 0x0b, 0x8b, 0x0b, 0x8b, 0x0b, 0x8b, 0x0b, 0x8b, 0x2b, 0x8b, 0x2b, 0x8b, 0x2b, 0x8b, 0x2b
.byte 0x8b, 0x2b, 0x8b, 0x2b, 0x8b, 0x2b, 0x8b, 0x2b, 0x8b, 0x2b, 0x8b, 0x4b, 0x8b, 0x2b, 0x8b, 0x2b
.byte 0x8b, 0x2b, 0x8b, 0x2b, 0x8b, 0x2b, 0x8b, 0x2b, 0x8b, 0x2b, 0x8b, 0x2b, 0x8b, 0x2b, 0x8b, 0x2b
.byte 0x8b, 0x2b, 0x8b, 0x4b, 0x8b, 0x4c, 0x8b, 0x4c, 0x8b, 0x4b, 0x8b, 0x4c, 0x8b, 0x4c, 0x8b, 0x4c
.byte 0x8b, 0x4c, 0x8b, 0x4c, 0x8b, 0x4c, 0x8b, 0x4c, 0x8b, 0x4c, 0x8b, 0x2b, 0x8b, 0x2b, 0x8b, 0x2b
.byte 0x8b, 0x2c, 0x8b, 0x2c, 0x8b, 0x2c, 0x83, 0x2c, 0x8b, 0x2c, 0x83, 0x2b, 0x72, 0xa9, 0x72, 0xa9
.byte 0x72, 0xa9, 0x72, 0xa9, 0x72, 0xa9, 0x72, 0xa9, 0x72, 0xa9, 0x72, 0xa9, 0x72, 0xa9, 0x72, 0xa9
.byte 0x72, 0xa9, 0x72, 0xa9, 0x72, 0xa9, 0x72, 0xa9, 0x72, 0xa9, 0x72, 0xa9, 0x72, 0xa9, 0x72, 0xa9
.byte 0x72, 0xa9, 0x72, 0xa9, 0x72, 0xa9, 0x72, 0xa9, 0x72, 0xa9, 0x72, 0xa9, 0x72, 0xa9, 0x7a, 0xa9
.byte 0x7a, 0xa9, 0x7a, 0xa9, 0x7a, 0xa9, 0x7a, 0xa9, 0x7a, 0xa9, 0x7a, 0xa9, 0x7a, 0xca, 0x7a, 0xca
.byte 0x7a, 0xca, 0x7a, 0xca, 0x7a, 0xca, 0x7a, 0xca, 0x7a, 0xca, 0x7a, 0xca, 0x7a, 0xca, 0x7a, 0xca
.byte 0x7a, 0xca, 0x7a, 0xca, 0x7a, 0xca, 0x82, 0xea, 0x82, 0xca, 0x82, 0xca, 0x82, 0xea, 0x82, 0xea
.byte 0x82, 0xea, 0x82, 0xea, 0x82, 0xea, 0x82, 0xea, 0x82, 0xea, 0x82, 0xea, 0x82, 0xea, 0x82, 0xea
.byte 0x82, 0xea, 0x82, 0xea, 0x83, 0x0a, 0x83, 0x0a, 0x83, 0x0a, 0x83, 0x0a, 0x83, 0x0a, 0x83, 0x0b
.byte 0x83, 0x0b, 0x8b, 0x0b, 0x8b, 0x0b, 0x8b, 0x0b, 0x8b, 0x2b, 0x8b, 0x2b, 0x8b, 0x2b, 0x8b, 0x2b
.byte 0x8b, 0x2b, 0x8b, 0x2b, 0x8b, 0x2b, 0x8b, 0x2b, 0x8b, 0x2b, 0x8b, 0x2b, 0x8b, 0x2b, 0x8b, 0x2b
.byte 0x8b, 0x2b, 0x8b, 0x2b, 0x8b, 0x2b, 0x8b, 0x2b, 0x8b, 0x2b, 0x8b, 0x2b, 0x8b, 0x2b, 0x8b, 0x2b
.byte 0x8b, 0x2b, 0x8b, 0x2b, 0x8b, 0x2b, 0x8b, 0x2b, 0x8b, 0x2b, 0x8b, 0x2b, 0x8b, 0x2b, 0x8b, 0x2b
.byte 0x8b, 0x2b, 0x8b, 0x2b, 0x83, 0x2b, 0x83, 0x2b, 0x83, 0x2b, 0x83, 0x2b, 0x83, 0x2b, 0x83, 0x2b
.byte 0x83, 0x2b, 0x83, 0x2b, 0x83, 0x2b, 0x83, 0x2b, 0x7a, 0xca, 0x7a, 0xca, 0x72, 0xc9, 0x72, 0xca
.byte 0x72, 0xca, 0x72, 0xca, 0x72, 0xca, 0x72, 0xa9, 0x72, 0xa9, 0x72, 0xa9, 0x72, 0xa9, 0x72, 0xa9
.byte 0x72, 0xa9, 0x72, 0xa9, 0x72, 0xa9, 0x72, 0xa9, 0x72, 0xa9, 0x72, 0xa9, 0x72, 0xa9, 0x72, 0xa9
.byte 0x72, 0xa9, 0x72, 0xa9, 0x72, 0xa9, 0x7a, 0xa9, 0x7a, 0xa9, 0x7a, 0xa9, 0x7a, 0xa9, 0x7a, 0xa9
.byte 0x7a, 0xa9, 0x7a, 0xca, 0x7a, 0xaa, 0x7a, 0xc9, 0x7a, 0xc9, 0x7a, 0xca, 0x7a, 0xc9, 0x7a, 0xca
.byte 0x7a, 0xca, 0x7a, 0xca, 0x7a, 0xca, 0x7a, 0xca, 0x7a, 0xca, 0x7a, 0xca, 0x7a, 0xca, 0x7a, 0xca
.byte 0x82, 0xca, 0x82, 0xea, 0x82, 0xea, 0x82, 0xca, 0x82, 0xea, 0x82, 0xea, 0x82, 0xea, 0x82, 0xea
.byte 0x82, 0xea, 0x82, 0xea, 0x82, 0xea, 0x82, 0xea, 0x82, 0xea, 0x82, 0xea, 0x82, 0xea, 0x82, 0xea
.byte 0x82, 0xea, 0x82, 0xea, 0x83, 0x0a, 0x83, 0x0a, 0x83, 0x0a, 0x83, 0x0a, 0x83, 0x0a, 0x83, 0x0a
.byte 0x83, 0x0b, 0x83, 0x0b, 0x83, 0x0b, 0x83, 0x0b, 0x83, 0x0b, 0x83, 0x0b, 0x83, 0x0b, 0x83, 0x0b
.byte 0x8b, 0x0b, 0x8b, 0x0b, 0x8b, 0x2b, 0x8b, 0x2b, 0x8b, 0x2b, 0x8b, 0x2b, 0x8b, 0x2b, 0x8b, 0x2b
.byte 0x8b, 0x2b, 0x8b, 0x2b, 0x8b, 0x2b, 0x83, 0x2b, 0x8b, 0x2b, 0x8b, 0x2b, 0x8b, 0x2b, 0x83, 0x2b
.byte 0x83, 0x2b, 0x83, 0x2b, 0x83, 0x2b, 0x83, 0x2b, 0x83, 0x2b, 0x83, 0x2b, 0x83, 0x2b, 0x83, 0x2b
.byte 0x83, 0x0b, 0x83, 0x2b, 0x83, 0x2b, 0x83, 0x2b, 0x83, 0x2b, 0x83, 0x2b, 0x83, 0x2b, 0x83, 0x2b
.byte 0x83, 0x2b, 0x83, 0x0b, 0x83, 0x6d, 0x8b, 0xce, 0x7a, 0xca, 0x94, 0x30, 0x94, 0x30, 0x94, 0x30
.byte 0x94, 0x0f, 0x7a, 0xeb, 0x72, 0xa9, 0x8b, 0x8d, 0x93, 0xef, 0x93, 0xef, 0x8b, 0x8d, 0x7b, 0x0b
.byte 0x72, 0xa9, 0x72, 0xa9, 0x72, 0xa9, 0x72, 0xa9, 0x72, 0xa9, 0x72, 0xa9, 0x72, 0xa9, 0x7a, 0xa9
.byte 0x7a, 0xa9, 0x7a, 0xa9, 0x72, 0xa9, 0x7a, 0xa9, 0x7a, 0xa9, 0x7a, 0xa9, 0x7a, 0xc9, 0x7a, 0xca
.byte 0x7a, 0xa9, 0x7a, 0xa9, 0x7a, 0xca, 0x7a, 0xc9, 0x7a, 0xc9, 0x7a, 0xca, 0x7a, 0xca, 0x7a, 0xca
.byte 0x7a, 0xca, 0x7a, 0xca, 0x7a, 0xca, 0x7a, 0xca, 0x7a, 0xca, 0x7a, 0xca, 0x82, 0xca, 0x82, 0xca
.byte 0x82, 0xca, 0x82, 0xca, 0x82, 0xca, 0x82, 0xca, 0x82, 0xea, 0x82, 0xea, 0x82, 0xea, 0x82, 0xea
.byte 0x82, 0xea, 0x82, 0xea, 0x82, 0xea, 0x82, 0xea, 0x82, 0xea, 0x82, 0xea, 0x82, 0xea, 0x82, 0xea
.byte 0x82, 0xea, 0x83, 0x0a, 0x83, 0x0a, 0x83, 0x0a, 0x83, 0x0a, 0x83, 0x0a, 0x83, 0x0a, 0x83, 0x0a
.byte 0x83, 0x0a, 0x83, 0x0b, 0x83, 0x0b, 0x83, 0x0b, 0x83, 0x0b, 0x83, 0x0b, 0x83, 0x0b, 0x83, 0x0b
.byte 0x83, 0x0b, 0x83, 0x0b, 0x83, 0x0b, 0x83, 0x0b, 0x83, 0x0b, 0x83, 0x0b, 0x83, 0x0b, 0x83, 0x0b
.byte 0x83, 0x0b, 0x83, 0x0b, 0x83, 0x0b, 0x83, 0x0b, 0x83, 0x0b, 0x83, 0x0b, 0x83, 0x0b, 0x83, 0x0b
.byte 0x83, 0x0b, 0x83, 0x0b, 0x83, 0x0b, 0x83, 0x0b, 0x83, 0x0b, 0x83, 0x0b, 0x83, 0x0b, 0x83, 0x0b
.byte 0x83, 0x0b, 0x83, 0x0b, 0x83, 0x0b, 0x83, 0x0b, 0x83, 0x0b, 0x83, 0x0b, 0x83, 0x0b, 0x83, 0x0b
.byte 0x94, 0x30, 0x7b, 0x2c, 0x72, 0xa9, 0x9c, 0x71, 0x83, 0x4c, 0x83, 0x2c, 0x83, 0x2b, 0x72, 0xaa
.byte 0x72, 0xa9, 0x93, 0xce, 0x8b, 0x6d, 0x83, 0x2b, 0x8b, 0xae, 0x8b, 0xad, 0x7a, 0xea, 0x72, 0xa9
.byte 0x72, 0xa9, 0x72, 0xa9, 0x72, 0xa9, 0x72, 0xa9, 0x7a, 0xa9, 0x7a, 0xa9, 0x7a, 0xa9, 0x72, 0xa9
.byte 0x7a, 0xa9, 0x7a, 0xa9, 0x7a, 0xa9, 0x7a, 0xa9, 0x7a, 0xa9, 0x7a, 0xc9, 0x7a, 0xa9, 0x7a, 0xc9
.byte 0x7a, 0xc9, 0x7a, 0xca, 0x7a, 0xca, 0x7a, 0xca, 0x7a, 0xca, 0x7a, 0xca, 0x7a, 0xca, 0x7a, 0xca
.byte 0x7a, 0xca, 0x7a, 0xca, 0x7a, 0xca, 0x82, 0xca, 0x82, 0xca, 0x82, 0xea, 0x82, 0xea, 0x82, 0xea
.byte 0x82, 0xea, 0x82, 0xca, 0x82, 0xea, 0x82, 0xea, 0x82, 0xea, 0x82, 0xea, 0x82, 0xea, 0x82, 0xea
.byte 0x82, 0xea, 0x82, 0xea, 0x82, 0xea, 0x82, 0xea, 0x82, 0xea, 0x82, 0xea, 0x82, 0xea, 0x82, 0xea
.byte 0x82, 0xea, 0x82, 0xea, 0x82, 0xea, 0x82, 0xea, 0x82, 0xea, 0x83, 0x0a, 0x83, 0x0a, 0x82, 0xea
.byte 0x83, 0x0a, 0x83, 0x0a, 0x83, 0x0a, 0x83, 0x0a, 0x83, 0x0a, 0x83, 0x0b, 0x83, 0x0b, 0x83, 0x0b
.byte 0x83, 0x0b, 0x83, 0x0b, 0x83, 0x0b, 0x83, 0x0b, 0x83, 0x0b, 0x83, 0x0b, 0x83, 0x0b, 0x83, 0x0b
.byte 0x83, 0x0b, 0x83, 0x0b, 0x83, 0x0b, 0x83, 0x0b, 0x83, 0x0b, 0x83, 0x0b, 0x83, 0x0b, 0x83, 0x0b
.byte 0x83, 0x0b, 0x83, 0x0b, 0x83, 0x0b, 0x83, 0x0b, 0x83, 0x0b, 0x83, 0x0b, 0x83, 0x0b, 0x83, 0x0b
.byte 0x83, 0x0b, 0x83, 0x0b, 0x83, 0x0b, 0x83, 0x0b, 0x7b, 0x0b, 0x7b, 0x0b, 0x9c, 0x71, 0x72, 0xaa
.byte 0x72, 0x89, 0x9c, 0x50, 0x72, 0xa9, 0x72, 0x89, 0x72, 0xa9, 0x72, 0xa9, 0x72, 0xca, 0x93, 0xef
.byte 0x83, 0x4c, 0x7a, 0xca, 0x8b, 0x8d, 0x8b, 0xae, 0x7b, 0x0b, 0x72, 0xa9, 0x72, 0xa9, 0x7a, 0xa9
.byte 0x7a, 0xa9, 0x7a, 0xa9, 0x7a, 0xa9, 0x7a, 0xa9, 0x7a, 0xa9, 0x7a, 0xa9, 0x7a, 0xa9, 0x7a, 0xa9
.byte 0x7a, 0xa9, 0x7a, 0xa9, 0x7a, 0xa9, 0x7a, 0xa9, 0x7a, 0xc9, 0x7a, 0xc9, 0x7a, 0xc9, 0x7a, 0xca
.byte 0x7a, 0xca, 0x7a, 0xca, 0x7a, 0xca, 0x7a, 0xca, 0x7a, 0xca, 0x7a, 0xca, 0x7a, 0xca, 0x7a, 0xca
.byte 0x7a, 0xca, 0x82, 0xca, 0x82, 0xca, 0x82, 0xea, 0x82, 0xea, 0x82, 0xea, 0x82, 0xea, 0x82, 0xc9
.byte 0x82, 0xea, 0x8b, 0x0b, 0x8b, 0x4b, 0x93, 0x6c, 0x93, 0x8d, 0x93, 0x6c, 0x8b, 0x4b, 0x82, 0xea
.byte 0x82, 0xca, 0x82, 0xea, 0x82, 0xea, 0x82, 0xea, 0x82, 0xea, 0x82, 0xea, 0x82, 0xea, 0x82, 0xea
.byte 0x82, 0xea, 0x82, 0xea, 0x82, 0xea, 0x82, 0xea, 0x82, 0xea, 0x82, 0xea, 0x82, 0xea, 0x82, 0xea
.byte 0x82, 0xea, 0x82, 0xea, 0x82, 0xea, 0x82, 0xea, 0x82, 0xea, 0x82, 0xea, 0x82, 0xea, 0x83, 0x0a
.byte 0x82, 0xea, 0x82, 0xea, 0x82, 0xea, 0x83, 0x0b, 0x82, 0xea, 0x83, 0x0b, 0x83, 0x0b, 0x83, 0x0b
.byte 0x82, 0xeb, 0x82, 0xeb, 0x83, 0x0b, 0x83, 0x0b, 0x83, 0x0b, 0x83, 0x0b, 0x7b, 0x0b, 0x7b, 0x0b
.byte 0x7b, 0x0b, 0x7b, 0x0b, 0x7b, 0x0b, 0x7b, 0x0b, 0x7a, 0xeb, 0x7a, 0xeb, 0x7a, 0xeb, 0x7b, 0x0b
.byte 0x7a, 0xeb, 0x7a, 0xeb, 0x7b, 0x0b, 0x7a, 0xeb, 0x9c, 0x50, 0x72, 0x89, 0x72, 0x89, 0x94, 0x30
.byte 0x7b, 0x2c, 0x7b, 0x2c, 0x83, 0x4c, 0x7a, 0xca, 0x7a, 0xca, 0x9c, 0x30, 0x9c, 0x30, 0x93, 0xef
.byte 0x93, 0xef, 0x83, 0x4c, 0x72, 0xca, 0x72, 0xa9, 0x7a, 0xa9, 0x7a, 0xa9, 0x7a, 0xa9, 0x7a, 0xa9
.byte 0x7a, 0xa9, 0x7a, 0xa9, 0x7a, 0xa9, 0x7a, 0xa9, 0x7a, 0xa9, 0x7a, 0xa9, 0x7a, 0xa9, 0x7a, 0xc9
.byte 0x7a, 0xc9, 0x7a, 0xc9, 0x7a, 0xca, 0x7a, 0xca, 0x7a, 0xca, 0x7a, 0xca, 0x7a, 0xca, 0x7a, 0xca
.byte 0x7a, 0xca, 0x7a, 0xca, 0x7a, 0xca, 0x7a, 0xca, 0x7a, 0xca, 0x7a, 0xca, 0x7a, 0xca, 0x7a, 0xca
.byte 0x82, 0xea, 0x8b, 0x2b, 0xa3, 0xee, 0xb4, 0x91, 0xbc, 0xb2, 0xb4, 0x71, 0xb4, 0x70, 0xb4, 0x70
.byte 0xb4, 0x71, 0xb4, 0x71, 0xb4, 0x71, 0xb4, 0x50, 0xac, 0x50, 0xa4, 0x0f, 0xa4, 0x0f, 0x9b, 0xce
.byte 0x8b, 0x2b, 0x82, 0xea, 0x82, 0xea, 0x82, 0xea, 0x82, 0xea, 0x82, 0xea, 0x82, 0xea, 0x82, 0xea
.byte 0x82, 0xea, 0x82, 0xea, 0x82, 0xea, 0x7a, 0xea, 0x82, 0xea, 0x7a, 0xea, 0x7a, 0xea, 0x82, 0xea
.byte 0x7a, 0xea, 0x7a, 0xea, 0x7a, 0xea, 0x82, 0xea, 0x7a, 0xea, 0x7a, 0xea, 0x7a, 0xea, 0x82, 0xea
.byte 0x82, 0xea, 0x7a, 0xea, 0x82, 0xea, 0x7a, 0xea, 0x7a, 0xeb, 0x82, 0xeb, 0x7a, 0xea, 0x7a, 0xea
.byte 0x7a, 0xeb, 0x7a, 0xeb, 0x7a, 0xeb, 0x7a, 0xea, 0x7a, 0xea, 0x7a, 0xeb, 0x7a, 0xeb, 0x7a, 0xeb
.byte 0x7a, 0xea, 0x7a, 0xeb, 0x7a, 0xea, 0x7a, 0xea, 0x7a, 0xeb, 0x7a, 0xeb, 0x7a, 0xea, 0x7a, 0xeb
.byte 0x7a, 0xeb, 0x7a, 0xeb, 0x83, 0x8d, 0x72, 0x89, 0x72, 0x89, 0x94, 0x30, 0x7a, 0xea, 0x7a, 0xea
.byte 0x7b, 0x0b, 0x7a, 0xca, 0x7a, 0xea, 0x94, 0x30, 0x93, 0xce, 0x8b, 0x6d, 0x8b, 0xef, 0x83, 0x4c
.byte 0x72, 0xa9, 0x7a, 0xa9, 0x7a, 0xc9, 0x7a, 0xc9, 0x7a, 0xc9, 0x7a, 0xc9, 0x7a, 0xa9, 0x7a, 0xa9
.byte 0x7a, 0xa9, 0x7a, 0xa9, 0x7a, 0xa9, 0x7a, 0xa9, 0x7a, 0xa9, 0x7a, 0xc9, 0x7a, 0xc9, 0x7a, 0xca
.byte 0x7a, 0xca, 0x7a, 0xc9, 0x7a, 0xc9, 0x7a, 0xc9, 0x7a, 0xc9, 0x7a, 0xc9, 0x7a, 0xc9, 0x7a, 0xc9
.byte 0x7a, 0xca, 0x7a, 0xca, 0x7a, 0xca, 0x8b, 0x4c, 0xac, 0x0f, 0xb4, 0x91, 0xb4, 0x91, 0xbc, 0xb1
.byte 0xc4, 0xf3, 0xcd, 0x34, 0xcd, 0x54, 0xcd, 0x34, 0xc5, 0x13, 0xc4, 0xf3, 0xc4, 0xd3, 0xbc, 0xd2
.byte 0xbc, 0xb2, 0xbc, 0xb2, 0xbc, 0xb2, 0xbc, 0xb2, 0xbc, 0xb2, 0xb4, 0x71, 0xa3, 0xef, 0x8b, 0x2b
.byte 0x82, 0xca, 0x7a, 0xca, 0x7a, 0xca, 0x7a, 0xca, 0x7a, 0xca, 0x7a, 0xca, 0x7a, 0xea, 0x7a, 0xea
.byte 0x7a, 0xea, 0x7a, 0xca, 0x7a, 0xca, 0x7a, 0xca, 0x7a, 0xca, 0x7a, 0xca, 0x7a, 0xca, 0x7a, 0xca
.byte 0x7a, 0xca, 0x7a, 0xea, 0x7a, 0xea, 0x7a, 0xea, 0x7a, 0xea, 0x7a, 0xea, 0x7a, 0xea, 0x7a, 0xea
.byte 0x7a, 0xea, 0x7a, 0xea, 0x7a, 0xea, 0x7a, 0xea, 0x7a, 0xea, 0x7a, 0xea, 0x7a, 0xea, 0x7a, 0xea
.byte 0x7a, 0xea, 0x7a, 0xea, 0x7a, 0xea, 0x7a, 0xea, 0x7a, 0xea, 0x7a, 0xea, 0x7a, 0xea, 0x7a, 0xea
.byte 0x7a, 0xea, 0x7a, 0xea, 0x7a, 0xea, 0x7a, 0xea, 0x7a, 0xea, 0x7a, 0xea, 0x7a, 0xea, 0x7a, 0xea
.byte 0x72, 0xca, 0x72, 0x89, 0x72, 0x89, 0x94, 0x50, 0x83, 0x4c, 0x83, 0x4c, 0x83, 0x6d, 0x7a, 0xea
.byte 0x7a, 0xea, 0x94, 0x0f, 0x83, 0x4c, 0x7a, 0xca, 0x8b, 0xae, 0x8b, 0x8d, 0x7a, 0xea, 0x7a, 0xca
.byte 0x7a, 0xca, 0x7a, 0xc9, 0x7a, 0xa9, 0x7a, 0xa9, 0x7a, 0xa9, 0x7a, 0xa9, 0x7a, 0xa9, 0x7a, 0xa9
.byte 0x7a, 0xc9, 0x7a, 0xc9, 0x7a, 0xc9, 0x7a, 0xc9, 0x7a, 0xc9, 0x7a, 0xca, 0x7a, 0xc9, 0x7a, 0xc9
.byte 0x7a, 0xc9, 0x7a, 0xc9, 0x7a, 0xc9, 0x7a, 0xc9, 0x7a, 0xc9, 0x7a, 0xc9, 0x8b, 0x2b, 0xac, 0x2f
.byte 0xb4, 0x91, 0xbc, 0xb2, 0xcd, 0x34, 0xd5, 0x75, 0xd5, 0x55, 0xcd, 0x34, 0xcd, 0x34, 0xcd, 0x13
.byte 0xc4, 0xf3, 0xc4, 0xf3, 0xc4, 0xf3, 0xc4, 0xd3, 0xbc, 0xd2, 0xbc, 0xb2, 0xbc, 0xb2, 0xbc, 0x92
.byte 0xbc, 0x91, 0xb4, 0x91, 0xb4, 0x91, 0xb4, 0x71, 0xb4, 0x71, 0xa3, 0xee, 0x83, 0x0b, 0x7a, 0xca
.byte 0x7a, 0xca, 0x7a, 0xca, 0x7a, 0xca, 0x7a, 0xca, 0x7a, 0xca, 0x7a, 0xca, 0x7a, 0xca, 0x7a, 0xca
.byte 0x7a, 0xca, 0x7a, 0xca, 0x7a, 0xca, 0x7a, 0xca, 0x7a, 0xca, 0x7a, 0xca, 0x7a, 0xca, 0x7a, 0xca
.byte 0x7a, 0xca, 0x7a, 0xca, 0x7a, 0xca, 0x7a, 0xca, 0x7a, 0xca, 0x7a, 0xea, 0x7a, 0xea, 0x7a, 0xea
.byte 0x7a, 0xca, 0x7a, 0xea, 0x7a, 0xea, 0x7a, 0xea, 0x7a, 0xea, 0x7a, 0xea, 0x7a, 0xca, 0x7a, 0xea
.byte 0x7a, 0xea, 0x7a, 0xca, 0x7a, 0xca, 0x7a, 0xea, 0x7a, 0xea, 0x7a, 0xca, 0x7a, 0xca, 0x7a, 0xca
.byte 0x7a, 0xca, 0x7a, 0xca, 0x7a, 0xea, 0x7a, 0xea, 0x7a, 0xca, 0x7a, 0xca, 0x72, 0x89, 0x72, 0x89
.byte 0x72, 0x89, 0x83, 0x6c, 0x83, 0x2c, 0x83, 0x4c, 0x83, 0x4c, 0x7a, 0xea, 0x7a, 0xca, 0x83, 0x4c
.byte 0x7a, 0xea, 0x7a, 0xca, 0x83, 0x4c, 0x83, 0x4c, 0x7a, 0xea, 0x7a, 0xca, 0x7a, 0xc9, 0x7a, 0xc9
.byte 0x7a, 0xa9, 0x7a, 0xa9, 0x7a, 0xa9, 0x7a, 0xc9, 0x7a, 0xc9, 0x7a, 0xc9, 0x7a, 0xca, 0x7a, 0xc9
.byte 0x7a, 0xc9, 0x7a, 0xc9, 0x7a, 0xc9, 0x7a, 0xc9, 0x7a, 0xca, 0x7a, 0xca, 0x7a, 0xc9, 0x7a, 0xc9
.byte 0x7a, 0xc9, 0x82, 0xea, 0xa3, 0xce, 0xb4, 0x70, 0xbc, 0xb2, 0xd5, 0x55, 0xdd, 0x95, 0xd5, 0x75
.byte 0xd5, 0x54, 0xcd, 0x34, 0xcd, 0x34, 0xcd, 0x13, 0xc4, 0xf3, 0xc4, 0xf3, 0xc4, 0xf3, 0xc4, 0xd2
.byte 0xbc, 0xd2, 0xbc, 0xd2, 0xbc, 0xb2, 0xbc, 0xb2, 0xbc, 0x91, 0xb4, 0x91, 0xb4, 0x91, 0xb4, 0x71
.byte 0xb4, 0x71, 0xac, 0x51, 0xac, 0x50, 0xac, 0x50, 0x93, 0x6c, 0x7a, 0xca, 0x7a, 0xc9, 0x7a, 0xc9
.byte 0x7a, 0xc9, 0x7a, 0xc9, 0x7a, 0xc9, 0x7a, 0xc9, 0x7a, 0xc9, 0x7a, 0xc9, 0x7a, 0xc9, 0x7a, 0xc9
.byte 0x7a, 0xc9, 0x7a, 0xca, 0x7a, 0xca, 0x7a, 0xca, 0x7a, 0xca, 0x7a, 0xca, 0x7a, 0xca, 0x7a, 0xca
.byte 0x7a, 0xca, 0x7a, 0xca, 0x7a, 0xca, 0x7a, 0xca, 0x7a, 0xca, 0x7a, 0xca, 0x7a, 0xca, 0x7a, 0xca
.byte 0x7a, 0xca, 0x7a, 0xca, 0x7a, 0xca, 0x7a, 0xca, 0x7a, 0xca, 0x7a, 0xca, 0x7a, 0xca, 0x7a, 0xca
.byte 0x7a, 0xca, 0x7a, 0xca, 0x7a, 0xca, 0x72, 0xca, 0x72, 0xca, 0x72, 0xca, 0x72, 0xca, 0x72, 0xca
.byte 0x7a, 0xca, 0x72, 0xca, 0x72, 0xca, 0x72, 0xca, 0x72, 0xa9, 0x72, 0xa9, 0x72, 0xa9, 0x72, 0xa9
.byte 0x72, 0xa9, 0x72, 0xa9, 0x72, 0xa9, 0x7a, 0xa9, 0x7a, 0xa9, 0x72, 0xa9, 0x7a, 0xa9, 0x7a, 0xc9
.byte 0x7a, 0xca, 0x7a, 0xca, 0x7a, 0xca, 0x7a, 0xca, 0x7a, 0xc9, 0x7a, 0xc9, 0x7a, 0xa9, 0x7a, 0xa9
.byte 0x7a, 0xa9, 0x7a, 0xc9, 0x7a, 0xca, 0x7a, 0xca, 0x7a, 0xca, 0x7a, 0xca, 0x7a, 0xc9, 0x7a, 0xca
.byte 0x7a, 0xca, 0x7a, 0xca, 0x7a, 0xca, 0x7a, 0xca, 0x7a, 0xc9, 0x83, 0x0b, 0xac, 0x2f, 0xb4, 0x91
.byte 0xcd, 0x34, 0xdd, 0xb6, 0xdd, 0xb6, 0xd5, 0x75, 0xcd, 0x54, 0xcd, 0x34, 0xcd, 0x34, 0xcd, 0x14
.byte 0xc5, 0x13, 0xc4, 0xf3, 0xc4, 0xf3, 0xc4, 0xd2, 0xbc, 0xd2, 0xbc, 0xb2, 0xbc, 0xb2, 0xbc, 0xb2
.byte 0xbc, 0x91, 0xb4, 0x91, 0xb4, 0x91, 0xb4, 0x71, 0xb4, 0x71, 0xb4, 0x50, 0xac, 0x50, 0xac, 0x50
.byte 0xac, 0x50, 0xac, 0x30, 0x9b, 0xce, 0x83, 0x0b, 0x7a, 0xc9, 0x7a, 0xa9, 0x7a, 0xa9, 0x7a, 0xa9
.byte 0x7a, 0xa9, 0x7a, 0xa9, 0x7a, 0xa9, 0x7a, 0xa9, 0x72, 0xa9, 0x72, 0xa9, 0x72, 0xa9, 0x7a, 0xa9
.byte 0x7a, 0xa9, 0x7a, 0xa9, 0x7a, 0xc9, 0x7a, 0xca, 0x7a, 0xca, 0x7a, 0xca, 0x7a, 0xca, 0x7a, 0xca
.byte 0x7a, 0xca, 0x7a, 0xca, 0x7a, 0xca, 0x7a, 0xca, 0x7a, 0xca, 0x7a, 0xca, 0x7a, 0xca, 0x7a, 0xca
.byte 0x7a, 0xca, 0x7a, 0xca, 0x7a, 0xca, 0x7a, 0xca, 0x7a, 0xca, 0x72, 0xca, 0x72, 0xca, 0x72, 0xca
.byte 0x72, 0xca, 0x72, 0xca, 0x72, 0xca, 0x72, 0xca, 0x72, 0xca, 0x72, 0xca, 0x72, 0xca, 0x72, 0xca
.byte 0x72, 0xca, 0x72, 0xca, 0x72, 0xa9, 0x72, 0xa9, 0x72, 0xa9, 0x72, 0xa9, 0x72, 0xa9, 0x72, 0xa9
.byte 0x7a, 0xa9, 0x7a, 0xa9, 0x7a, 0xa9, 0x7a, 0xa9, 0x7a, 0xa9, 0x7a, 0xa9, 0x7a, 0xa9, 0x7a, 0xc9
.byte 0x7a, 0xc9, 0x7a, 0xc9, 0x7a, 0xc9, 0x7a, 0xc9, 0x7a, 0xc9, 0x7a, 0xa9, 0x7a, 0xc9, 0x7a, 0xc9
.byte 0x7a, 0xca, 0x7a, 0xca, 0x7a, 0xca, 0x7a, 0xca, 0x7a, 0xca, 0x7a, 0xca, 0x7a, 0xca, 0x7a, 0xca
.byte 0x7a, 0xca, 0x82, 0xea, 0xac, 0x2f, 0xb4, 0x91, 0xdd, 0xb6, 0xe5, 0xd7, 0xdd, 0xb6, 0xd5, 0x95
.byte 0xd5, 0x55, 0xcd, 0x34, 0xcd, 0x14, 0xcd, 0x13, 0xc5, 0x13, 0xc4, 0xf3, 0xc4, 0xf3, 0xc4, 0xd2
.byte 0xbc, 0xd2, 0xbc, 0xb2, 0xbc, 0xb2, 0xbc, 0x92, 0xbc, 0x91, 0xb4, 0x91, 0xb4, 0x91, 0xb4, 0x71
.byte 0xb4, 0x71, 0xb4, 0x50, 0xac, 0x50, 0xac, 0x50, 0xac, 0x30, 0xac, 0x30, 0xac, 0x30, 0xa4, 0x30
.byte 0xa4, 0x0f, 0x83, 0x0b, 0x72, 0xa9, 0x72, 0xa9, 0x72, 0xa9, 0x72, 0xa9, 0x72, 0xa9, 0x72, 0xa9
.byte 0x72, 0xa9, 0x72, 0xa9, 0x72, 0xa9, 0x72, 0xa9, 0x72, 0xa9, 0x72, 0xa9, 0x72, 0xa9, 0x72, 0xa9
.byte 0x72, 0xa9, 0x72, 0xa9, 0x72, 0xa9, 0x72, 0xa9, 0x7a, 0xaa, 0x7a, 0xaa, 0x72, 0xca, 0x72, 0xca
.byte 0x72, 0xca, 0x7a, 0xca, 0x72, 0xca, 0x72, 0xca, 0x72, 0xca, 0x72, 0xca, 0x72, 0xca, 0x72, 0xca
.byte 0x72, 0xca, 0x72, 0xca, 0x72, 0xca, 0x72, 0xca, 0x72, 0xca, 0x72, 0xca, 0x72, 0xca, 0x72, 0xca
.byte 0x72, 0xca, 0x72, 0xca, 0x72, 0xca, 0x72, 0xca, 0x72, 0xca, 0x72, 0xca, 0x72, 0xca, 0x72, 0xaa
.byte 0x7a, 0xa9, 0x7a, 0xa9, 0x7a, 0xa9, 0x7a, 0xa9, 0x7a, 0xa9, 0x7a, 0xa9, 0x7a, 0xa9, 0x7a, 0xa9
.byte 0x7a, 0xa9, 0x7a, 0xa9, 0x7a, 0xa9, 0x7a, 0xa9, 0x7a, 0xa9, 0x7a, 0xa9, 0x7a, 0xc9, 0x7a, 0xc9
.byte 0x7a, 0xc9, 0x7a, 0xc9, 0x7a, 0xc9, 0x7a, 0xc9, 0x7a, 0xc9, 0x7a, 0xc9, 0x7a, 0xca, 0x7a, 0xca
.byte 0x7a, 0xca, 0x7a, 0xca, 0x7a, 0xca, 0x7a, 0xca, 0x7a, 0xca, 0x7a, 0xca, 0x9b, 0xce, 0xb4, 0x71
.byte 0xe5, 0xf7, 0xe5, 0xf7, 0xdd, 0xb6, 0xd5, 0x95, 0xd5, 0x75, 0xd5, 0x55, 0xcd, 0x54, 0xcd, 0x34
.byte 0xc5, 0x13, 0xc4, 0xf3, 0xc4, 0xf3, 0xc4, 0xd2, 0xbc, 0xd2, 0xbc, 0xb2, 0xbc, 0xb2, 0xb4, 0x91
.byte 0xb4, 0x91, 0xb4, 0x91, 0xb4, 0x71, 0xb4, 0x71, 0xb4, 0x71, 0xac, 0x50, 0xac, 0x50, 0xac, 0x50
.byte 0xac, 0x30, 0xac, 0x30, 0xac, 0x30, 0xa4, 0x0f, 0xa4, 0x0f, 0xa4, 0x0f, 0xa3, 0xef, 0x83, 0x0b
.byte 0x72, 0x89, 0x72, 0x89, 0x72, 0x89, 0x72, 0x89, 0x72, 0x89, 0x72, 0x89, 0x72, 0x89, 0x72, 0x89
.byte 0x72, 0x89, 0x72, 0x89, 0x72, 0xa9, 0x72, 0xa9, 0x72, 0xa9, 0x72, 0xa9, 0x72, 0xa9, 0x72, 0xa9
.byte 0x72, 0xa9, 0x72, 0xa9, 0x72, 0xa9, 0x72, 0xa9, 0x72, 0xa9, 0x72, 0xa9, 0x72, 0xaa, 0x72, 0xca
.byte 0x72, 0xca, 0x72, 0xca, 0x72, 0xca, 0x72, 0xca, 0x72, 0xca, 0x72, 0xca, 0x72, 0xca, 0x72, 0xca
.byte 0x72, 0xca, 0x72, 0xca, 0x72, 0xaa, 0x72, 0xaa, 0x72, 0xaa, 0x72, 0xca, 0x72, 0xca, 0x72, 0xaa
.byte 0x72, 0xca, 0x72, 0xca, 0x72, 0xaa, 0x72, 0xaa, 0x72, 0xaa, 0x72, 0xaa, 0x7a, 0xa9, 0x7a, 0xc9
.byte 0x7a, 0xc9, 0x7a, 0xa9, 0x7a, 0xa9, 0x7a, 0xa9, 0x7a, 0xc9, 0x7a, 0xc9, 0x7a, 0xa9, 0x7a, 0xa9
.byte 0x7a, 0xa9, 0x7a, 0xa9, 0x7a, 0xc9, 0x7a, 0xc9, 0x7a, 0xc9, 0x7a, 0xc9, 0x7a, 0xc9, 0x7a, 0xca
.byte 0x7a, 0xca, 0x7a, 0xca, 0x7a, 0xca, 0x7a, 0xca, 0x7a, 0xca, 0x7a, 0xca, 0x7a, 0xca, 0x7a, 0xca
.byte 0x7a, 0xca, 0x82, 0xca, 0x8b, 0x2b, 0xac, 0x30, 0xdd, 0xb6, 0xee, 0x18, 0xe5, 0xd7, 0xdd, 0xb6
.byte 0xd5, 0x95, 0xd5, 0x75, 0xcd, 0x55, 0xcd, 0x34, 0xcd, 0x34, 0xc5, 0x13, 0xc4, 0xf3, 0xc4, 0xd3
.byte 0xbc, 0xd2, 0xbc, 0xb2, 0xbc, 0xb2, 0xbc, 0x92, 0xb4, 0x91, 0xb4, 0x71, 0xb4, 0x71, 0xb4, 0x71
.byte 0xac, 0x50, 0xac, 0x50, 0xac, 0x50, 0xac, 0x30, 0xac, 0x30, 0xac, 0x30, 0xac, 0x30, 0xa4, 0x0f
.byte 0xa4, 0x0f, 0xa4, 0x0f, 0xa3, 0xef, 0xa3, 0xef, 0x9b, 0xce, 0x82, 0xeb, 0x72, 0x89, 0x72, 0x89
.byte 0x72, 0x89, 0x72, 0x89, 0x72, 0x89, 0x72, 0x89, 0x72, 0x89, 0x72, 0x89, 0x72, 0x89, 0x72, 0x89
.byte 0x72, 0x89, 0x72, 0x89, 0x72, 0x89, 0x72, 0x89, 0x72, 0x89, 0x72, 0x89, 0x72, 0x89, 0x72, 0x89
.byte 0x72, 0xa9, 0x72, 0xa9, 0x72, 0xa9, 0x72, 0xa9, 0x72, 0xa9, 0x72, 0xaa, 0x72, 0xaa, 0x72, 0xaa
.byte 0x72, 0xaa, 0x72, 0xaa, 0x72, 0xaa, 0x72, 0xaa, 0x72, 0xaa, 0x72, 0xaa, 0x72, 0xaa, 0x72, 0xaa
.byte 0x72, 0xaa, 0x72, 0xaa, 0x72, 0xaa, 0x72, 0xaa, 0x72, 0xaa, 0x72, 0xaa, 0x72, 0xaa, 0x72, 0xaa
.byte 0x72, 0xaa, 0x72, 0xaa, 0x72, 0xaa, 0x72, 0xaa, 0x7a, 0xc9, 0x7a, 0xc9, 0x7a, 0xc9, 0x7a, 0xc9
.byte 0x7a, 0xc9, 0x7a, 0xc9, 0x7a, 0xc9, 0x7a, 0xc9, 0x7a, 0xc9, 0x7a, 0xc9, 0x7a, 0xc9, 0x7a, 0xc9
.byte 0x7a, 0xc9, 0x7a, 0xc9, 0x7a, 0xc9, 0x7a, 0xc9, 0x7a, 0xca, 0x7a, 0xca, 0x7a, 0xca, 0x7a, 0xca
.byte 0x7a, 0xca, 0x7a, 0xca, 0x7a, 0xca, 0x7a, 0xca, 0x7a, 0xca, 0x7a, 0xca, 0x82, 0xea, 0xa3, 0xee
.byte 0xbc, 0xb2, 0xee, 0x59, 0xe6, 0x18, 0xdd, 0xd7, 0xdd, 0x96, 0xd5, 0x75, 0xd5, 0x75, 0xcd, 0x54
.byte 0xcd, 0x34, 0xcd, 0x34, 0xc5, 0x13, 0xc4, 0xf3, 0xc4, 0xd3, 0xbc, 0xd2, 0xbc, 0xb2, 0xbc, 0xb2
.byte 0xb4, 0x91, 0xb4, 0x71, 0xb4, 0x71, 0xb4, 0x71, 0xb4, 0x50, 0xac, 0x50, 0xac, 0x50, 0xac, 0x30
.byte 0xac, 0x30, 0xac, 0x30, 0xa4, 0x0f, 0xa4, 0x0f, 0xa4, 0x0f, 0xa4, 0x0f, 0xa3, 0xef, 0xa3, 0xef
.byte 0x9b, 0xee, 0x9b, 0xce, 0x9b, 0xce, 0x83, 0x0b, 0x72, 0x89, 0x72, 0x89, 0x72, 0x89, 0x72, 0x89
.byte 0x72, 0x89, 0x72, 0x89, 0x72, 0x89, 0x72, 0x89, 0x72, 0x89, 0x72, 0x89, 0x72, 0x89, 0x72, 0x89
.byte 0x72, 0x89, 0x72, 0x89, 0x72, 0x89, 0x72, 0x89, 0x72, 0x89, 0x72, 0x89, 0x72, 0x89, 0x72, 0x89
.byte 0x72, 0xa9, 0x72, 0xa9, 0x72, 0xa9, 0x72, 0xa9, 0x72, 0xa9, 0x72, 0xa9, 0x72, 0xa9, 0x72, 0xa9
.byte 0x72, 0xa9, 0x72, 0xa9, 0x72, 0xaa, 0x72, 0xaa, 0x72, 0xaa, 0x72, 0xaa, 0x72, 0xaa, 0x72, 0xaa
.byte 0x72, 0xaa, 0x72, 0xa9, 0x72, 0xaa, 0x72, 0xaa, 0x72, 0xaa, 0x72, 0xaa, 0x72, 0xaa, 0x72, 0xaa
.byte 0x72, 0xaa, 0x72, 0xaa, 0x7a, 0xca, 0x7a, 0xc9, 0x7a, 0xc9, 0x7a, 0xc9, 0x7a, 0xc9, 0x7a, 0xc9
.byte 0x7a, 0xc9, 0x7a, 0xc9, 0x7a, 0xc9, 0x7a, 0xc9, 0x7a, 0xc9, 0x7a, 0xc9, 0x7a, 0xca, 0x7a, 0xca
.byte 0x7a, 0xc9, 0x7a, 0xc9, 0x7a, 0xca, 0x7a, 0xca, 0x7a, 0xca, 0x7a, 0xca, 0x7a, 0xca, 0x7a, 0xca
.byte 0x7a, 0xca, 0x7a, 0xca, 0x7a, 0xca, 0x83, 0x0b, 0xac, 0x30, 0xe6, 0x38, 0xee, 0x79, 0xe6, 0x17
.byte 0xdd, 0xb6, 0xdd, 0x96, 0xd5, 0x75, 0xd5, 0x75, 0xcd, 0x54, 0xcd, 0x34, 0xcd, 0x14, 0xc5, 0x13
.byte 0xc4, 0xf3, 0xc4, 0xd3, 0xbc, 0xd2, 0xbc, 0xb2, 0xbc, 0x92, 0xb4, 0x91, 0xb4, 0x71, 0xb4, 0x71
.byte 0xac, 0x50, 0xac, 0x50, 0xac, 0x50, 0xac, 0x30, 0xac, 0x30, 0xa4, 0x0f, 0xa4, 0x0f, 0xa4, 0x0f
.byte 0xa4, 0x0f, 0xa3, 0xef, 0xa3, 0xef, 0x9b, 0xef, 0x9b, 0xce, 0x9b, 0xce, 0x9b, 0xce, 0x9b, 0xae
.byte 0x93, 0xae, 0x83, 0x2b, 0x72, 0xa9, 0x6a, 0x68, 0x6a, 0x68, 0x6a, 0x68, 0x6a, 0x68, 0x6a, 0x68
.byte 0x6a, 0x68, 0x6a, 0x68, 0x6a, 0x69, 0x6a, 0x69, 0x6a, 0x69, 0x6a, 0x69, 0x6a, 0x89, 0x6a, 0x89
.byte 0x6a, 0x89, 0x6a, 0x89, 0x6a, 0x69, 0x6a, 0x89, 0x72, 0x89, 0x72, 0x89, 0x72, 0xa9, 0x72, 0xa9
.byte 0x72, 0xa9, 0x72, 0xa9, 0x72, 0xa9, 0x72, 0xa9, 0x72, 0xa9, 0x72, 0xa9, 0x72, 0xa9, 0x72, 0xa9
.byte 0x72, 0xa9, 0x72, 0xa9, 0x72, 0xa9, 0x72, 0xa9, 0x72, 0xa9, 0x72, 0xa9, 0x72, 0xa9, 0x72, 0xa9
.byte 0x72, 0xa9, 0x72, 0xaa, 0x72, 0xa9, 0x72, 0xa9, 0x72, 0xaa, 0x72, 0xaa, 0x72, 0xa9, 0x72, 0xa9
.byte 0x7a, 0xca, 0x7a, 0xc9, 0x7a, 0xca, 0x7a, 0xca, 0x7a, 0xc9, 0x7a, 0xc9, 0x7a, 0xca, 0x7a, 0xc9
.byte 0x7a, 0xc9, 0x7a, 0xc9, 0x7a, 0xc9, 0x7a, 0xca, 0x7a, 0xca, 0x7a, 0xca, 0x7a, 0xca, 0x7a, 0xca
.byte 0x7a, 0xca, 0x7a, 0xca, 0x7a, 0xca, 0x7a, 0xca, 0x7a, 0xca, 0x7a, 0xca, 0x7a, 0xca, 0x82, 0xea
.byte 0x8b, 0x2b, 0xac, 0x70, 0xf6, 0xdb, 0xf6, 0x79, 0xe6, 0x18, 0xdd, 0xd6, 0xdd, 0x96, 0xd5, 0x95
.byte 0xd5, 0x75, 0xcd, 0x54, 0xcd, 0x34, 0xc5, 0x14, 0xc4, 0xf3, 0xc4, 0xf3, 0xc4, 0xd3, 0xbc, 0xd2
.byte 0xbc, 0xb2, 0xbc, 0x92, 0xb4, 0x71, 0xb4, 0x71, 0xac, 0x51, 0xac, 0x50, 0xac, 0x30, 0xac, 0x30
.byte 0xac, 0x30, 0xa4, 0x0f, 0xa4, 0x0f, 0xa3, 0xef, 0xa3, 0xef, 0xa3, 0xef, 0x9b, 0xef, 0x9b, 0xce
.byte 0x9b, 0xce, 0x9b, 0xce, 0x9b, 0xce, 0x9b, 0xae, 0x93, 0xae, 0x93, 0x8d, 0x93, 0x8d, 0x8b, 0x2c
.byte 0x72, 0xa9, 0x6a, 0x68, 0x6a, 0x68, 0x6a, 0x68, 0x6a, 0x68, 0x6a, 0x68, 0x6a, 0x68, 0x6a, 0x68
.byte 0x6a, 0x68, 0x6a, 0x68, 0x6a, 0x68, 0x6a, 0x68, 0x6a, 0x68, 0x6a, 0x68, 0x6a, 0x69, 0x6a, 0x89
.byte 0x6a, 0x69, 0x6a, 0x89, 0x6a, 0x89, 0x93, 0xce, 0x93, 0xef, 0x8b, 0x8d, 0x72, 0xca, 0x72, 0xa9
.byte 0x72, 0x89, 0x72, 0x89, 0x72, 0x89, 0x72, 0x89, 0x72, 0x89, 0x72, 0x89, 0x72, 0x89, 0x72, 0xa9
.byte 0x72, 0xa9, 0x72, 0xa9, 0x72, 0xa9, 0x72, 0xa9, 0x72, 0xa9, 0x72, 0xa9, 0x72, 0xa9, 0x72, 0xa9
.byte 0x72, 0xa9, 0x6a, 0xa9, 0x72, 0xa9, 0x72, 0xa9, 0x6a, 0xa9, 0x6a, 0xa9, 0x7a, 0xca, 0x7a, 0xca
.byte 0x7a, 0xca, 0x7a, 0xca, 0x7a, 0xca, 0x7a, 0xc9, 0x7a, 0xca, 0x7a, 0xca, 0x7a, 0xc9, 0x7a, 0xc9
.byte 0x7a, 0xca, 0x7a, 0xca, 0x7a, 0xca, 0x7a, 0xca, 0x7a, 0xca, 0x7a, 0xca, 0x7a, 0xca, 0x7a, 0xca
.byte 0x7a, 0xca, 0x7a, 0xca, 0x7a, 0xca, 0x7a, 0xca, 0x82, 0xea, 0x93, 0x6c, 0xbc, 0xd2, 0xfe, 0xfb
.byte 0xf6, 0x79, 0xe6, 0x18, 0xdd, 0xd7, 0xdd, 0xb6, 0xd5, 0x95, 0xd5, 0x75, 0xcd, 0x54, 0xcd, 0x34
.byte 0xcd, 0x14, 0xc4, 0xf3, 0xc4, 0xf3, 0xbc, 0xd2, 0xbc, 0xb2, 0xbc, 0xb2, 0xbc, 0x92, 0xb4, 0x91
.byte 0xb4, 0x71, 0xac, 0x50, 0xac, 0x50, 0xac, 0x30, 0xac, 0x30, 0xa4, 0x10, 0xa4, 0x0f, 0xa4, 0x0f
.byte 0xa3, 0xef, 0xa3, 0xef, 0x9b, 0xce, 0x9b, 0xce, 0x9b, 0xce, 0x9b, 0xce, 0x9b, 0xae, 0x9b, 0xae
.byte 0x93, 0xae, 0x93, 0xae, 0x93, 0x8d, 0x93, 0x8d, 0x93, 0x6d, 0x8b, 0x4c, 0x72, 0xa9, 0x6a, 0x68
.byte 0x6a, 0x68, 0x6a, 0x68, 0x6a, 0x68, 0x6a, 0x68, 0x6a, 0x68, 0x6a, 0x68, 0x6a, 0x68, 0x6a, 0x68
.byte 0x6a, 0x68, 0x6a, 0x68, 0x6a, 0x68, 0x6a, 0x68, 0x6a, 0x68, 0x6a, 0x68, 0x6a, 0x89, 0x6a, 0x89
.byte 0x72, 0xa9, 0xef, 0x1c, 0xff, 0xde, 0xd6, 0x59, 0x9c, 0x50, 0x83, 0x4c, 0x72, 0xaa, 0x6a, 0x89
.byte 0x6a, 0x89, 0x6a, 0x89, 0x6a, 0x89, 0x6a, 0x89, 0x6a, 0x89, 0x72, 0x89, 0x72, 0xa9, 0x72, 0x89
.byte 0x72, 0x89, 0x6a, 0x89, 0x6a, 0x89, 0x6a, 0xa9, 0x6a, 0xa9, 0x6a, 0xa9, 0x6a, 0xa9, 0x6a, 0x89
.byte 0x72, 0xa9, 0x72, 0xa9, 0x72, 0xa9, 0x72, 0xa9, 0x7a, 0xca, 0x7a, 0xca, 0x7a, 0xca, 0x7a, 0xca
.byte 0x7a, 0xca, 0x7a, 0xca, 0x7a, 0xca, 0x7a, 0xca, 0x7a, 0xca, 0x7a, 0xca, 0x7a, 0xca, 0x7a, 0xca
.byte 0x7a, 0xca, 0x7a, 0xca, 0x7a, 0xca, 0x7a, 0xca, 0x7a, 0xca, 0x7a, 0xca, 0x7a, 0xca, 0x7a, 0xc9
.byte 0x7a, 0xc9, 0x82, 0xea, 0x93, 0x8d, 0xcd, 0x54, 0xfe, 0xdb, 0xee, 0x79, 0xe6, 0x18, 0xe5, 0xf7
.byte 0xdd, 0xb6, 0xd5, 0x96, 0xd5, 0x75, 0xcd, 0x54, 0xcd, 0x34, 0xc5, 0x14, 0xc5, 0x13, 0xc4, 0xf3
.byte 0xbc, 0xd2, 0xbc, 0xb2, 0xbc, 0xb2, 0xbc, 0x92, 0xb4, 0x91, 0xb4, 0x71, 0xb4, 0x50, 0xac, 0x30
.byte 0xac, 0x30, 0xa4, 0x0f, 0xa4, 0x0f, 0xa3, 0xef, 0xa3, 0xef, 0xa3, 0xef, 0x9b, 0xce, 0x9b, 0xce
.byte 0x9b, 0xce, 0x9b, 0xae, 0x9b, 0xae, 0x93, 0xad, 0x93, 0x8d, 0x93, 0x8d, 0x93, 0x8d, 0x93, 0x8d
.byte 0x93, 0x6d, 0x8b, 0x6d, 0x8b, 0x4c, 0x8b, 0x4c, 0x72, 0xa9, 0x6a, 0x48, 0x6a, 0x48, 0x6a, 0x48
.byte 0x6a, 0x48, 0x6a, 0x48, 0x6a, 0x48, 0x6a, 0x48, 0x6a, 0x48, 0x6a, 0x48, 0x6a, 0x48, 0x6a, 0x48
.byte 0x6a, 0x68, 0x6a, 0x68, 0x6a, 0x68, 0x6a, 0x68, 0x6a, 0x69, 0x6a, 0x89, 0x83, 0x4c, 0xf7, 0x5d
.byte 0xff, 0xbe, 0xff, 0xbe, 0xff, 0xde, 0xce, 0x18, 0x94, 0x0f, 0x72, 0xca, 0x6a, 0x89, 0x6a, 0x89
.byte 0x6a, 0x89, 0x6a, 0x89, 0x6a, 0x89, 0x6a, 0x89, 0x72, 0x89, 0x6a, 0x89, 0x6a, 0x89, 0x6a, 0x89
.byte 0x6a, 0x89, 0x6a, 0x89, 0x6a, 0x89, 0x6a, 0x89, 0x6a, 0xa9, 0x6a, 0x89, 0x6a, 0xa9, 0x6a, 0xa9
.byte 0x6a, 0xa9, 0x6a, 0xa9, 0x82, 0xca, 0x7a, 0xca, 0x7a, 0xca, 0x7a, 0xca, 0x7a, 0xca, 0x7a, 0xca
.byte 0x7a, 0xca, 0x7a, 0xc9, 0x7a, 0xca, 0x7a, 0xca, 0x7a, 0xca, 0x7a, 0xca, 0x7a, 0xca, 0x7a, 0xca
.byte 0x7a, 0xca, 0x7a, 0xca, 0x7a, 0xca, 0x7a, 0xc9, 0x7a, 0xc9, 0x7a, 0xca, 0x82, 0xea, 0x93, 0xad
.byte 0xd5, 0x95, 0xf6, 0xba, 0xee, 0x79, 0xe6, 0x38, 0xe5, 0xf7, 0xdd, 0xd6, 0xdd, 0x96, 0xd5, 0x75
.byte 0xd5, 0x55, 0xcd, 0x34, 0xcd, 0x14, 0xc4, 0xf3, 0xc4, 0xf3, 0xbc, 0xd2, 0xbc, 0xb2, 0xbc, 0xb2
.byte 0xb4, 0x92, 0xb4, 0x91, 0xb4, 0x71, 0xb4, 0x71, 0xac, 0x50, 0xac, 0x30, 0xa4, 0x0f, 0xa3, 0xef
.byte 0xa3, 0xef, 0x9b, 0xce, 0x9b, 0xce, 0x9b, 0xce, 0x9b, 0xae, 0x9b, 0xae, 0x93, 0xae, 0x93, 0x8d
.byte 0x93, 0x8d, 0x93, 0x8d, 0x93, 0x8d, 0x93, 0x8d, 0x93, 0x6d, 0x8b, 0x6d, 0x8b, 0x6d, 0x8b, 0x4c
.byte 0x8b, 0x4c, 0x83, 0x2c, 0x72, 0xa9, 0x62, 0x48, 0x62, 0x48, 0x62, 0x48, 0x62, 0x48, 0x62, 0x48
.byte 0x62, 0x48, 0x62, 0x48, 0x62, 0x48, 0x62, 0x48, 0x62, 0x48, 0x62, 0x48, 0x62, 0x48, 0x62, 0x48
.byte 0x6a, 0x68, 0x6a, 0x68, 0x6a, 0x68, 0x6a, 0x89, 0xa4, 0x71, 0xf7, 0x3c, 0xff, 0x5d, 0xff, 0x5d
.byte 0xff, 0x5d, 0xff, 0x9e, 0xff, 0xbe, 0xac, 0xd2, 0x7b, 0x2c, 0x72, 0xca, 0x6a, 0x89, 0x6a, 0x89
.byte 0x6a, 0x89, 0x6a, 0x89, 0x72, 0x89, 0x6a, 0x89, 0x6a, 0x89, 0x6a, 0x89, 0x6a, 0x89, 0x6a, 0x89
.byte 0x6a, 0x89, 0x6a, 0x89, 0x6a, 0xa9, 0x6a, 0x89, 0x6a, 0x89, 0x72, 0x89, 0x6a, 0x89, 0x6a, 0x89
.byte 0x7a, 0xca, 0x7a, 0xca, 0x7a, 0xca, 0x7a, 0xca, 0x7a, 0xca, 0x7a, 0xc9, 0x7a, 0xc9, 0x7a, 0xca
.byte 0x7a, 0xca, 0x7a, 0xca, 0x7a, 0xca, 0x7a, 0xca, 0x7a, 0xca, 0x7a, 0xc9, 0x7a, 0xc9, 0x7a, 0xca
.byte 0x7a, 0xca, 0x7a, 0xc9, 0x7a, 0xc9, 0x7a, 0xea, 0x93, 0xad, 0xd5, 0xb6, 0xfe, 0xdb, 0xee, 0x79
.byte 0xee, 0x38, 0xe6, 0x17, 0xdd, 0xd7, 0xdd, 0xb6, 0xd5, 0x95, 0xd5, 0x75, 0xcd, 0x54, 0xcd, 0x14
.byte 0xc5, 0x13, 0xc4, 0xf3, 0xbc, 0xd2, 0xbc, 0xb2, 0xbc, 0xb2, 0xbc, 0x92, 0xb4, 0x91, 0xb4, 0x71
.byte 0xb4, 0x71, 0xac, 0x50, 0xac, 0x50, 0xac, 0x10, 0xa3, 0xef, 0x9b, 0xef, 0x9b, 0xce, 0x9b, 0xce
.byte 0x9b, 0xae, 0x9b, 0xae, 0x93, 0xae, 0x93, 0xad, 0x93, 0x8d, 0x93, 0x8d, 0x93, 0x8d, 0x93, 0x6d
.byte 0x93, 0x6d, 0x8b, 0x6d, 0x8b, 0x6d, 0x8b, 0x4c, 0x8b, 0x4c, 0x8b, 0x4c, 0x83, 0x2c, 0x83, 0x2c
.byte 0x72, 0x89, 0x62, 0x48, 0x62, 0x48, 0x62, 0x28, 0x62, 0x28, 0x62, 0x48, 0x62, 0x48, 0x62, 0x48
.byte 0x62, 0x48, 0x62, 0x48, 0x62, 0x48, 0x62, 0x48, 0x62, 0x48, 0x62, 0x48, 0x62, 0x48, 0x62, 0x48
.byte 0x62, 0x48, 0x62, 0x48, 0xd6, 0x17, 0xf7, 0x1b, 0xf6, 0xfb, 0xf6, 0xfb, 0xf6, 0xfb, 0xff, 0x1c
.byte 0xff, 0x5c, 0xff, 0x9e, 0xde, 0x9a, 0x9c, 0x50, 0x72, 0xca, 0x6a, 0x89, 0x6a, 0x89, 0x6a, 0x89
.byte 0x6a, 0x89, 0x6a, 0x89, 0x6a, 0x89, 0x6a, 0x89, 0x6a, 0x89, 0x6a, 0x89, 0x6a, 0x89, 0x6a, 0x89
.byte 0x6a, 0x89, 0x6a, 0xa9, 0x6a, 0x89, 0x6a, 0x89, 0x6a, 0x89, 0x6a, 0x89, 0x82, 0xea, 0x7a, 0xca
.byte 0x82, 0xea, 0x7a, 0xca, 0x7a, 0xca, 0x7a, 0xca, 0x7a, 0xca, 0x7a, 0xca, 0x7a, 0xca, 0x7a, 0xca
.byte 0x7a, 0xca, 0x7a, 0xca, 0x7a, 0xca, 0x7a, 0xc9, 0x7a, 0xc9, 0x7a, 0xc9, 0x7a, 0xc9, 0x7a, 0xca
.byte 0x7a, 0xca, 0x93, 0x8d, 0xcd, 0x75, 0xfe, 0xfb, 0xf6, 0x9a, 0xee, 0x38, 0xe6, 0x17, 0xdd, 0xf7
.byte 0xdd, 0xb6, 0xd5, 0x96, 0xd5, 0x75, 0xcd, 0x55, 0xcd, 0x34, 0xc5, 0x13, 0xc4, 0xf3, 0xc4, 0xd3
.byte 0xbc, 0xd2, 0xbc, 0xb2, 0xb4, 0x91, 0xb4, 0x91, 0xb4, 0x71, 0xb4, 0x51, 0xac, 0x50, 0xac, 0x30
.byte 0xac, 0x30, 0xa4, 0x0f, 0xa3, 0xef, 0x9b, 0xce, 0x9b, 0xae, 0x9b, 0xae, 0x93, 0xae, 0x93, 0x8d
.byte 0x93, 0x8d, 0x93, 0x8d, 0x93, 0x6d, 0x93, 0x6d, 0x8b, 0x6d, 0x8b, 0x6d, 0x8b, 0x6c, 0x8b, 0x4c
.byte 0x8b, 0x4c, 0x8b, 0x4c, 0x8b, 0x2c, 0x83, 0x2c, 0x83, 0x2c, 0x83, 0x0b, 0x6a, 0x89, 0x62, 0x27
.byte 0x62, 0x27, 0x62, 0x27, 0x62, 0x27, 0x62, 0x27, 0x62, 0x27, 0x62, 0x28, 0x62, 0x27, 0x62, 0x28
.byte 0x62, 0x28, 0x62, 0x48, 0x62, 0x28, 0x62, 0x48, 0x62, 0x48, 0x62, 0x48, 0x62, 0x48, 0x62, 0x48
.byte 0xee, 0xda, 0xee, 0xda, 0xee, 0xba, 0xee, 0xba, 0xf6, 0xda, 0xf6, 0xfb, 0xf6, 0xfb, 0xff, 0x3c
.byte 0xff, 0x9e, 0xf7, 0x9e, 0xac, 0xf3, 0x72, 0xaa, 0x6a, 0x89, 0x6a, 0x89, 0x6a, 0x89, 0x6a, 0x89
.byte 0x6a, 0x89, 0x6a, 0x89, 0x6a, 0x89, 0x6a, 0x89, 0x6a, 0x89, 0x6a, 0x89, 0x6a, 0x89, 0x6a, 0x89
.byte 0x6a, 0x89, 0x6a, 0x89, 0x6a, 0x89, 0x6a, 0x89, 0x82, 0xea, 0x82, 0xea, 0x82, 0xca, 0x82, 0xca
.byte 0x7a, 0xca, 0x7a, 0xca, 0x7a, 0xc9, 0x7a, 0xca, 0x7a, 0xca, 0x7a, 0xca, 0x7a, 0xca, 0x7a, 0xc9
.byte 0x7a, 0xc9, 0x7a, 0xc9, 0x7a, 0xc9, 0x7a, 0xc9, 0x7a, 0xc9, 0x7a, 0xca, 0x8b, 0x4b, 0xc5, 0x13
.byte 0xff, 0x1c, 0xf6, 0x9a, 0xee, 0x59, 0xe6, 0x38, 0xe5, 0xf7, 0xdd, 0xd7, 0xdd, 0xb6, 0xd5, 0x95
.byte 0xd5, 0x75, 0xcd, 0x54, 0xcd, 0x34, 0xc4, 0xf3, 0xc4, 0xf3, 0xbc, 0xd2, 0xbc, 0xb2, 0xb4, 0x91
.byte 0xb4, 0x71, 0xb4, 0x71, 0xac, 0x51, 0xac, 0x50, 0xac, 0x30, 0xac, 0x30, 0xa4, 0x0f, 0xa4, 0x0f
.byte 0x9b, 0xef, 0x9b, 0xae, 0x93, 0xae, 0x93, 0x8d, 0x93, 0x8d, 0x93, 0x8d, 0x93, 0x6d, 0x8b, 0x6d
.byte 0x8b, 0x6d, 0x8b, 0x6c, 0x8b, 0x4c, 0x8b, 0x4c, 0x8b, 0x4c, 0x8b, 0x4c, 0x8b, 0x2c, 0x83, 0x2c
.byte 0x83, 0x2c, 0x83, 0x0b, 0x83, 0x0b, 0x7b, 0x0b, 0x6a, 0x69, 0x5a, 0x27, 0x62, 0x27, 0x62, 0x27
.byte 0x62, 0x27, 0x62, 0x27, 0x62, 0x27, 0x62, 0x27, 0x62, 0x27, 0x62, 0x27, 0x62, 0x28, 0x62, 0x27
.byte 0x62, 0x28, 0x62, 0x28, 0x62, 0x28, 0x62, 0x28, 0x62, 0x28, 0x6a, 0x69, 0xee, 0xba, 0xee, 0x9a
.byte 0xee, 0x99, 0xee, 0x9a, 0xee, 0xba, 0xee, 0xba, 0xee, 0xda, 0xf6, 0xfb, 0xff, 0x3c, 0xff, 0x9d
.byte 0xff, 0xdf, 0xbd, 0x95, 0x72, 0xeb, 0x6a, 0x89, 0x6a, 0x89, 0x6a, 0x89, 0x6a, 0x89, 0x6a, 0x89
.byte 0x6a, 0x89, 0x6a, 0x89, 0x6a, 0x89, 0x6a, 0x89, 0x6a, 0x89, 0x6a, 0x89, 0x6a, 0x89, 0x6a, 0x89
.byte 0x6a, 0x89, 0x6a, 0x89, 0x82, 0xea, 0x82, 0xea, 0x82, 0xea, 0x82, 0xca, 0x7a, 0xca, 0x7a, 0xc9
.byte 0x7a, 0xca, 0x7a, 0xc9, 0x7a, 0xc9, 0x7a, 0xca, 0x7a, 0xca, 0x7a, 0xc9, 0x7a, 0xc9, 0x7a, 0xc9
.byte 0x7a, 0xc9, 0x7a, 0xc9, 0x7a, 0xc9, 0x82, 0xea, 0xb4, 0xb2, 0xff, 0x3c, 0xf6, 0xba, 0xee, 0x79
.byte 0xee, 0x38, 0xe6, 0x18, 0xe5, 0xf7, 0xdd, 0xd6, 0xdd, 0xb6, 0xd5, 0x95, 0xd5, 0x75, 0xcd, 0x34
.byte 0xc5, 0x14, 0xc4, 0xf3, 0xbc, 0xd2, 0xbc, 0xb2, 0xb4, 0x92, 0xb4, 0x91, 0xb4, 0x71, 0xac, 0x51
.byte 0xac, 0x50, 0xac, 0x30, 0xa4, 0x10, 0xa4, 0x0f, 0xa4, 0x0f, 0xa3, 0xef, 0x9b, 0xef, 0x9b, 0xae
.byte 0x93, 0x8d, 0x93, 0x8d, 0x93, 0x8d, 0x8b, 0x6d, 0x8b, 0x4d, 0x8b, 0x4c, 0x8b, 0x4c, 0x8b, 0x4c
.byte 0x8b, 0x2c, 0x83, 0x2c, 0x83, 0x2c, 0x83, 0x2c, 0x83, 0x2c, 0x83, 0x0b, 0x83, 0x0b, 0x83, 0x0b
.byte 0x82, 0xeb, 0x7a, 0xeb, 0x6a, 0x68, 0x5a, 0x07, 0x5a, 0x07, 0x5a, 0x07, 0x5a, 0x27, 0x5a, 0x07
.byte 0x62, 0x27, 0x5a, 0x27, 0x5a, 0x27, 0x62, 0x27, 0x62, 0x27, 0x62, 0x27, 0x62, 0x27, 0x62, 0x27
.byte 0x62, 0x27, 0x5a, 0x27, 0x62, 0x27, 0x9c, 0x0f, 0xe6, 0x79, 0xe6, 0x79, 0xe6, 0x79, 0xe6, 0x79
.byte 0xe6, 0x99, 0xee, 0x99, 0xee, 0xba, 0xee, 0xda, 0xf6, 0xfb, 0xf7, 0x1b, 0xff, 0x5c, 0xff, 0x9e
.byte 0xcd, 0xf7, 0x7b, 0x2c, 0x6a, 0x89, 0x6a, 0x89, 0x6a, 0x89, 0x6a, 0x89, 0x6a, 0x89, 0x6a, 0x89
.byte 0x6a, 0x89, 0x6a, 0x89, 0x6a, 0x89, 0x6a, 0x89, 0x6a, 0x89, 0x6a, 0x89, 0x6a, 0x89, 0x6a, 0x89
.byte 0x82, 0xea, 0x82, 0xea, 0x82, 0xea, 0x82, 0xea, 0x82, 0xca, 0x7a, 0xca, 0x7a, 0xca, 0x7a, 0xc9
.byte 0x7a, 0xc9, 0x7a, 0xc9, 0x7a, 0xc9, 0x7a, 0xc9, 0x7a, 0xc9, 0x7a, 0xc9, 0x7a, 0xc9, 0x7a, 0xa9
.byte 0x7a, 0xc9, 0xac, 0xb1, 0xff, 0x3c, 0xfe, 0xfb, 0xf6, 0x79, 0xee, 0x58, 0xe6, 0x38, 0xe6, 0x17
.byte 0xdd, 0xf7, 0xdd, 0xd6, 0xd5, 0xb6, 0xd5, 0x75, 0xcd, 0x54, 0xcd, 0x34, 0xc5, 0x13, 0xc4, 0xf3
.byte 0xbc, 0xd2, 0xbc, 0xb2, 0xb4, 0x91, 0xb4, 0x71, 0xac, 0x50, 0xac, 0x30, 0xac, 0x30, 0xa4, 0x30
.byte 0xa4, 0x0f, 0xa4, 0x0f, 0xa3, 0xef, 0xa3, 0xef, 0x9b, 0xce, 0x9b, 0xae, 0x93, 0x8d, 0x8b, 0x6d
.byte 0x8b, 0x6c, 0x8b, 0x4c, 0x8b, 0x4c, 0x83, 0x2c, 0x8b, 0x2c, 0x83, 0x2c, 0x83, 0x2c, 0x83, 0x2b
.byte 0x83, 0x0b, 0x83, 0x0b, 0x83, 0x0b, 0x83, 0x0b, 0x83, 0x0b, 0x7b, 0x0b, 0x7a, 0xeb, 0x7a, 0xca
.byte 0x62, 0x48, 0x5a, 0x07, 0x5a, 0x07, 0x5a, 0x07, 0x5a, 0x07, 0x5a, 0x07, 0x5a, 0x07, 0x5a, 0x27
.byte 0x5a, 0x27, 0x5a, 0x07, 0x62, 0x27, 0x5a, 0x07, 0x5a, 0x27, 0x5a, 0x07, 0x5a, 0x07, 0x5a, 0x27
.byte 0x5a, 0x27, 0xdd, 0xf7, 0xe6, 0x58, 0xe6, 0x38, 0xe6, 0x38, 0xe6, 0x58, 0xe6, 0x58, 0xe6, 0x79
.byte 0xe6, 0x79, 0xe6, 0x99, 0xee, 0xba, 0xee, 0xba, 0xf6, 0xfb, 0xf7, 0x3c, 0xff, 0x7d, 0xce, 0x17
.byte 0x83, 0x6d, 0x6a, 0x89, 0x6a, 0x69, 0x6a, 0x89, 0x6a, 0x89, 0x6a, 0x89, 0x6a, 0x89, 0x6a, 0x89
.byte 0x6a, 0x89, 0x6a, 0x89, 0x6a, 0x89, 0x6a, 0x89, 0x6a, 0x89, 0x6a, 0x89, 0x82, 0xea, 0x82, 0xea
.byte 0x82, 0xea, 0x82, 0xea, 0x82, 0xca, 0x7a, 0xc9, 0x7a, 0xc9, 0x7a, 0xc9, 0x7a, 0xc9, 0x7a, 0xc9
.byte 0x7a, 0xc9, 0x7a, 0xc9, 0x7a, 0xa9, 0x7a, 0xc9, 0x7a, 0xa9, 0x7a, 0xa9, 0xa4, 0x2f, 0xe6, 0x79
.byte 0xff, 0x1c, 0xf6, 0x9a, 0xee, 0x59, 0xee, 0x38, 0xe6, 0x18, 0xe5, 0xf7, 0xdd, 0xd7, 0xdd, 0xb6
.byte 0xd5, 0x96, 0xd5, 0x75, 0xcd, 0x54, 0xcd, 0x14, 0xc4, 0xf3, 0xc4, 0xd3, 0xbc, 0xb2, 0xb4, 0x92
.byte 0xb4, 0x71, 0xac, 0x51, 0xac, 0x50, 0xac, 0x30, 0xa4, 0x30, 0xa4, 0x0f, 0xa3, 0xef, 0x9b, 0xef
.byte 0x9b, 0xce, 0x9b, 0xce, 0x9b, 0xce, 0x93, 0xae, 0x8b, 0x6d, 0x8b, 0x4c, 0x8b, 0x4c, 0x8b, 0x4c
.byte 0x83, 0x2c, 0x83, 0x2c, 0x83, 0x2b, 0x83, 0x0b, 0x83, 0x0b, 0x83, 0x0b, 0x83, 0x0b, 0x83, 0x0b
.byte 0x7a, 0xeb, 0x7a, 0xeb, 0x7a, 0xeb, 0x7a, 0xeb, 0x7a, 0xea, 0x72, 0xaa, 0x62, 0x28, 0x5a, 0x07
.byte 0x5a, 0x07, 0x5a, 0x07, 0x5a, 0x07, 0x5a, 0x07, 0x5a, 0x07, 0x5a, 0x07, 0x5a, 0x07, 0x5a, 0x07
.byte 0x5a, 0x07, 0x5a, 0x07, 0x5a, 0x07, 0x5a, 0x07, 0x5a, 0x07, 0x5a, 0x07, 0x5a, 0x27, 0xe6, 0x59
.byte 0xde, 0x17, 0xdd, 0xf7, 0xde, 0x17, 0xde, 0x17, 0xde, 0x18, 0xde, 0x38, 0xe6, 0x38, 0xe6, 0x58
.byte 0xe6, 0x79, 0xe6, 0x79, 0xee, 0x99, 0xee, 0xda, 0xf7, 0x1b, 0xf7, 0x5d, 0xce, 0x18, 0x83, 0x6d
.byte 0x6a, 0x89, 0x6a, 0x69, 0x6a, 0x69, 0x6a, 0x89, 0x6a, 0x69, 0x6a, 0x69, 0x6a, 0x89, 0x6a, 0x89
.byte 0x6a, 0x89, 0x6a, 0x89, 0x6a, 0x89, 0x6a, 0x89, 0x82, 0xea, 0x82, 0xea, 0x82, 0xea, 0x82, 0xea
.byte 0x82, 0xca, 0x7a, 0xc9, 0x7a, 0xc9, 0x7a, 0xc9, 0x7a, 0xc9, 0x7a, 0xc9, 0x7a, 0xc9, 0x7a, 0xc9
.byte 0x7a, 0xc9, 0x7a, 0xa9, 0x7a, 0xa9, 0x83, 0x0b, 0xc5, 0x14, 0xff, 0x1c, 0xf6, 0xda, 0xf6, 0x79
.byte 0xee, 0x59, 0xe6, 0x38, 0xe6, 0x18, 0xe5, 0xf7, 0xdd, 0xd6, 0xdd, 0xb6, 0xd5, 0x95, 0xcd, 0x75
.byte 0xcd, 0x34, 0xc5, 0x14, 0xc4, 0xf3, 0xbc, 0xd2, 0xbc, 0xb2, 0xb4, 0x91, 0xb4, 0x71, 0xac, 0x50
.byte 0xac, 0x30, 0xac, 0x30, 0xa4, 0x0f, 0xa3, 0xef, 0xa3, 0xef, 0x9b, 0xce, 0x9b, 0xce, 0x9b, 0xae
.byte 0x9b, 0xae, 0x93, 0xae, 0x93, 0x8d, 0x8b, 0x4c, 0x8b, 0x2c, 0x83, 0x2c, 0x83, 0x2b, 0x83, 0x0b
.byte 0x83, 0x0b, 0x83, 0x0b, 0x83, 0x0b, 0x7b, 0x0b, 0x7a, 0xeb, 0x7a, 0xeb, 0x7a, 0xeb, 0x7a, 0xeb
.byte 0x7a, 0xeb, 0x7a, 0xea, 0x7a, 0xca, 0x6a, 0x89, 0x5a, 0x27, 0x59, 0xe7, 0x5a, 0x07, 0x5a, 0x07
.byte 0x5a, 0x07, 0x5a, 0x07, 0x5a, 0x07, 0x59, 0xe7, 0x5a, 0x07, 0x5a, 0x07, 0x5a, 0x07, 0x5a, 0x07
.byte 0x5a, 0x07, 0x5a, 0x07, 0x5a, 0x07, 0x5a, 0x27, 0x7b, 0x2b, 0xdd, 0xf7, 0xd5, 0xd6, 0xd5, 0xd6
.byte 0xd5, 0xd6, 0xd5, 0xd7, 0xd5, 0xf7, 0xdd, 0xf7, 0xde, 0x17, 0xde, 0x18, 0xde, 0x38, 0xe6, 0x58
.byte 0xe6, 0x58, 0xe6, 0x79, 0xee, 0xba, 0xf7, 0x1b, 0xf7, 0x5d, 0xce, 0x17, 0x7b, 0x2c, 0x6a, 0x69
.byte 0x6a, 0x69, 0x6a, 0x69, 0x6a, 0x69, 0x6a, 0x69, 0x6a, 0x89, 0x6a, 0x89, 0x6a, 0x89, 0x6a, 0x89
.byte 0x6a, 0x69, 0x6a, 0x89, 0x82, 0xea, 0x82, 0xea, 0x82, 0xea, 0x82, 0xea, 0x7a, 0xca, 0x7a, 0xca
.byte 0x7a, 0xc9, 0x7a, 0xc9, 0x7a, 0xc9, 0x7a, 0xc9, 0x7a, 0xc9, 0x7a, 0xa9, 0x7a, 0xa9, 0x7a, 0xa9
.byte 0x7a, 0xa9, 0xb4, 0xd2, 0xf7, 0x1c, 0xff, 0x1c, 0xf6, 0xba, 0xee, 0x79, 0xee, 0x58, 0xe6, 0x38
.byte 0xe6, 0x17, 0xdd, 0xf7, 0xdd, 0xd6, 0xd5, 0xb6, 0xd5, 0x95, 0xcd, 0x55, 0xcd, 0x34, 0xc5, 0x14
.byte 0xc4, 0xf3, 0xbc, 0xd2, 0xb4, 0xb2, 0xb4, 0x91, 0xac, 0x71, 0xac, 0x50, 0xac, 0x30, 0xa4, 0x0f
.byte 0xa4, 0x0f, 0xa3, 0xef, 0x9b, 0xce, 0x9b, 0xce, 0x9b, 0xae, 0x93, 0xae, 0x93, 0xae, 0x93, 0x8d
.byte 0x8b, 0x6d, 0x83, 0x2c, 0x83, 0x2c, 0x83, 0x0b, 0x83, 0x0b, 0x82, 0xeb, 0x82, 0xeb, 0x7a, 0xeb
.byte 0x7a, 0xeb, 0x7a, 0xeb, 0x7a, 0xeb, 0x7a, 0xeb, 0x7a, 0xeb, 0x7a, 0xca, 0x7a, 0xca, 0x7a, 0xca
.byte 0x72, 0xca, 0x6a, 0x68, 0x5a, 0x07, 0x59, 0xe7, 0x59, 0xe7, 0x59, 0xe7, 0x59, 0xe7, 0x59, 0xe7
.byte 0x59, 0xe7, 0x59, 0xe7, 0x59, 0xe7, 0x59, 0xe7, 0x59, 0xe7, 0x5a, 0x07, 0x5a, 0x07, 0x5a, 0x07
.byte 0x5a, 0x07, 0x5a, 0x27, 0xc5, 0x34, 0xd5, 0xb6, 0xcd, 0x95, 0xcd, 0x95, 0xcd, 0xb6, 0xcd, 0xb6
.byte 0xd5, 0xb6, 0xd5, 0xd6, 0xd5, 0xd6, 0xd5, 0xf7, 0xde, 0x17, 0xde, 0x18, 0xde, 0x38, 0xe6, 0x38
.byte 0xe6, 0x59, 0xee, 0x99, 0xf6, 0xfb, 0xf7, 0x3c, 0xc5, 0xd6, 0x72, 0xaa, 0x6a, 0x69, 0x6a, 0x69
.byte 0x6a, 0x69, 0x6a, 0x89, 0x6a, 0x69, 0x6a, 0x69, 0x6a, 0x69, 0x6a, 0x89, 0x6a, 0x89, 0x6a, 0x69
.byte 0x82, 0xea, 0x82, 0xea, 0x82, 0xea, 0x82, 0xea, 0x7a, 0xca, 0x7a, 0xca, 0x7a, 0xc9, 0x7a, 0xc9
.byte 0x7a, 0xc9, 0x7a, 0xa9, 0x7a, 0xa9, 0x7a, 0xa9, 0x7a, 0xa9, 0x7a, 0xa9, 0x9b, 0xce, 0xd6, 0x38
.byte 0xff, 0x5d, 0xfe, 0xfb, 0xf6, 0xba, 0xee, 0x79, 0xee, 0x58, 0xe6, 0x38, 0xe5, 0xf7, 0xdd, 0xf7
.byte 0xdd, 0xb6, 0xd5, 0x96, 0xd5, 0x75, 0xcd, 0x54, 0xcd, 0x34, 0xc5, 0x13, 0xc4, 0xf3, 0xbc, 0xb2
.byte 0xb4, 0x92, 0xb4, 0x71, 0xac, 0x50, 0xac, 0x30, 0xa4, 0x30, 0xa4, 0x0f, 0xa3, 0xef, 0x9b, 0xef
.byte 0x9b, 0xce, 0x9b, 0xce, 0x93, 0xae, 0x93, 0x8d, 0x93, 0x8d, 0x93, 0x8d, 0x8b, 0x6d, 0x8b, 0x4c
.byte 0x83, 0x0b, 0x83, 0x0b, 0x7a, 0xeb, 0x7a, 0xeb, 0x7a, 0xeb, 0x7a, 0xeb, 0x7a, 0xeb, 0x7a, 0xca
.byte 0x7a, 0xca, 0x7a, 0xca, 0x7a, 0xca, 0x7a, 0xca, 0x72, 0xca, 0x72, 0xca, 0x72, 0xaa, 0x62, 0x28
.byte 0x59, 0xe7, 0x59, 0xe6, 0x59, 0xe6, 0x59, 0xe6, 0x59, 0xe6, 0x59, 0xe6, 0x59, 0xe7, 0x59, 0xe7
.byte 0x59, 0xe6, 0x59, 0xe6, 0x59, 0xe6, 0x59, 0xe7, 0x59, 0xe7, 0x59, 0xe7, 0x59, 0xe7, 0x62, 0x48
.byte 0xcd, 0xb6, 0xc5, 0x75, 0xc5, 0x54, 0xc5, 0x75, 0xcd, 0x75, 0xcd, 0x75, 0xcd, 0x95, 0xcd, 0x96
.byte 0xcd, 0xb6, 0xd5, 0xb6, 0xd5, 0xd6, 0xd5, 0xf7, 0xdd, 0xf7, 0xde, 0x17, 0xde, 0x38, 0xe6, 0x58
.byte 0xe6, 0x79, 0xee, 0xda, 0xee, 0xfb, 0xc5, 0x75, 0x6a, 0x69, 0x6a, 0x69, 0x6a, 0x69, 0x6a, 0x89
.byte 0x6a, 0x69, 0x6a, 0x69, 0x6a, 0x69, 0x6a, 0x69, 0x6a, 0x89, 0x6a, 0x89, 0x82, 0xea, 0x82, 0xea
.byte 0x82, 0xea, 0x7a, 0xca, 0x7a, 0xca, 0x7a, 0xca, 0x7a, 0xc9, 0x7a, 0xc9, 0x7a, 0xc9, 0x7a, 0xa9
.byte 0x7a, 0xa9, 0x7a, 0xa9, 0x7a, 0xa9, 0x72, 0xa9, 0xbd, 0x33, 0xf7, 0x7d, 0xff, 0x5c, 0xfe, 0xfb
.byte 0xf6, 0xba, 0xee, 0x79, 0xee, 0x58, 0xe6, 0x18, 0xe5, 0xf7, 0xdd, 0xd7, 0xdd, 0xb6, 0xd5, 0x96
.byte 0xd5, 0x75, 0xcd, 0x55, 0xcd, 0x34, 0xc5, 0x13, 0xbc, 0xd3, 0xbc, 0xb2, 0xb4, 0x91, 0xb4, 0x71
.byte 0xac, 0x50, 0xac, 0x30, 0xa4, 0x0f, 0xa4, 0x0f, 0xa3, 0xef, 0x9b, 0xce, 0x9b, 0xce, 0x9b, 0xae
.byte 0x93, 0xae, 0x93, 0x8d, 0x93, 0x8d, 0x93, 0x6d, 0x8b, 0x6d, 0x8b, 0x4c, 0x7b, 0x0b, 0x7a, 0xeb
.byte 0x7a, 0xeb, 0x7a, 0xeb, 0x7a, 0xca, 0x7a, 0xca, 0x7a, 0xca, 0x7a, 0xca, 0x7a, 0xca, 0x72, 0xca
.byte 0x72, 0xca, 0x72, 0xca, 0x72, 0xaa, 0x72, 0xaa, 0x72, 0xaa, 0x62, 0x28, 0x59, 0xe6, 0x51, 0xe6
.byte 0x51, 0xe6, 0x51, 0xe6, 0x51, 0xe6, 0x51, 0xe6, 0x59, 0xe6, 0x59, 0xe6, 0x59, 0xe7, 0x59, 0xe7
.byte 0x59, 0xe6, 0x59, 0xe7, 0x59, 0xe6, 0x59, 0xe7, 0x5a, 0x07, 0x93, 0xce, 0xc5, 0x54, 0xc5, 0x34
.byte 0xc5, 0x34, 0xc5, 0x34, 0xc5, 0x54, 0xc5, 0x54, 0xc5, 0x74, 0xcd, 0x75, 0xcd, 0x95, 0xcd, 0x95
.byte 0xcd, 0xb6, 0xd5, 0xb6, 0xd5, 0xd6, 0xd5, 0xd7, 0xd5, 0xf7, 0xde, 0x17, 0xde, 0x38, 0xe6, 0x79
.byte 0xee, 0xba, 0xee, 0xda, 0xbd, 0x34, 0x6a, 0x69, 0x6a, 0x89, 0x6a, 0x89, 0x6a, 0x69, 0x6a, 0x69
.byte 0x6a, 0x69, 0x6a, 0x69, 0x6a, 0x89, 0x6a, 0x89, 0x82, 0xea, 0x82, 0xea, 0x82, 0xea, 0x7a, 0xca
.byte 0x7a, 0xca, 0x7a, 0xc9, 0x7a, 0xc9, 0x7a, 0xc9, 0x7a, 0xa9, 0x7a, 0xa9, 0x7a, 0xa9, 0x7a, 0xa9
.byte 0x72, 0xa9, 0x9b, 0xee, 0xd6, 0x79, 0xff, 0xbe, 0xff, 0x5d, 0xfe, 0xfb, 0xf6, 0x9a, 0xee, 0x59
.byte 0xee, 0x38, 0xe6, 0x18, 0xe5, 0xf7, 0xdd, 0xd7, 0xdd, 0xd6, 0xd5, 0x96, 0xd5, 0x75, 0xcd, 0x54
.byte 0xcd, 0x34, 0xc5, 0x13, 0xbc, 0xd3, 0xbc, 0xb2, 0xb4, 0x91, 0xb4, 0x71, 0xac, 0x50, 0xac, 0x30
.byte 0xa4, 0x0f, 0xa4, 0x0f, 0x9b, 0xef, 0x9b, 0xce, 0x9b, 0xce, 0x93, 0xae, 0x93, 0x8d, 0x93, 0x8d
.byte 0x93, 0x8d, 0x8b, 0x6d, 0x8b, 0x6d, 0x8b, 0x4c, 0x83, 0x2b, 0x7a, 0xeb, 0x7a, 0xca, 0x7a, 0xca
.byte 0x7a, 0xca, 0x7a, 0xca, 0x7a, 0xca, 0x72, 0xca, 0x72, 0xca, 0x72, 0xca, 0x72, 0xca, 0x72, 0xaa
.byte 0x72, 0xaa, 0x72, 0xaa, 0x72, 0x89, 0x5a, 0x07, 0x51, 0xc6, 0x51, 0xe6, 0x51, 0xe6, 0x51, 0xe6
.byte 0x51, 0xe6, 0x51, 0xe6, 0x51, 0xe6, 0x51, 0xe6, 0x51, 0xe6, 0x51, 0xe6, 0x51, 0xe6, 0x51, 0xe6
.byte 0x51, 0xe6, 0x59, 0xe7, 0x62, 0x28, 0xbd, 0x13, 0xbd, 0x13, 0xbc, 0xf3, 0xbd, 0x13, 0xbd, 0x13
.byte 0xbd, 0x14, 0xbd, 0x34, 0xc5, 0x34, 0xc5, 0x54, 0xc5, 0x54, 0xc5, 0x75, 0xcd, 0x75, 0xcd, 0x95
.byte 0xcd, 0x96, 0xcd, 0xb6, 0xd5, 0xd6, 0xd5, 0xd6, 0xdd, 0xf7, 0xde, 0x18, 0xe6, 0x59, 0xee, 0xba
.byte 0xe6, 0x59, 0x9c, 0x0f, 0x6a, 0x89, 0x6a, 0x69, 0x6a, 0x69, 0x6a, 0x69, 0x6a, 0x69, 0x6a, 0x69
.byte 0x6a, 0x69, 0x6a, 0x69, 0x82, 0xea, 0x82, 0xea, 0x7a, 0xca, 0x7a, 0xca, 0x7a, 0xc9, 0x7a, 0xc9
.byte 0x7a, 0xc9, 0x7a, 0xa9, 0x7a, 0xa9, 0x7a, 0xa9, 0x7a, 0xa9, 0x72, 0xa9, 0x72, 0xa9, 0x83, 0x4c
.byte 0xcd, 0xd7, 0xff, 0xbe, 0xff, 0x9e, 0xff, 0x3c, 0xfe, 0xdb, 0xf6, 0x9a, 0xee, 0x58, 0xe6, 0x38
.byte 0xe6, 0x18, 0xe5, 0xf7, 0xdd, 0xd7, 0xd5, 0xb6, 0xd5, 0x75, 0xcd, 0x54, 0xc5, 0x14, 0xc4, 0xf3
.byte 0xbc, 0xd2, 0xbc, 0xb2, 0xb4, 0x91, 0xb4, 0x71, 0xac, 0x50, 0xac, 0x30, 0xa4, 0x0f, 0xa4, 0x0f
.byte 0x9b, 0xef, 0x9b, 0xce, 0x9b, 0xae, 0x93, 0xae, 0x93, 0x8d, 0x93, 0x8d, 0x8b, 0x6d, 0x8b, 0x6d
.byte 0x8b, 0x4c, 0x8b, 0x4c, 0x83, 0x2c, 0x7a, 0xca, 0x7a, 0xca, 0x7a, 0xca, 0x7a, 0xca, 0x72, 0xca
.byte 0x72, 0xaa, 0x72, 0xaa, 0x72, 0xaa, 0x72, 0xaa, 0x72, 0xaa, 0x72, 0xaa, 0x72, 0xaa, 0x72, 0x89
.byte 0x6a, 0x89, 0x5a, 0x07, 0x51, 0xc6, 0x51, 0xc6, 0x51, 0xc6, 0x51, 0xc6, 0x51, 0xc6, 0x51, 0xc6
.byte 0x51, 0xc6, 0x51, 0xc6, 0x51, 0xc6, 0x51, 0xe6, 0x51, 0xe6, 0x51, 0xe6, 0x51, 0xe6, 0x5a, 0x07
.byte 0x8b, 0x6d, 0xbd, 0x13, 0xb4, 0xd2, 0xb4, 0xd2, 0xb4, 0xd2, 0xb4, 0xd3, 0xbc, 0xf3, 0xbc, 0xf3
.byte 0xbd, 0x13, 0xbd, 0x13, 0xc5, 0x34, 0xc5, 0x34, 0xc5, 0x54, 0xc5, 0x75, 0xcd, 0x75, 0xcd, 0x95
.byte 0xcd, 0x95, 0xcd, 0xb6, 0xd5, 0xb6, 0xd5, 0xd7, 0xde, 0x17, 0xe6, 0x58, 0xee, 0x99, 0xcd, 0xb6
.byte 0x72, 0xaa, 0x6a, 0x69, 0x6a, 0x69, 0x6a, 0x69, 0x6a, 0x69, 0x6a, 0x69, 0x6a, 0x69, 0x6a, 0x69
.byte 0x82, 0xea, 0x82, 0xea, 0x7a, 0xca, 0x7a, 0xc9, 0x7a, 0xc9, 0x7a, 0xc9, 0x7a, 0xc9, 0x7a, 0xa9
.byte 0x7a, 0xa9, 0x7a, 0xa9, 0x7a, 0xa9, 0x72, 0xa9, 0x72, 0x89, 0x72, 0xa9, 0x8b, 0x8d, 0xa4, 0x50
.byte 0x9c, 0x2f, 0x9b, 0xef, 0x9b, 0xce, 0x9b, 0xae, 0xa3, 0xef, 0xb4, 0x91, 0xd5, 0x95, 0xe6, 0x38
.byte 0xe6, 0x38, 0xdd, 0xd7, 0xd5, 0x95, 0xcd, 0x54, 0xcd, 0x14, 0xc4, 0xf3, 0xbc, 0xd2, 0xbc, 0xb2
.byte 0xb4, 0x91, 0xb4, 0x71, 0xac, 0x50, 0xac, 0x30, 0xa4, 0x10, 0xa4, 0x0f, 0x9b, 0xef, 0x9b, 0xce
.byte 0x9b, 0xce, 0x93, 0xae, 0x93, 0x8d, 0x93, 0x8d, 0x8b, 0x6d, 0x8b, 0x4c, 0x8b, 0x4c, 0x8b, 0x4c
.byte 0x83, 0x2c, 0x7a, 0xeb, 0x72, 0xca, 0x72, 0xca, 0x72, 0xca, 0x72, 0xaa, 0x72, 0xaa, 0x72, 0xaa
.byte 0x72, 0xaa, 0x72, 0xaa, 0x72, 0xaa, 0x72, 0xa9, 0x72, 0x89, 0x6a, 0x89, 0x6a, 0x89, 0x5a, 0x07
.byte 0x51, 0xc6, 0x51, 0xc6, 0x51, 0xc6, 0x51, 0xc6, 0x51, 0xc6, 0x51, 0xc6, 0x51, 0xc6, 0x51, 0xc6
.byte 0x51, 0xc6, 0x51, 0xc6, 0x51, 0xc6, 0x51, 0xc6, 0x51, 0xe6, 0x62, 0x48, 0xb4, 0xb2, 0xb4, 0xd2
.byte 0xb4, 0xb2, 0xb4, 0xb2, 0xb4, 0xb2, 0xb4, 0xd2, 0xb4, 0xd2, 0xb4, 0xd2, 0xbc, 0xf3, 0xbc, 0xf3
.byte 0xbd, 0x13, 0xbd, 0x13, 0xc5, 0x34, 0xc5, 0x34, 0xc5, 0x54, 0xc5, 0x54, 0xcd, 0x75, 0xcd, 0x75
.byte 0xcd, 0x95, 0xcd, 0xb6, 0xd5, 0xd6, 0xd5, 0xf7, 0xe6, 0x38, 0xe6, 0x58, 0xb4, 0xf3, 0x6a, 0x69
.byte 0x6a, 0x69, 0x6a, 0x69, 0x6a, 0x69, 0x6a, 0x69, 0x6a, 0x69, 0x6a, 0x69, 0x7a, 0xea, 0x7a, 0xca
.byte 0x7a, 0xc9, 0x7a, 0xc9, 0x7a, 0xc9, 0x7a, 0xc9, 0x7a, 0xa9, 0x7a, 0xa9, 0x7a, 0xa9, 0x72, 0xa9
.byte 0x72, 0xa9, 0x72, 0xa9, 0x72, 0x89, 0x72, 0x88, 0x72, 0x88, 0x6a, 0x68, 0x6a, 0x48, 0x6a, 0x48
.byte 0x6a, 0x48, 0x6a, 0x48, 0x6a, 0x89, 0x7a, 0xea, 0x8b, 0x6d, 0x93, 0xce, 0x93, 0xae, 0x93, 0xae
.byte 0xac, 0x30, 0xcd, 0x13, 0xd5, 0x75, 0xcd, 0x14, 0xc4, 0xf3, 0xbc, 0xb2, 0xb4, 0x91, 0xb4, 0x71
.byte 0xac, 0x50, 0xac, 0x30, 0xa4, 0x30, 0xa4, 0x0f, 0x9b, 0xef, 0x9b, 0xce, 0x9b, 0xce, 0x93, 0xae
.byte 0x93, 0x8d, 0x8b, 0x8d, 0x8b, 0x6d, 0x8b, 0x4c, 0x8b, 0x4c, 0x83, 0x2c, 0x83, 0x2c, 0x83, 0x0b
.byte 0x72, 0xaa, 0x72, 0xaa, 0x72, 0xaa, 0x72, 0xaa, 0x72, 0xaa, 0x72, 0xaa, 0x72, 0xaa, 0x72, 0xaa
.byte 0x72, 0xa9, 0x6a, 0x89, 0x6a, 0x89, 0x6a, 0x89, 0x6a, 0x89, 0x5a, 0x07, 0x51, 0xc6, 0x51, 0xc6
.byte 0x51, 0xc6, 0x51, 0xc6, 0x51, 0xc6, 0x51, 0xc6, 0x51, 0xc6, 0x51, 0xc6, 0x51, 0xc6, 0x51, 0xc6
.byte 0x51, 0xc6, 0x51, 0xc6, 0x5a, 0x07, 0x8b, 0x6d, 0xb4, 0xb2, 0xac, 0x91, 0xac, 0x91, 0xac, 0x91
.byte 0xac, 0x91, 0xac, 0xb1, 0xac, 0xb2, 0xb4, 0xb2, 0xb4, 0xd2, 0xb4, 0xd2, 0xb4, 0xf2, 0xbc, 0xf3
.byte 0xbd, 0x13, 0xbd, 0x13, 0xbd, 0x34, 0xc5, 0x34, 0xc5, 0x54, 0xc5, 0x54, 0xc5, 0x75, 0xcd, 0x95
.byte 0xcd, 0x96, 0xd5, 0xb6, 0xd5, 0xf7, 0xde, 0x38, 0xd5, 0xf7, 0x83, 0x2c, 0x6a, 0x69, 0x6a, 0x69
.byte 0x6a, 0x69, 0x6a, 0x69, 0x6a, 0x69, 0x6a, 0x69, 0x7a, 0xea, 0x7a, 0xc9, 0x7a, 0xc9, 0x7a, 0xc9
.byte 0x7a, 0xa9, 0x7a, 0xa9, 0x7a, 0xa9, 0x7a, 0xa9, 0x72, 0xa9, 0x72, 0xa9, 0x72, 0xa9, 0x72, 0x89
.byte 0x72, 0x89, 0x72, 0x88, 0x6a, 0x68, 0x6a, 0x68, 0x6a, 0x48, 0x6a, 0x48, 0x6a, 0x48, 0x6a, 0x48
.byte 0x6a, 0x48, 0x6a, 0x48, 0x62, 0x48, 0x62, 0x27, 0x62, 0x27, 0x62, 0x27, 0x72, 0x89, 0x8b, 0x4c
.byte 0x93, 0x8d, 0x93, 0x6d, 0xb4, 0xb2, 0xc4, 0xf3, 0xbc, 0xb2, 0xb4, 0x71, 0xac, 0x50, 0xac, 0x30
.byte 0xa4, 0x30, 0xa4, 0x0f, 0x9b, 0xef, 0x9b, 0xce, 0x9b, 0xce, 0x93, 0xae, 0x93, 0x8d, 0x8b, 0x8d
.byte 0x8b, 0x6d, 0x8b, 0x6c, 0x8b, 0x4c, 0x83, 0x4c, 0x83, 0x4c, 0x83, 0x2c, 0x72, 0xaa, 0x72, 0xaa
.byte 0x72, 0xaa, 0x72, 0xaa, 0x72, 0xa9, 0x72, 0x89, 0x72, 0x89, 0x72, 0x89, 0x6a, 0x89, 0x6a, 0x89
.byte 0x6a, 0x89, 0x6a, 0x89, 0x6a, 0x69, 0x59, 0xe7, 0x51, 0xc6, 0x51, 0xc6, 0x51, 0xc6, 0x51, 0xc6
.byte 0x51, 0xc6, 0x51, 0xc6, 0x51, 0xc6, 0x51, 0xc6, 0x51, 0xc6, 0x51, 0xc6, 0x51, 0xc6, 0x51, 0xc6
.byte 0x62, 0x68, 0xac, 0x71, 0xac, 0x71, 0xa4, 0x50, 0xa4, 0x50, 0xa4, 0x70, 0xac, 0x71, 0xac, 0x91
.byte 0xac, 0x91, 0xac, 0x91, 0xac, 0xb2, 0xb4, 0xb2, 0xb4, 0xd2, 0xb4, 0xd2, 0xb4, 0xf3, 0xbc, 0xf3
.byte 0xbd, 0x13, 0xbd, 0x13, 0xbd, 0x34, 0xc5, 0x34, 0xc5, 0x54, 0xc5, 0x54, 0xcd, 0x75, 0xcd, 0x95
.byte 0xd5, 0xb6, 0xd5, 0xd6, 0xdd, 0xf7, 0xbd, 0x13, 0x62, 0x48, 0x6a, 0x68, 0x6a, 0x69, 0x6a, 0x68
.byte 0x6a, 0x69, 0x6a, 0x68, 0x7a, 0xea, 0x7a, 0xc9, 0x7a, 0xc9, 0x7a, 0xc9, 0x7a, 0xa9, 0x7a, 0xa9
.byte 0x72, 0xa9, 0x72, 0xa9, 0x72, 0xa9, 0x72, 0xa9, 0x72, 0x89, 0x72, 0x89, 0x72, 0x88, 0x6a, 0x68
.byte 0x6a, 0x68, 0x6a, 0x68, 0x6a, 0x48, 0x6a, 0x48, 0x6a, 0x48, 0x62, 0x48, 0x62, 0x48, 0x62, 0x48
.byte 0x62, 0x27, 0x62, 0x27, 0x62, 0x27, 0x5a, 0x07, 0x62, 0x07, 0x62, 0x07, 0x62, 0x07, 0x62, 0x27
.byte 0x83, 0x2b, 0x8b, 0x6c, 0x93, 0xae, 0xb4, 0x91, 0xb4, 0x91, 0xac, 0x50, 0xa4, 0x30, 0xa4, 0x0f
.byte 0x9b, 0xef, 0x9b, 0xce, 0x9b, 0xce, 0x93, 0xae, 0x93, 0x8d, 0x93, 0x8d, 0x8b, 0x6d, 0x8b, 0x6d
.byte 0x8b, 0x4c, 0x83, 0x4c, 0x83, 0x2c, 0x83, 0x2c, 0x7a, 0xeb, 0x72, 0xaa, 0x72, 0xaa, 0x72, 0xa9
.byte 0x72, 0x89, 0x6a, 0x89, 0x6a, 0x89, 0x6a, 0x89, 0x6a, 0x89, 0x6a, 0x89, 0x6a, 0x89, 0x6a, 0x69
.byte 0x62, 0x28, 0x51, 0xe6, 0x51, 0xc6, 0x51, 0xc6, 0x51, 0xa6, 0x51, 0xa6, 0x51, 0xc6, 0x51, 0xc6
.byte 0x51, 0xc6, 0x51, 0xc6, 0x51, 0xc6, 0x51, 0xc6, 0x51, 0xc6, 0x5a, 0x07, 0x8b, 0xae, 0xac, 0x71
.byte 0xa4, 0x30, 0xa4, 0x30, 0xa4, 0x30, 0xa4, 0x50, 0xa4, 0x50, 0xa4, 0x50, 0xa4, 0x71, 0xac, 0x71
.byte 0xac, 0x91, 0xac, 0x91, 0xac, 0xb2, 0xb4, 0xb2, 0xb4, 0xd2, 0xb4, 0xd2, 0xb4, 0xf3, 0xbc, 0xf3
.byte 0xbd, 0x13, 0xbd, 0x13, 0xbd, 0x34, 0xc5, 0x34, 0xc5, 0x54, 0xc5, 0x75, 0xcd, 0x95, 0xcd, 0xb6
.byte 0xd5, 0xf7, 0xd5, 0xf7, 0x83, 0x4c, 0x62, 0x48, 0x6a, 0x48, 0x6a, 0x68, 0x6a, 0x68, 0x6a, 0x68
.byte 0x7a, 0xc9, 0x7a, 0xc9, 0x7a, 0xc9, 0x7a, 0xc9, 0x7a, 0xa9, 0x72, 0xa9, 0x72, 0xa9, 0x72, 0xa9
.byte 0x72, 0x89, 0x72, 0x89, 0x72, 0x89, 0x72, 0x88, 0x6a, 0x88, 0x6a, 0x68, 0x6a, 0x68, 0x6a, 0x48
.byte 0x6a, 0x48, 0x62, 0x48, 0x62, 0x48, 0x62, 0x47, 0x62, 0x27, 0x62, 0x27, 0x62, 0x27, 0x62, 0x27
.byte 0x62, 0x07, 0x5a, 0x07, 0x5a, 0x07, 0x5a, 0x07, 0x5a, 0x07, 0x5a, 0x07, 0x5a, 0x07, 0x59, 0xe6
.byte 0x6a, 0x48, 0x83, 0x2c, 0x8b, 0x6d, 0xa4, 0x30, 0xac, 0x50, 0xa4, 0x0f, 0xa3, 0xef, 0x9b, 0xef
.byte 0x9b, 0xce, 0x93, 0xae, 0x93, 0xad, 0x93, 0x8d, 0x8b, 0x6d, 0x8b, 0x6d, 0x8b, 0x6c, 0x83, 0x4c
.byte 0x83, 0x2c, 0x83, 0x2c, 0x83, 0x2b, 0x72, 0xa9, 0x72, 0x89, 0x6a, 0x89, 0x6a, 0x89, 0x6a, 0x89
.byte 0x6a, 0x89, 0x6a, 0x89, 0x6a, 0x89, 0x6a, 0x89, 0x6a, 0x69, 0x6a, 0x69, 0x5a, 0x07, 0x51, 0xc6
.byte 0x51, 0xc6, 0x51, 0xa6, 0x49, 0xa6, 0x49, 0xa6, 0x51, 0xa6, 0x51, 0xa6, 0x51, 0xa6, 0x51, 0xc6
.byte 0x51, 0xc6, 0x49, 0xa6, 0x51, 0xe7, 0x7b, 0x0b, 0xa4, 0x71, 0x9c, 0x0f, 0x9c, 0x0f, 0x9c, 0x0f
.byte 0x9c, 0x0f, 0x9c, 0x2f, 0xa4, 0x30, 0xa4, 0x30, 0xa4, 0x50, 0xa4, 0x50, 0xa4, 0x71, 0xac, 0x71
.byte 0xac, 0x91, 0xac, 0x91, 0xac, 0xb2, 0xb4, 0xb2, 0xb4, 0xd2, 0xb4, 0xd2, 0xb4, 0xf3, 0xbc, 0xf3
.byte 0xbd, 0x13, 0xbd, 0x13, 0xbd, 0x34, 0xc5, 0x54, 0xc5, 0x75, 0xcd, 0x95, 0xcd, 0xb6, 0xd5, 0xd6
.byte 0xb4, 0xf3, 0x62, 0x48, 0x62, 0x48, 0x62, 0x48, 0x6a, 0x68, 0x6a, 0x68, 0x7a, 0xc9, 0x7a, 0xc9
.byte 0x7a, 0xc9, 0x7a, 0xa9, 0x7a, 0xa9, 0x72, 0xa9, 0x72, 0xa9, 0x72, 0x89, 0x72, 0x89, 0x72, 0x88
.byte 0x72, 0x88, 0x6a, 0x88, 0x6a, 0x68, 0x6a, 0x68, 0x6a, 0x68, 0x6a, 0x48, 0x62, 0x48, 0x62, 0x48
.byte 0x62, 0x27, 0x62, 0x27, 0x62, 0x27, 0x62, 0x27, 0x62, 0x27, 0x62, 0x27, 0x62, 0x07, 0x5a, 0x07
.byte 0x5a, 0x07, 0x5a, 0x07, 0x5a, 0x07, 0x59, 0xe6, 0x59, 0xe6, 0x59, 0xe6, 0x59, 0xe6, 0x59, 0xe6
.byte 0x5a, 0x07, 0x7b, 0x0b, 0x8b, 0x6d, 0xa4, 0x0f, 0xa4, 0x30, 0x9b, 0xef, 0x9b, 0xce, 0x93, 0xae
.byte 0x93, 0x8e, 0x93, 0x8d, 0x8b, 0x6d, 0x8b, 0x6d, 0x8b, 0x6c, 0x83, 0x4c, 0x83, 0x4c, 0x83, 0x2c
.byte 0x83, 0x2b, 0x72, 0xa9, 0x6a, 0x89, 0x6a, 0x89, 0x6a, 0x69, 0x6a, 0x69, 0x6a, 0x69, 0x6a, 0x69
.byte 0x6a, 0x69, 0x6a, 0x69, 0x6a, 0x69, 0x6a, 0x69, 0x5a, 0x07, 0x51, 0xc6, 0x51, 0xa6, 0x49, 0xa6
.byte 0x49, 0xa6, 0x49, 0xa6, 0x49, 0xa6, 0x49, 0xa6, 0x49, 0xa6, 0x49, 0xa6, 0x49, 0xa6, 0x51, 0xc6
.byte 0x6a, 0x89, 0x93, 0xee, 0x9b, 0xef, 0x93, 0xee, 0x93, 0xef, 0x9b, 0xef, 0x9b, 0xef, 0x9c, 0x0f
.byte 0x9c, 0x0f, 0x9c, 0x0f, 0xa4, 0x2f, 0xa4, 0x30, 0xa4, 0x50, 0xa4, 0x50, 0xac, 0x71, 0xac, 0x91
.byte 0xac, 0x91, 0xac, 0xb2, 0xb4, 0xb2, 0xb4, 0xd2, 0xb4, 0xd2, 0xb4, 0xd2, 0xbc, 0xf3, 0xbc, 0xf3
.byte 0xbd, 0x13, 0xbd, 0x34, 0xc5, 0x34, 0xc5, 0x54, 0xc5, 0x75, 0xcd, 0x95, 0xcd, 0x95, 0x72, 0xeb
.byte 0x62, 0x48, 0x62, 0x48, 0x6a, 0x68, 0x6a, 0x68, 0x7a, 0xc9, 0x7a, 0xc9, 0x7a, 0xc9, 0x72, 0xa9
.byte 0x72, 0xa9, 0x72, 0xa9, 0x72, 0x89, 0x72, 0x89, 0x72, 0x88, 0x72, 0x88, 0x6a, 0x68, 0x6a, 0x68
.byte 0x6a, 0x68, 0x6a, 0x68, 0x6a, 0x48, 0x62, 0x48, 0x62, 0x48, 0x62, 0x27, 0x62, 0x27, 0x62, 0x27
.byte 0x62, 0x27, 0x62, 0x27, 0x62, 0x27, 0x62, 0x07, 0x5a, 0x07, 0x5a, 0x07, 0x5a, 0x07, 0x5a, 0x07
.byte 0x59, 0xe6, 0x59, 0xe6, 0x59, 0xe6, 0x59, 0xe6, 0x59, 0xe6, 0x51, 0xe6, 0x51, 0xe6, 0x59, 0xe6
.byte 0x62, 0x27, 0x7b, 0x0b, 0x9b, 0xce, 0x9b, 0xef, 0x9b, 0xce, 0x93, 0xae, 0x93, 0xae, 0x93, 0x8d
.byte 0x8b, 0x6d, 0x8b, 0x6d, 0x8b, 0x4c, 0x83, 0x4c, 0x83, 0x2c, 0x83, 0x2b, 0x83, 0x0b, 0x72, 0xca
.byte 0x6a, 0x69, 0x6a, 0x69, 0x6a, 0x69, 0x6a, 0x69, 0x6a, 0x69, 0x6a, 0x69, 0x6a, 0x69, 0x6a, 0x69
.byte 0x6a, 0x69, 0x6a, 0x69, 0x5a, 0x07, 0x51, 0xc6, 0x51, 0xa6, 0x49, 0xa5, 0x49, 0xa5, 0x49, 0xa5
.byte 0x49, 0xa6, 0x49, 0xa6, 0x49, 0xa6, 0x49, 0xa6, 0x51, 0xc6, 0x62, 0x48, 0x83, 0x6c, 0x93, 0xce
.byte 0x93, 0xae, 0x93, 0xae, 0x93, 0xce, 0x93, 0xce, 0x93, 0xce, 0x93, 0xef, 0x9b, 0xef, 0x9b, 0xef
.byte 0x9c, 0x0f, 0x9c, 0x0f, 0xa4, 0x30, 0xa4, 0x50, 0xa4, 0x50, 0xac, 0x71, 0xac, 0x71, 0xac, 0x91
.byte 0xac, 0x91, 0xac, 0xb2, 0xb4, 0xb2, 0xb4, 0xd2, 0xb4, 0xd2, 0xb4, 0xf2, 0xbc, 0xf3, 0xbd, 0x13
.byte 0xbd, 0x13, 0xbd, 0x13, 0xbd, 0x34, 0xc5, 0x34, 0xc5, 0x54, 0xa4, 0x70, 0x6a, 0x69, 0x6a, 0x68
.byte 0x6a, 0x69, 0x6a, 0x68, 0x7a, 0xc9, 0x7a, 0xa9, 0x72, 0xa9, 0x72, 0xa9, 0x72, 0xa9, 0x72, 0x89
.byte 0x72, 0x89, 0x72, 0x88, 0x6a, 0x88, 0x6a, 0x68, 0x6a, 0x68, 0x6a, 0x68, 0x6a, 0x68, 0x6a, 0x48
.byte 0x62, 0x48, 0x62, 0x48, 0x62, 0x47, 0x62, 0x27, 0x62, 0x27, 0x62, 0x27, 0x62, 0x27, 0x62, 0x07
.byte 0x5a, 0x07, 0x5a, 0x07, 0x5a, 0x07, 0x5a, 0x07, 0x5a, 0x07, 0x59, 0xe7, 0x59, 0xe6, 0x59, 0xe6
.byte 0x59, 0xe6, 0x59, 0xe6, 0x59, 0xe6, 0x51, 0xe6, 0x51, 0xe6, 0x51, 0xe6, 0x51, 0xc6, 0x51, 0xc6
.byte 0x6a, 0x89, 0x8b, 0x6c, 0x93, 0xae, 0x9b, 0xce, 0x93, 0xae, 0x93, 0x8d, 0x8b, 0x6d, 0x8b, 0x6d
.byte 0x8b, 0x4c, 0x83, 0x2c, 0x83, 0x2c, 0x83, 0x0b, 0x83, 0x0b, 0x7b, 0x0b, 0x6a, 0x89, 0x6a, 0x89
.byte 0x6a, 0x69, 0x6a, 0x89, 0x6a, 0x69, 0x6a, 0x69, 0x6a, 0x69, 0x6a, 0x69, 0x6a, 0x69, 0x6a, 0x68
.byte 0x59, 0xe7, 0x51, 0xa6, 0x49, 0xa5, 0x49, 0xa5, 0x49, 0xa5, 0x49, 0xa5, 0x49, 0xa5, 0x49, 0xa5
.byte 0x49, 0xa5, 0x49, 0xa6, 0x5a, 0x28, 0x7b, 0x2c, 0x93, 0xae, 0x8b, 0x8d, 0x8b, 0x8d, 0x8b, 0xad
.byte 0x8b, 0xae, 0x93, 0xae, 0x93, 0xae, 0x93, 0xce, 0x93, 0xce, 0x93, 0xef, 0x9b, 0xef, 0x9c, 0x0f
.byte 0x9c, 0x0f, 0xa4, 0x30, 0xa4, 0x50, 0xa4, 0x50, 0xa4, 0x71, 0xac, 0x71, 0xac, 0x91, 0xac, 0x91
.byte 0xac, 0xb2, 0xb4, 0xb2, 0xb4, 0xd2, 0xb4, 0xd2, 0xb4, 0xf3, 0xb4, 0xd2, 0xb4, 0xd2, 0xb4, 0xd2
.byte 0xb4, 0xf3, 0xbd, 0x13, 0xc5, 0x54, 0xc5, 0x75, 0x6a, 0x89, 0x6a, 0x69, 0x6a, 0x69, 0x6a, 0x68
.byte 0x7a, 0xc9, 0x72, 0xa9, 0x72, 0xa9, 0x72, 0xa9, 0x72, 0x89, 0x72, 0x89, 0x72, 0x88, 0x6a, 0x88
.byte 0x6a, 0x68, 0x6a, 0x68, 0x6a, 0x68, 0x6a, 0x68, 0x6a, 0x48, 0x62, 0x48, 0x62, 0x48, 0x62, 0x47
.byte 0x62, 0x27, 0x62, 0x27, 0x62, 0x27, 0x62, 0x27, 0x5a, 0x07, 0x5a, 0x07, 0x5a, 0x07, 0x5a, 0x07
.byte 0x5a, 0x07, 0x5a, 0x07, 0x59, 0xe7, 0x59, 0xe6, 0x59, 0xe6, 0x59, 0xe6, 0x59, 0xe6, 0x51, 0xe6
.byte 0x59, 0xe6, 0x51, 0xe6, 0x51, 0xc6, 0x51, 0xc6, 0x51, 0xc6, 0x51, 0xc6, 0x51, 0xc6, 0x62, 0x28
.byte 0x7a, 0xeb, 0x93, 0x8d, 0x93, 0xce, 0x93, 0x8d, 0x8b, 0x6d, 0x8b, 0x6d, 0x8b, 0x4c, 0x83, 0x2c
.byte 0x83, 0x2b, 0x83, 0x0b, 0x7a, 0xeb, 0x7a, 0xca, 0x6a, 0x89, 0x6a, 0x89, 0x6a, 0x89, 0x6a, 0x89
.byte 0x6a, 0x89, 0x6a, 0x89, 0x6a, 0x69, 0x6a, 0x69, 0x6a, 0x69, 0x5a, 0x07, 0x51, 0xc6, 0x49, 0xa5
.byte 0x49, 0xa5, 0x49, 0xa5, 0x49, 0xa5, 0x49, 0xa6, 0x49, 0xa6, 0x51, 0xa6, 0x51, 0xc6, 0x5a, 0x28
.byte 0x7b, 0x0b, 0x8b, 0xad, 0x8b, 0x6d, 0x8b, 0x6d, 0x8b, 0x8d, 0x8b, 0x8d, 0x8b, 0x8d, 0x8b, 0x8d
.byte 0x8b, 0xae, 0x93, 0xae, 0x93, 0xce, 0x93, 0xce, 0x93, 0xef, 0x9b, 0xef, 0x9c, 0x0f, 0x9c, 0x0f
.byte 0x9c, 0x30, 0xa4, 0x50, 0xa4, 0x50, 0xa4, 0x50, 0xac, 0x71, 0xac, 0x91, 0xac, 0xb1, 0xb4, 0xb2
.byte 0xb4, 0xd2, 0xb4, 0xd2, 0xb4, 0xb2, 0xac, 0x91, 0xac, 0x91, 0xb4, 0xb2, 0xb4, 0xd2, 0xbc, 0xf3
.byte 0xbd, 0x34, 0xc5, 0x54, 0x83, 0x6c, 0x6a, 0x89, 0x6a, 0x69, 0x6a, 0x68, 0x72, 0xa9, 0x72, 0xa9
.byte 0x72, 0xa9, 0x72, 0xa9, 0x72, 0x89, 0x72, 0x89, 0x6a, 0x88, 0x6a, 0x68, 0x6a, 0x68, 0x6a, 0x68
.byte 0x6a, 0x48, 0x6a, 0x48, 0x62, 0x48, 0x62, 0x47, 0x62, 0x47, 0x62, 0x27, 0x62, 0x27, 0x62, 0x27
.byte 0x62, 0x07, 0x5a, 0x07, 0x5a, 0x07, 0x5a, 0x07, 0x5a, 0x07, 0x5a, 0x07, 0x5a, 0x07, 0x59, 0xe7
.byte 0x59, 0xe6, 0x59, 0xe6, 0x59, 0xe6, 0x59, 0xe6, 0x59, 0xe6, 0x51, 0xc6, 0x51, 0xc6, 0x51, 0xc6
.byte 0x51, 0xc6, 0x51, 0xc6, 0x51, 0xc6, 0x51, 0xc6, 0x51, 0xc6, 0x51, 0xc6, 0x59, 0xe6, 0x72, 0xaa
.byte 0x8b, 0x8d, 0x93, 0xae, 0x93, 0x8d, 0x8b, 0x6d, 0x8b, 0x4c, 0x83, 0x2c, 0x83, 0x0b, 0x7b, 0x0b
.byte 0x83, 0x0b, 0x93, 0x8e, 0x9b, 0xef, 0x9c, 0x0f, 0x9c, 0x0f, 0x9c, 0x10, 0x9c, 0x30, 0x9c, 0x0f
.byte 0x9b, 0xef, 0x93, 0xce, 0x7b, 0x0b, 0x51, 0xc6, 0x49, 0x85, 0x49, 0x85, 0x49, 0x85, 0x49, 0xa5
.byte 0x49, 0xa5, 0x49, 0xa6, 0x51, 0xc6, 0x51, 0xe6, 0x62, 0x69, 0x7b, 0x2c, 0x8b, 0x8d, 0x83, 0x4c
.byte 0x83, 0x4c, 0x83, 0x6d, 0x8b, 0x6d, 0x8b, 0x6d, 0x8b, 0x8d, 0x8b, 0x8d, 0x8b, 0x8d, 0x8b, 0xae
.byte 0x93, 0xae, 0x93, 0xce, 0x93, 0xce, 0x9b, 0xef, 0x9b, 0xef, 0x9c, 0x0f, 0x9c, 0x0f, 0x9c, 0x30
.byte 0xa4, 0x30, 0xa4, 0x50, 0xa4, 0x70, 0xac, 0x91, 0xac, 0x91, 0xac, 0x91, 0xac, 0x91, 0xac, 0x71
.byte 0xac, 0x71, 0xac, 0x71, 0xac, 0x91, 0xac, 0x91, 0xb4, 0xb2, 0xb4, 0xd2, 0xbd, 0x13, 0xbd, 0x34
.byte 0xb4, 0xd2, 0x6a, 0x89, 0x6a, 0x69, 0x62, 0x48, 0x72, 0xa9, 0x72, 0xa9, 0x72, 0x89, 0x72, 0x89
.byte 0x72, 0x89, 0x6a, 0x88, 0x6a, 0x68, 0x6a, 0x68, 0x6a, 0x68, 0x6a, 0x48, 0x6a, 0x48, 0x62, 0x48
.byte 0x62, 0x47, 0x62, 0x27, 0x62, 0x27, 0x62, 0x27, 0x62, 0x27, 0x62, 0x07, 0x5a, 0x07, 0x5a, 0x07
.byte 0x5a, 0x07, 0x5a, 0x07, 0x5a, 0x07, 0x59, 0xe7, 0x59, 0xe6, 0x59, 0xe6, 0x59, 0xe6, 0x59, 0xe6
.byte 0x59, 0xe6, 0x59, 0xe6, 0x51, 0xe6, 0x51, 0xc6, 0x51, 0xc6, 0x51, 0xc6, 0x51, 0xc6, 0x51, 0xc6
.byte 0x51, 0xc6, 0x51, 0xc6, 0x51, 0xc6, 0x51, 0xc6, 0x51, 0xc6, 0x51, 0xc6, 0x6a, 0x89, 0x8b, 0x8d
.byte 0x93, 0xae, 0x8b, 0x8d, 0x8b, 0x6d, 0x8b, 0x6c, 0x93, 0xae, 0xa4, 0x30, 0xac, 0x71, 0xdd, 0xd7
.byte 0xf6, 0xdb, 0xf7, 0x1c, 0xf7, 0x3c, 0xf7, 0x3c, 0xf7, 0x3c, 0xf7, 0x1c, 0xf7, 0x1b, 0xe6, 0x99
.byte 0xbc, 0xf3, 0x83, 0x2c, 0x72, 0xca, 0x51, 0xe7, 0x49, 0x85, 0x49, 0xa5, 0x49, 0xa5, 0x51, 0xa6
.byte 0x59, 0xe7, 0x6a, 0x89, 0x83, 0x4c, 0x8b, 0x8d, 0x83, 0x4c, 0x83, 0x4c, 0x83, 0x4c, 0x83, 0x4c
.byte 0x83, 0x6c, 0x83, 0x6d, 0x8b, 0x6d, 0x8b, 0x8d, 0x8b, 0x8d, 0x8b, 0x8d, 0x8b, 0xae, 0x93, 0xae
.byte 0x93, 0xce, 0x93, 0xce, 0x93, 0xef, 0x9b, 0xef, 0x9c, 0x0f, 0x9c, 0x30, 0xa4, 0x50, 0xa4, 0x50
.byte 0xa4, 0x70, 0xa4, 0x70, 0xa4, 0x50, 0xa4, 0x30, 0xa4, 0x30, 0xa4, 0x50, 0xa4, 0x50, 0xa4, 0x71
.byte 0xac, 0x71, 0xac, 0x91, 0xac, 0x91, 0xb4, 0xb2, 0xb4, 0xf2, 0xbd, 0x13, 0xc5, 0x54, 0x6a, 0x89
.byte 0x6a, 0x68, 0x62, 0x48, 0x72, 0xa9, 0x72, 0xa9, 0x72, 0x89, 0x72, 0x89, 0x72, 0x88, 0x6a, 0x68
.byte 0x6a, 0x68, 0x6a, 0x68, 0x6a, 0x68, 0x6a, 0x48, 0x6a, 0x48, 0x62, 0x48, 0x62, 0x27, 0x62, 0x27
.byte 0x62, 0x27, 0x62, 0x27, 0x62, 0x27, 0x62, 0x07, 0x5a, 0x07, 0x5a, 0x07, 0x5a, 0x07, 0x5a, 0x07
.byte 0x59, 0xe7, 0x59, 0xe6, 0x59, 0xe6, 0x59, 0xe6, 0x59, 0xe6, 0x59, 0xe6, 0x59, 0xe6, 0x51, 0xe6
.byte 0x51, 0xc6, 0x51, 0xc6, 0x51, 0xc6, 0x51, 0xc6, 0x51, 0xc6, 0x51, 0xc6, 0x51, 0xc6, 0x51, 0xc6
.byte 0x51, 0xc6, 0x51, 0xc6, 0x51, 0xa6, 0x51, 0xa6, 0x51, 0xa6, 0x6a, 0x68, 0x8b, 0x6d, 0x93, 0x8d
.byte 0x93, 0xae, 0xac, 0x91, 0xcd, 0xb6, 0xff, 0x7d, 0xfe, 0xfb, 0xf6, 0x9a, 0xee, 0x38, 0xe5, 0xf7
.byte 0xdd, 0xd7, 0xdd, 0xf7, 0xdd, 0xf7, 0xdd, 0xf7, 0xdd, 0xd7, 0xdd, 0xd7, 0xe5, 0xf7, 0xee, 0x38
.byte 0xe6, 0x59, 0x93, 0xce, 0x6a, 0x69, 0x5a, 0x07, 0x51, 0xc6, 0x5a, 0x07, 0x6a, 0xa9, 0x83, 0x4c
.byte 0x83, 0x4c, 0x7b, 0x2c, 0x7b, 0x2c, 0x83, 0x2c, 0x83, 0x4c, 0x83, 0x4c, 0x83, 0x4c, 0x83, 0x4c
.byte 0x83, 0x6d, 0x8b, 0x6d, 0x8b, 0x8d, 0x8b, 0x8d, 0x8b, 0x8d, 0x8b, 0xae, 0x93, 0xae, 0x93, 0xce
.byte 0x93, 0xce, 0x9b, 0xef, 0x9c, 0x0f, 0x9c, 0x30, 0x9c, 0x30, 0xa4, 0x50, 0x9c, 0x0f, 0x9b, 0xef
.byte 0x9c, 0x0f, 0x9c, 0x0f, 0x9c, 0x0f, 0xa4, 0x30, 0xa4, 0x50, 0xa4, 0x50, 0xac, 0x71, 0xac, 0x91
.byte 0xac, 0x91, 0xac, 0x91, 0xb4, 0xb2, 0xb4, 0xd2, 0xbd, 0x13, 0x72, 0xca, 0x6a, 0x69, 0x62, 0x48
.byte 0x72, 0xa9, 0x72, 0xa9, 0x72, 0x89, 0x72, 0x88, 0x6a, 0x88, 0x6a, 0x68, 0x6a, 0x68, 0x6a, 0x68
.byte 0x6a, 0x48, 0x62, 0x48, 0x62, 0x47, 0x62, 0x27, 0x62, 0x27, 0x62, 0x27, 0x62, 0x27, 0x62, 0x07
.byte 0x5a, 0x07, 0x5a, 0x07, 0x5a, 0x07, 0x5a, 0x07, 0x5a, 0x07, 0x5a, 0x06, 0x59, 0xe6, 0x59, 0xe6
.byte 0x59, 0xe6, 0x59, 0xe6, 0x59, 0xe6, 0x51, 0xe6, 0x51, 0xe6, 0x51, 0xc6, 0x51, 0xe6, 0x51, 0xc6
.byte 0x51, 0xc6, 0x51, 0xc6, 0x51, 0xc6, 0x51, 0xc6, 0x51, 0xc6, 0x51, 0xc6, 0x51, 0xc6, 0x51, 0xa6
.byte 0x51, 0xa6, 0x51, 0xa6, 0x49, 0xa5, 0x49, 0xa5, 0x62, 0x48, 0x93, 0xae, 0xbd, 0x34, 0xff, 0x7d
.byte 0xff, 0x5d, 0xf6, 0xfb, 0xee, 0x79, 0xe5, 0xf7, 0xdd, 0xb6, 0xcd, 0x55, 0xcd, 0x34, 0xc5, 0x34
.byte 0xc5, 0x34, 0xc5, 0x14, 0xc5, 0x13, 0xc4, 0xf3, 0xc5, 0x13, 0xcd, 0x54, 0xdd, 0xb6, 0xee, 0x59
.byte 0xd5, 0xf7, 0x94, 0x0f, 0x62, 0x89, 0x72, 0xca, 0x83, 0x2c, 0x7b, 0x0b, 0x72, 0xeb, 0x7a, 0xeb
.byte 0x7b, 0x0b, 0x7b, 0x2c, 0x7b, 0x2c, 0x83, 0x2c, 0x83, 0x2c, 0x83, 0x4c, 0x83, 0x4c, 0x83, 0x6d
.byte 0x83, 0x6d, 0x8b, 0x8d, 0x8b, 0x8d, 0x8b, 0xad, 0x8b, 0xae, 0x93, 0xce, 0x93, 0xce, 0x93, 0xef
.byte 0x9c, 0x0f, 0x9c, 0x0f, 0x93, 0xef, 0x93, 0xce, 0x93, 0xcf, 0x93, 0xef, 0x9b, 0xef, 0x9b, 0xef
.byte 0x9c, 0x0f, 0x9c, 0x0f, 0xa4, 0x30, 0xa4, 0x50, 0xa4, 0x50, 0xac, 0x71, 0xac, 0x91, 0xac, 0x91
.byte 0xac, 0x91, 0xb4, 0xb2, 0xb4, 0xf3, 0x93, 0xae, 0x6a, 0x69, 0x62, 0x48, 0x72, 0x89, 0x72, 0x89
.byte 0x72, 0x89, 0x6a, 0x88, 0x6a, 0x68, 0x6a, 0x68, 0x6a, 0x68, 0x6a, 0x48, 0x6a, 0x48, 0x62, 0x47
.byte 0x62, 0x47, 0x62, 0x27, 0x62, 0x27, 0x62, 0x27, 0x62, 0x07, 0x5a, 0x07, 0x5a, 0x07, 0x5a, 0x07
.byte 0x5a, 0x07, 0x5a, 0x07, 0x59, 0xe6, 0x59, 0xe6, 0x59, 0xe6, 0x59, 0xe6, 0x59, 0xe6, 0x59, 0xe6
.byte 0x59, 0xe6, 0x51, 0xc6, 0x51, 0xe6, 0x51, 0xc6, 0x51, 0xc6, 0x51, 0xc6, 0x51, 0xc6, 0x51, 0xc6
.byte 0x51, 0xc6, 0x51, 0xc6, 0x51, 0xc6, 0x51, 0xc6, 0x51, 0xa6, 0x51, 0xa6, 0x51, 0xa6, 0x51, 0xa6
.byte 0x51, 0xc6, 0x51, 0xe6, 0x72, 0xca, 0xbd, 0x34, 0xff, 0x5d, 0xfe, 0xfb, 0xf6, 0x9a, 0xe6, 0x38
.byte 0xdd, 0xd7, 0xd5, 0x96, 0xcd, 0x54, 0xc4, 0xf3, 0xbc, 0xb2, 0xb4, 0x92, 0xb4, 0x71, 0xb4, 0x71
.byte 0xb4, 0x71, 0xb4, 0x71, 0xb4, 0x71, 0xb4, 0xb2, 0xc5, 0x14, 0xd5, 0xb6, 0xe6, 0x58, 0xf6, 0xfb
.byte 0xc5, 0x75, 0x83, 0x6d, 0x72, 0xeb, 0x72, 0xca, 0x72, 0xca, 0x72, 0xeb, 0x7a, 0xeb, 0x7b, 0x0b
.byte 0x7b, 0x0b, 0x7b, 0x2c, 0x7b, 0x2c, 0x83, 0x4c, 0x83, 0x4c, 0x83, 0x4c, 0x83, 0x6d, 0x83, 0x6d
.byte 0x8b, 0x8d, 0x8b, 0xae, 0x93, 0xce, 0x93, 0xce, 0x93, 0xef, 0x93, 0xae, 0x8b, 0xad, 0x8b, 0xae
.byte 0x93, 0xae, 0x93, 0xce, 0x93, 0xce, 0x93, 0xce, 0x93, 0xef, 0x9b, 0xef, 0x9c, 0x0f, 0x9c, 0x0f
.byte 0x9c, 0x2f, 0xa4, 0x30, 0xa4, 0x50, 0xa4, 0x50, 0xac, 0x71, 0xac, 0x71, 0xac, 0x91, 0xac, 0xb2
.byte 0xb4, 0xd2, 0xac, 0x91, 0x6a, 0x89, 0x62, 0x48, 0x72, 0x89, 0x6a, 0x88, 0x6a, 0x88, 0x6a, 0x68
.byte 0x6a, 0x68, 0x6a, 0x68, 0x6a, 0x68, 0x6a, 0x48, 0x62, 0x48, 0x62, 0x47, 0x62, 0x27, 0x62, 0x27
.byte 0x62, 0x27, 0x62, 0x27, 0x5a, 0x07, 0x5a, 0x07, 0x5a, 0x07, 0x5a, 0x07, 0x5a, 0x07, 0x59, 0xe6
.byte 0x59, 0xe6, 0x59, 0xe6, 0x59, 0xe6, 0x59, 0xe6, 0x59, 0xe6, 0x51, 0xc6, 0x51, 0xe6, 0x51, 0xc6
.byte 0x51, 0xc6, 0x51, 0xc6, 0x51, 0xc6, 0x51, 0xc6, 0x51, 0xc6, 0x51, 0xc6, 0x51, 0xc6, 0x51, 0xc6
.byte 0x51, 0xa6, 0x51, 0xa6, 0x51, 0xa5, 0x51, 0xa5, 0x51, 0xa5, 0x51, 0xa5, 0x51, 0xc6, 0x72, 0xca
.byte 0xbd, 0x55, 0xff, 0x5d, 0xf6, 0xba, 0xee, 0x38, 0xdd, 0xf7, 0xdd, 0xb6, 0xcd, 0x75, 0xc5, 0x34
.byte 0xbc, 0xf3, 0xb4, 0xb2, 0xac, 0x50, 0xa4, 0x10, 0xa4, 0x0f, 0xa3, 0xef, 0xa3, 0xef, 0x9b, 0xef
.byte 0x9b, 0xef, 0xa4, 0x30, 0xac, 0x91, 0xbd, 0x13, 0xd5, 0xb6, 0xe6, 0x38, 0xf6, 0xda, 0xbd, 0x34
.byte 0x72, 0xeb, 0x6a, 0xaa, 0x72, 0xca, 0x72, 0xca, 0x72, 0xeb, 0x7b, 0x0b, 0x7b, 0x0b, 0x7b, 0x0b
.byte 0x7b, 0x2c, 0x7b, 0x2c, 0x83, 0x4c, 0x83, 0x4c, 0x83, 0x6d, 0x8b, 0x8d, 0x8b, 0xad, 0x93, 0xce
.byte 0x8b, 0xae, 0x83, 0x6d, 0x83, 0x6d, 0x8b, 0x6d, 0x8b, 0x8d, 0x8b, 0x8d, 0x8b, 0xae, 0x93, 0xae
.byte 0x93, 0xae, 0x93, 0xce, 0x93, 0xee, 0x93, 0xef, 0x9b, 0xef, 0x9c, 0x0f, 0x9c, 0x0f, 0xa4, 0x30
.byte 0xa4, 0x30, 0xa4, 0x50, 0xa4, 0x70, 0xac, 0x71, 0xac, 0x71, 0xac, 0x91, 0xb4, 0xd2, 0xb4, 0xd2
.byte 0x6a, 0x69, 0x62, 0x48, 0x72, 0x89, 0x6a, 0x88, 0x6a, 0x68, 0x6a, 0x68, 0x6a, 0x68, 0x6a, 0x48
.byte 0x6a, 0x48, 0x62, 0x48, 0x62, 0x47, 0x62, 0x27, 0x62, 0x27, 0x62, 0x27, 0x62, 0x27, 0x62, 0x27
.byte 0x5a, 0x07, 0x5a, 0x07, 0x5a, 0x07, 0x5a, 0x07, 0x59, 0xe6, 0x59, 0xe6, 0x59, 0xe6, 0x59, 0xe6
.byte 0x51, 0xe6, 0x59, 0xe6, 0x51, 0xe6, 0x51, 0xe6, 0x51, 0xc6, 0x51, 0xc6, 0x51, 0xc6, 0x51, 0xc6
.byte 0x51, 0xc6, 0x51, 0xc6, 0x51, 0xc6, 0x51, 0xc6, 0x51, 0xc6, 0x51, 0xc6, 0x51, 0xc6, 0x51, 0xa6
.byte 0x51, 0xa5, 0x49, 0xa5, 0x49, 0x85, 0x49, 0x85, 0x5a, 0x27, 0xac, 0xd2, 0xff, 0x7d, 0xf6, 0xba
.byte 0xe6, 0x17, 0xd5, 0x96, 0xd5, 0x75, 0xcd, 0x34, 0xc5, 0x13, 0xbc, 0xd2, 0xb4, 0x91, 0xac, 0x50
.byte 0x9b, 0xef, 0x9b, 0xce, 0x93, 0xae, 0x93, 0x8e, 0x93, 0x8d, 0x93, 0x8d, 0x93, 0x8d, 0x93, 0xce
.byte 0xa4, 0x30, 0xb4, 0x91, 0xbc, 0xf3, 0xcd, 0x75, 0xdd, 0xf7, 0xee, 0x99, 0xb5, 0x13, 0x6a, 0xaa
.byte 0x6a, 0xaa, 0x72, 0xca, 0x72, 0xca, 0x72, 0xeb, 0x7b, 0x0b, 0x7b, 0x0b, 0x7b, 0x2c, 0x83, 0x4c
.byte 0x83, 0x4c, 0x83, 0x6d, 0x8b, 0xad, 0x8b, 0x8d, 0x83, 0x4c, 0x83, 0x4c, 0x83, 0x4c, 0x83, 0x4c
.byte 0x83, 0x6d, 0x83, 0x6d, 0x8b, 0x8d, 0x8b, 0x8d, 0x8b, 0x8d, 0x8b, 0xae, 0x93, 0xae, 0x93, 0xce
.byte 0x93, 0xce, 0x93, 0xef, 0x9b, 0xef, 0x9c, 0x0f, 0x9c, 0x0f, 0x9c, 0x0f, 0xa4, 0x30, 0xa4, 0x30
.byte 0xa4, 0x50, 0xa4, 0x71, 0xac, 0x71, 0xac, 0x91, 0xb4, 0xb2, 0xb4, 0xf3, 0x6a, 0x89, 0x62, 0x48
.byte 0x72, 0x88, 0x6a, 0x68, 0x6a, 0x68, 0x6a, 0x68, 0x6a, 0x68, 0x6a, 0x48, 0x6a, 0x48, 0x62, 0x48
.byte 0x62, 0x47, 0x62, 0x27, 0x62, 0x27, 0x62, 0x47, 0x62, 0x47, 0x62, 0x27, 0x62, 0x27, 0x62, 0x07
.byte 0x5a, 0x07, 0x5a, 0x07, 0x59, 0xe6, 0x59, 0xe6, 0x59, 0xe6, 0x59, 0xe6, 0x59, 0xe6, 0x51, 0xe6
.byte 0x51, 0xe6, 0x59, 0xe6, 0x51, 0xe6, 0x59, 0xe6, 0x51, 0xe6, 0x51, 0xe6, 0x51, 0xc6, 0x51, 0xc6
.byte 0x51, 0xc6, 0x51, 0xc6, 0x51, 0xc6, 0x51, 0xc6, 0x51, 0xc6, 0x51, 0xc6, 0x51, 0xa6, 0x51, 0xa5
.byte 0x49, 0xa5, 0x49, 0x85, 0x94, 0x50, 0xf7, 0x7d, 0xf6, 0xba, 0xe5, 0xf7, 0xd5, 0x75, 0xcd, 0x14
.byte 0xc4, 0xf3, 0xbc, 0xd3, 0xb4, 0x92, 0xac, 0x71, 0xac, 0x30, 0xa3, 0xef, 0x93, 0xae, 0x93, 0x8d
.byte 0x8b, 0x6d, 0x8b, 0x4d, 0x8b, 0x4c, 0x83, 0x2c, 0x8b, 0x4c, 0x93, 0xae, 0x9b, 0xef, 0xa4, 0x30
.byte 0xac, 0x71, 0xbc, 0xd2, 0xcd, 0x55, 0xe6, 0x38, 0xdd, 0xf7, 0x9c, 0x0f, 0x6a, 0xaa, 0x72, 0xca
.byte 0x72, 0xea, 0x72, 0xeb, 0x7b, 0x0b, 0x7b, 0x2c, 0x83, 0x4c, 0x8b, 0x8d, 0x8b, 0x8d, 0x7b, 0x0b
.byte 0x7b, 0x0b, 0x7b, 0x0c, 0x7b, 0x2c, 0x83, 0x2c, 0x83, 0x4c, 0x83, 0x4c, 0x83, 0x4c, 0x83, 0x4d
.byte 0x83, 0x6d, 0x8b, 0x6d, 0x8b, 0x8d, 0x8b, 0xad, 0x8b, 0xae, 0x93, 0xae, 0x93, 0xce, 0x93, 0xee
.byte 0x9b, 0xef, 0x9b, 0xef, 0x9c, 0x0f, 0x9c, 0x0f, 0x9c, 0x30, 0xa4, 0x30, 0xa4, 0x50, 0xa4, 0x50
.byte 0xac, 0x71, 0xac, 0x71, 0xb4, 0xb2, 0xb4, 0xd2, 0x6a, 0x89, 0x62, 0x28, 0x6a, 0x68, 0x6a, 0x68
.byte 0x6a, 0x68, 0x6a, 0x68, 0x6a, 0x68, 0x6a, 0x68, 0x6a, 0x68, 0x72, 0xa9, 0x7a, 0xea, 0x83, 0x2b
.byte 0x83, 0x2c, 0x83, 0x2c, 0x83, 0x2c, 0x83, 0x2c, 0x83, 0x2c, 0x83, 0x0b, 0x83, 0x0b, 0x7a, 0xeb
.byte 0x7a, 0xca, 0x7a, 0xca, 0x72, 0xaa, 0x72, 0xaa, 0x72, 0xaa, 0x72, 0xaa, 0x72, 0x8a, 0x72, 0x8a
.byte 0x6a, 0x89, 0x6a, 0x89, 0x6a, 0x89, 0x6a, 0x69, 0x62, 0x48, 0x5a, 0x07, 0x59, 0xe6, 0x51, 0xc6
.byte 0x51, 0xc6, 0x51, 0xc6, 0x51, 0xc6, 0x51, 0xc6, 0x51, 0xc6, 0x51, 0xc6, 0x51, 0xc6, 0x7b, 0x2c
.byte 0xcd, 0xf7, 0xf7, 0x3c, 0xe6, 0x38, 0xd5, 0x95, 0xc5, 0x14, 0xbc, 0xd2, 0xb4, 0x92, 0xb4, 0x71
.byte 0xac, 0x50, 0xa4, 0x10, 0x9b, 0xef, 0x93, 0xae, 0x8b, 0x6d, 0x83, 0x4c, 0x83, 0x2c, 0x83, 0x0c
.byte 0x7b, 0x0b, 0x83, 0x0b, 0x83, 0x4c, 0x8b, 0x6d, 0x93, 0xae, 0x9b, 0xef, 0xa4, 0x30, 0xac, 0x91
.byte 0xbc, 0xf3, 0xd5, 0xb6, 0xee, 0x99, 0xbd, 0x14, 0x6a, 0xa9, 0x72, 0xea, 0x72, 0xeb, 0x7b, 0x0b
.byte 0x7b, 0x2c, 0x7b, 0x2c, 0x72, 0xeb, 0x72, 0xeb, 0x7a, 0xeb, 0x7b, 0x0b, 0x7b, 0x0b, 0x7b, 0x0b
.byte 0x7b, 0x2c, 0x7b, 0x2c, 0x83, 0x2c, 0x83, 0x4c, 0x83, 0x4c, 0x83, 0x4c, 0x83, 0x6d, 0x8b, 0x6d
.byte 0x8b, 0x8d, 0x8b, 0x8d, 0x8b, 0xad, 0x93, 0xae, 0x93, 0xce, 0x93, 0xce, 0x93, 0xef, 0x9b, 0xef
.byte 0x9b, 0xef, 0x9c, 0x0f, 0x9c, 0x0f, 0xa4, 0x30, 0xa4, 0x30, 0xa4, 0x50, 0xa4, 0x50, 0xac, 0x71
.byte 0xac, 0x91, 0xb4, 0xb2, 0x72, 0xaa, 0x62, 0x48, 0x6a, 0x68, 0x6a, 0x68, 0x6a, 0x68, 0x6a, 0x48
.byte 0x8b, 0x6c, 0x9b, 0xcf, 0x9b, 0xce, 0x93, 0xce, 0x93, 0xae, 0x93, 0x8d, 0x8b, 0x6d, 0x8b, 0x4c
.byte 0x83, 0x4c, 0x83, 0x2c, 0x83, 0x2b, 0x83, 0x0b, 0x83, 0x0b, 0x7b, 0x0b, 0x7a, 0xeb, 0x7a, 0xca
.byte 0x7a, 0xca, 0x72, 0xca, 0x72, 0xaa, 0x72, 0xaa, 0x72, 0xa9, 0x72, 0x89, 0x6a, 0xa9, 0x6a, 0x89
.byte 0x6a, 0x89, 0x6a, 0x89, 0x6a, 0x89, 0x6a, 0x69, 0x6a, 0x69, 0x6a, 0x69, 0x6a, 0x69, 0x6a, 0x69
.byte 0x6a, 0x69, 0x62, 0x48, 0x5a, 0x27, 0x59, 0xe7, 0x51, 0xa5, 0xa4, 0x91, 0xff, 0x7d, 0xf6, 0xba
.byte 0xdd, 0xd7, 0xcd, 0x55, 0xbc, 0xd3, 0xb4, 0x91, 0xac, 0x50, 0xa4, 0x10, 0xa3, 0xef, 0x9b, 0xce
.byte 0x93, 0xae, 0x8b, 0x6d, 0x83, 0x2c, 0x83, 0x0b, 0x7a, 0xeb, 0x7a, 0xeb, 0x7a, 0xcb, 0x7a, 0xeb
.byte 0x7b, 0x0b, 0x83, 0x2c, 0x8b, 0x6d, 0x93, 0xae, 0x9b, 0xef, 0xa4, 0x30, 0xb4, 0x91, 0xc5, 0x34
.byte 0xdd, 0xf7, 0xdd, 0xf7, 0xa4, 0x50, 0x72, 0xca, 0x72, 0xca, 0x6a, 0xaa, 0x72, 0xca, 0x72, 0xca
.byte 0x72, 0xca, 0x72, 0xeb, 0x72, 0xeb, 0x7a, 0xeb, 0x7b, 0x0b, 0x7b, 0x0b, 0x7b, 0x0b, 0x7b, 0x2c
.byte 0x83, 0x2c, 0x83, 0x4c, 0x83, 0x4c, 0x83, 0x4c, 0x83, 0x4c, 0x83, 0x6d, 0x8b, 0x8d, 0x8b, 0x8d
.byte 0x8b, 0x8d, 0x93, 0xae, 0x93, 0xae, 0x93, 0xce, 0x93, 0xce, 0x93, 0xef, 0x9b, 0xef, 0x9c, 0x0f
.byte 0x9c, 0x0f, 0x9c, 0x30, 0xa4, 0x30, 0xa4, 0x30, 0xa4, 0x50, 0xa4, 0x70, 0xac, 0x91, 0xac, 0xb2
.byte 0x72, 0xa9, 0x62, 0x48, 0x6a, 0x68, 0x6a, 0x68, 0x6a, 0x88, 0x9b, 0xee, 0xa3, 0xef, 0x9b, 0xef
.byte 0x9b, 0xcf, 0x9b, 0xce, 0x93, 0xae, 0x93, 0x8d, 0x93, 0x8d, 0x8b, 0x6d, 0x8b, 0x4c, 0x83, 0x4c
.byte 0x83, 0x2c, 0x83, 0x0c, 0x83, 0x0b, 0x7b, 0x0b, 0x7a, 0xeb, 0x7a, 0xeb, 0x7a, 0xea, 0x7a, 0xca
.byte 0x72, 0xca, 0x72, 0xaa, 0x72, 0xaa, 0x72, 0xaa, 0x72, 0xa9, 0x72, 0x89, 0x6a, 0x89, 0x6a, 0x89
.byte 0x6a, 0x89, 0x6a, 0x89, 0x6a, 0x69, 0x6a, 0x69, 0x6a, 0x69, 0x6a, 0x69, 0x6a, 0x68, 0x62, 0x48
.byte 0x62, 0x28, 0x62, 0x28, 0x62, 0x48, 0xb5, 0x14, 0xf7, 0x3c, 0xe6, 0x38, 0xcd, 0x75, 0xc4, 0xf3
.byte 0xb4, 0x91, 0xac, 0x50, 0xa4, 0x0f, 0x9b, 0xcf, 0x93, 0xae, 0x93, 0x8d, 0x8b, 0x6d, 0x83, 0x2c
.byte 0x83, 0x0b, 0x7a, 0xcb, 0x72, 0xca, 0x72, 0xaa, 0x72, 0xca, 0x72, 0xca, 0x7a, 0xeb, 0x7b, 0x0b
.byte 0x83, 0x2c, 0x8b, 0x6d, 0x93, 0xae, 0x9b, 0xef, 0xac, 0x50, 0xbc, 0xd2, 0xd5, 0x95, 0xe6, 0x79
.byte 0xbd, 0x54, 0x6a, 0x89, 0x6a, 0xaa, 0x6a, 0xaa, 0x72, 0xca, 0x72, 0xca, 0x72, 0xca, 0x72, 0xeb
.byte 0x72, 0xeb, 0x72, 0xeb, 0x7b, 0x0b, 0x7b, 0x0b, 0x7b, 0x0b, 0x7b, 0x2b, 0x7b, 0x2c, 0x83, 0x2c
.byte 0x83, 0x4c, 0x83, 0x4c, 0x83, 0x4c, 0x83, 0x6d, 0x8b, 0x6d, 0x8b, 0x8d, 0x8b, 0x8d, 0x8b, 0xae
.byte 0x93, 0xae, 0x93, 0xae, 0x93, 0xce, 0x93, 0xee, 0x9b, 0xef, 0x9c, 0x0f, 0x9c, 0x0f, 0x9c, 0x0f
.byte 0x9c, 0x30, 0xa4, 0x30, 0xa4, 0x50, 0xa4, 0x50, 0xac, 0x71, 0xac, 0x91, 0x6a, 0x89, 0x62, 0x48
.byte 0x6a, 0x68, 0x6a, 0x88, 0xa4, 0x30, 0xa4, 0x0f, 0xa4, 0x0f, 0xa3, 0xef, 0x9b, 0xef, 0x9b, 0xce
.byte 0x9b, 0xce, 0x93, 0xae, 0x93, 0x8d, 0x93, 0x8d, 0x8b, 0x6d, 0x8b, 0x4c, 0x83, 0x4c, 0x83, 0x2c
.byte 0x83, 0x0b, 0x83, 0x0b, 0x7b, 0x0b, 0x7a, 0xeb, 0x7a, 0xeb, 0x7a, 0xca, 0x72, 0xca, 0x72, 0xca
.byte 0x72, 0xaa, 0x72, 0xaa, 0x72, 0xa9, 0x72, 0xa9, 0x6a, 0x89, 0x6a, 0x89, 0x6a, 0x89, 0x6a, 0x69
.byte 0x6a, 0x69, 0x6a, 0x69, 0x6a, 0x69, 0x6a, 0x68, 0x62, 0x48, 0x62, 0x48, 0x62, 0x28, 0x62, 0x28
.byte 0x8b, 0x8d, 0xd6, 0x18, 0xf6, 0xdb, 0xdd, 0xf7, 0xcd, 0x34, 0xbc, 0xd2, 0xb4, 0x71, 0xac, 0x30
.byte 0x9b, 0xef, 0x93, 0xae, 0x8b, 0x8d, 0x8b, 0x4c, 0x83, 0x2c, 0x83, 0x0b, 0x7a, 0xeb, 0x72, 0xaa
.byte 0x6a, 0x89, 0x6a, 0x89, 0x72, 0xa9, 0x72, 0xaa, 0x72, 0xca, 0x7a, 0xeb, 0x83, 0x0b, 0x83, 0x4c
.byte 0x8b, 0x8d, 0x9b, 0xce, 0xa4, 0x30, 0xb4, 0xb2, 0xcd, 0x75, 0xe6, 0x58, 0xbd, 0x34, 0x6a, 0x89
.byte 0x6a, 0xa9, 0x6a, 0xaa, 0x72, 0xaa, 0x72, 0xca, 0x72, 0xca, 0x72, 0xca, 0x72, 0xeb, 0x7a, 0xeb
.byte 0x7a, 0xeb, 0x7b, 0x0b, 0x7b, 0x0b, 0x7b, 0x0b, 0x7b, 0x2c, 0x83, 0x2c, 0x83, 0x2c, 0x83, 0x4c
.byte 0x83, 0x4c, 0x83, 0x4c, 0x8b, 0x6d, 0x8b, 0x6d, 0x8b, 0x8d, 0x8b, 0xad, 0x8b, 0xae, 0x93, 0xae
.byte 0x93, 0xce, 0x93, 0xce, 0x93, 0xef, 0x9b, 0xef, 0x9c, 0x0f, 0x9c, 0x0f, 0x9c, 0x2f, 0xa4, 0x30
.byte 0xa4, 0x30, 0xa4, 0x50, 0xa4, 0x71, 0xac, 0x91, 0x6a, 0x89, 0x62, 0x48, 0x6a, 0x88, 0x9b, 0xef
.byte 0xb4, 0x71, 0xac, 0x50, 0xac, 0x30, 0xa4, 0x0f, 0xa3, 0xef, 0x9b, 0xef, 0x9b, 0xce, 0x9b, 0xce
.byte 0x93, 0xae, 0x93, 0x8d, 0x8b, 0x8d, 0x8b, 0x6c, 0x8b, 0x4c, 0x83, 0x2c, 0x83, 0x2b, 0x83, 0x0b
.byte 0x7b, 0x0b, 0x7a, 0xeb, 0x7a, 0xeb, 0x7a, 0xea, 0x7a, 0xca, 0x72, 0xca, 0x72, 0xca, 0x72, 0xaa
.byte 0x72, 0xaa, 0x72, 0xa9, 0x6a, 0x89, 0x6a, 0x89, 0x6a, 0x89, 0x6a, 0x89, 0x6a, 0x69, 0x6a, 0x69
.byte 0x6a, 0x69, 0x62, 0x48, 0x62, 0x48, 0x62, 0x48, 0x62, 0x28, 0x62, 0x28, 0xa4, 0x91, 0xee, 0xfb
.byte 0xf6, 0xba, 0xdd, 0xd7, 0xc5, 0x34, 0xbc, 0xb2, 0xac, 0x50, 0xa4, 0x0f, 0x9b, 0xce, 0x93, 0x8e
.byte 0x8b, 0x6d, 0x83, 0x2c, 0x7b, 0x0b, 0x7a, 0xca, 0x72, 0xaa, 0x6a, 0x89, 0x6a, 0x69, 0x6a, 0x69
.byte 0x6a, 0x89, 0x6a, 0xa9, 0x72, 0xaa, 0x7a, 0xea, 0x7b, 0x0b, 0x83, 0x4c, 0x8b, 0x8d, 0x93, 0xce
.byte 0xa4, 0x30, 0xb4, 0xb2, 0xcd, 0x55, 0xe6, 0x38, 0xc5, 0x34, 0x72, 0xaa, 0x6a, 0xa9, 0x6a, 0xaa
.byte 0x72, 0xaa, 0x72, 0xca, 0x72, 0xca, 0x72, 0xca, 0x72, 0xea, 0x72, 0xeb, 0x7a, 0xeb, 0x7b, 0x0b
.byte 0x7b, 0x0b, 0x7b, 0x0b, 0x7b, 0x0b, 0x7b, 0x2c, 0x83, 0x2c, 0x83, 0x4c, 0x83, 0x4c, 0x83, 0x4c
.byte 0x8b, 0x6d, 0x8b, 0x6d, 0x8b, 0x8d, 0x8b, 0x8d, 0x8b, 0xad, 0x93, 0xae, 0x93, 0xce, 0x93, 0xce
.byte 0x93, 0xce, 0x9b, 0xef, 0x9c, 0x0f, 0x9c, 0x0f, 0x9c, 0x0f, 0x9c, 0x30, 0xa4, 0x30, 0xa4, 0x30
.byte 0xa4, 0x50, 0xac, 0x71, 0x6a, 0x69, 0x62, 0x48, 0x6a, 0x89, 0xbc, 0xb2, 0xb4, 0x91, 0xac, 0x71
.byte 0xac, 0x50, 0xa4, 0x30, 0xa4, 0x0f, 0xa3, 0xef, 0x9b, 0xce, 0x9b, 0xce, 0x93, 0xae, 0x93, 0xad
.byte 0x93, 0x8d, 0x8b, 0x6d, 0x8b, 0x4c, 0x83, 0x2c, 0x83, 0x2c, 0x83, 0x0b, 0x83, 0x0b, 0x7a, 0xeb
.byte 0x7a, 0xeb, 0x7a, 0xea, 0x7a, 0xca, 0x72, 0xca, 0x72, 0xca, 0x72, 0xaa, 0x72, 0xaa, 0x72, 0xa9
.byte 0x72, 0xa9, 0x6a, 0x89, 0x6a, 0x89, 0x6a, 0x89, 0x6a, 0x69, 0x6a, 0x69, 0x6a, 0x69, 0x62, 0x48
.byte 0x62, 0x48, 0x62, 0x48, 0x62, 0x48, 0x62, 0x28, 0xac, 0xf3, 0xf7, 0x1c, 0xee, 0x7a, 0xd5, 0x96
.byte 0xc4, 0xf3, 0xb4, 0x91, 0xac, 0x30, 0xa3, 0xef, 0x93, 0xae, 0x8b, 0x6d, 0x83, 0x4c, 0x7b, 0x0b
.byte 0x7a, 0xeb, 0x72, 0xaa, 0x6a, 0x89, 0x6a, 0x69, 0x6a, 0x69, 0x6a, 0x69, 0x6a, 0x89, 0x6a, 0xa9
.byte 0x72, 0xca, 0x7a, 0xeb, 0x7b, 0x0b, 0x83, 0x4c, 0x8b, 0x8d, 0x93, 0xce, 0xa4, 0x30, 0xb4, 0xb2
.byte 0xcd, 0x55, 0xe6, 0x38, 0xc5, 0x75, 0x7b, 0x0c, 0x6a, 0x89, 0x6a, 0xa9, 0x6a, 0xaa, 0x72, 0xca
.byte 0x72, 0xca, 0x72, 0xca, 0x72, 0xca, 0x72, 0xeb, 0x7a, 0xeb, 0x7a, 0xeb, 0x7b, 0x0b, 0x7b, 0x0b
.byte 0x7b, 0x0b, 0x7b, 0x2c, 0x83, 0x2c, 0x83, 0x2c, 0x83, 0x4c, 0x83, 0x4c, 0x83, 0x6d, 0x8b, 0x6d
.byte 0x8b, 0x8d, 0x8b, 0x8d, 0x8b, 0x8d, 0x93, 0xae, 0x93, 0xae, 0x93, 0xce, 0x93, 0xce, 0x93, 0xef
.byte 0x9b, 0xef, 0x9c, 0x0f, 0x9c, 0x0f, 0x9c, 0x0f, 0x9c, 0x30, 0xa4, 0x30, 0xa4, 0x50, 0xa4, 0x70
.byte 0x6a, 0x69, 0x62, 0x48, 0x6a, 0x89, 0xbc, 0xd2, 0xb4, 0x91, 0xb4, 0x71, 0xac, 0x50, 0xac, 0x50
.byte 0xa4, 0x30, 0xa4, 0x0f, 0x9b, 0xef, 0x9b, 0xce, 0x9b, 0xae, 0x93, 0xae, 0x93, 0x8d, 0x8b, 0x6d
.byte 0x8b, 0x6d, 0x8b, 0x4c, 0x83, 0x2c, 0x83, 0x2b, 0x83, 0x0b, 0x7b, 0x0b, 0x7a, 0xeb, 0x7a, 0xeb
.byte 0x7a, 0xea, 0x7a, 0xca, 0x72, 0xca, 0x72, 0xca, 0x72, 0xaa, 0x72, 0xaa, 0x6a, 0x89, 0x6a, 0x89
.byte 0x6a, 0x89, 0x6a, 0x89, 0x6a, 0x69, 0x6a, 0x69, 0x6a, 0x68, 0x62, 0x68, 0x62, 0x48, 0x62, 0x48
.byte 0x62, 0x48, 0x62, 0x48, 0xac, 0xf3, 0xf6, 0xfc, 0xee, 0x38, 0xcd, 0x55, 0xbc, 0xd2, 0xb4, 0x71
.byte 0xa4, 0x10, 0x9b, 0xcf, 0x93, 0x8d, 0x8b, 0x4c, 0x83, 0x2c, 0x7a, 0xeb, 0x72, 0xca, 0x6a, 0x89
.byte 0x6a, 0x69, 0x62, 0x69, 0x6a, 0x69, 0x6a, 0x69, 0x6a, 0x89, 0x72, 0xaa, 0x72, 0xca, 0x7a, 0xeb
.byte 0x7b, 0x0b, 0x83, 0x4c, 0x8b, 0x8d, 0x93, 0xce, 0xa4, 0x30, 0xb4, 0xb2, 0xcd, 0x54, 0xe6, 0x17
.byte 0xc5, 0x55, 0x7b, 0x0b, 0x6a, 0x69, 0x6a, 0x89, 0x6a, 0x89, 0x72, 0xaa, 0x72, 0xca, 0x72, 0xca
.byte 0x72, 0xca, 0x72, 0xea, 0x72, 0xeb, 0x7a, 0xeb, 0x7a, 0xeb, 0x7b, 0x0b, 0x7b, 0x0b, 0x7b, 0x0b
.byte 0x7b, 0x2c, 0x83, 0x2c, 0x83, 0x4c, 0x83, 0x4c, 0x83, 0x4c, 0x8b, 0x6d, 0x8b, 0x6d, 0x8b, 0x8d
.byte 0x8b, 0x8d, 0x8b, 0xad, 0x93, 0xae, 0x93, 0xae, 0x93, 0xce, 0x93, 0xce, 0x9b, 0xef, 0x9c, 0x0f
.byte 0x9c, 0x0f, 0x9c, 0x0f, 0x9c, 0x0f, 0x9c, 0x2f, 0xa4, 0x30, 0x9b, 0xef, 0x6a, 0x69, 0x62, 0x48
.byte 0x72, 0xa9, 0xbc, 0xd2, 0xb4, 0xb2, 0xb4, 0x91, 0xac, 0x71, 0xac, 0x50, 0xac, 0x30, 0xa4, 0x0f
.byte 0xa3, 0xef, 0x9b, 0xef, 0x9b, 0xce, 0x93, 0xae, 0x93, 0x8d, 0x93, 0x8d, 0x8b, 0x6d, 0x8b, 0x4c
.byte 0x8b, 0x4c, 0x83, 0x2c, 0x83, 0x0b, 0x83, 0x0b, 0x7a, 0xeb, 0x7a, 0xeb, 0x7a, 0xea, 0x7a, 0xca
.byte 0x72, 0xca, 0x72, 0xca, 0x72, 0xaa, 0x72, 0xaa, 0x72, 0xa9, 0x6a, 0x89, 0x6a, 0x89, 0x6a, 0x89
.byte 0x6a, 0x69, 0x6a, 0x69, 0x62, 0x68, 0x62, 0x48, 0x62, 0x48, 0x62, 0x48, 0x62, 0x48, 0x62, 0x28
.byte 0xa4, 0xd2, 0xee, 0xdb, 0xe6, 0x18, 0xcd, 0x34, 0xbc, 0xb2, 0xac, 0x51, 0xa4, 0x0f, 0x9b, 0xce
.byte 0x93, 0x8d, 0x8b, 0x4c, 0x83, 0x0b, 0x7a, 0xca, 0x72, 0xaa, 0x6a, 0x89, 0x6a, 0x69, 0x62, 0x48
.byte 0x6a, 0x69, 0x6a, 0x69, 0x6a, 0x89, 0x72, 0xaa, 0x72, 0xca, 0x7a, 0xeb, 0x83, 0x0b, 0x83, 0x4c
.byte 0x8b, 0x8d, 0x93, 0xce, 0xa4, 0x30, 0xb4, 0xb2, 0xc5, 0x34, 0xdd, 0xf7, 0xbd, 0x14, 0x6a, 0xaa
.byte 0x62, 0x69, 0x6a, 0x89, 0x6a, 0x89, 0x6a, 0xaa, 0x72, 0xaa, 0x72, 0xca, 0x72, 0xca, 0x72, 0xca
.byte 0x72, 0xeb, 0x7a, 0xeb, 0x7a, 0xeb, 0x7b, 0x0b, 0x7b, 0x0b, 0x7b, 0x0b, 0x7b, 0x2c, 0x83, 0x2c
.byte 0x83, 0x2c, 0x83, 0x4c, 0x83, 0x4c, 0x8b, 0x6d, 0x8b, 0x6d, 0x8b, 0x8d, 0x8b, 0x8d, 0x8b, 0x8d
.byte 0x93, 0xae, 0x93, 0xae, 0x93, 0xce, 0x93, 0xce, 0x93, 0xce, 0x9b, 0xef, 0x9c, 0x0f, 0x9c, 0x0f
.byte 0x9c, 0x0f, 0x9c, 0x0f, 0x9c, 0x30, 0x72, 0xca, 0x62, 0x48, 0x62, 0x48, 0x7a, 0xea, 0xc4, 0xd3
.byte 0xbc, 0xb2, 0xb4, 0x91, 0xb4, 0x71, 0xac, 0x50, 0xac, 0x30, 0xa4, 0x10, 0xa4, 0x0f, 0x9b, 0xef
.byte 0x9b, 0xcf, 0x9b, 0xce, 0x93, 0xae, 0x93, 0x8d, 0x8b, 0x6d, 0x8b, 0x6d, 0x8b, 0x4c, 0x83, 0x2c
.byte 0x83, 0x2b, 0x83, 0x0b, 0x7b, 0x0b, 0x7a, 0xeb, 0x7a, 0xeb, 0x7a, 0xca, 0x72, 0xca, 0x72, 0xca
.byte 0x72, 0xca, 0x72, 0xaa, 0x72, 0xaa, 0x6a, 0x89, 0x6a, 0x89, 0x6a, 0x89, 0x6a, 0x69, 0x6a, 0x69
.byte 0x62, 0x48, 0x62, 0x48, 0x62, 0x48, 0x62, 0x48, 0x62, 0x48, 0x62, 0x28, 0x9c, 0x30, 0xe6, 0x59
.byte 0xee, 0x38, 0xcd, 0x55, 0xbc, 0xd3, 0xb4, 0x71, 0xa4, 0x0f, 0x9b, 0xce, 0x93, 0x8d, 0x83, 0x4c
.byte 0x7b, 0x0b, 0x7a, 0xca, 0x72, 0xaa, 0x6a, 0x89, 0x6a, 0x69, 0x6a, 0x69, 0x6a, 0x89, 0x6a, 0x89
.byte 0x72, 0xaa, 0x72, 0xca, 0x7a, 0xeb, 0x7b, 0x0b, 0x83, 0x2c, 0x8b, 0x4c, 0x93, 0x8d, 0x9b, 0xef
.byte 0xa4, 0x50, 0xb4, 0xd2, 0xcd, 0x75, 0xe6, 0x38, 0xbd, 0x14, 0x62, 0x69, 0x62, 0x69, 0x6a, 0x89
.byte 0x6a, 0x89, 0x6a, 0xa9, 0x72, 0xaa, 0x72, 0xca, 0x72, 0xca, 0x72, 0xca, 0x72, 0xca, 0x72, 0xeb
.byte 0x7a, 0xeb, 0x7a, 0xeb, 0x7a, 0xeb, 0x7b, 0x0b, 0x7b, 0x0b, 0x83, 0x2c, 0x83, 0x2c, 0x83, 0x4c
.byte 0x83, 0x4c, 0x83, 0x6c, 0x8b, 0x6d, 0x8b, 0x6d, 0x8b, 0x8d, 0x8b, 0x8d, 0x8b, 0x8d, 0x93, 0xae
.byte 0x93, 0xae, 0x93, 0xae, 0x93, 0xce, 0x9b, 0xef, 0x9b, 0xef, 0x9c, 0x0f, 0x9c, 0x0f, 0x9c, 0x0f
.byte 0x83, 0x2c, 0x62, 0x48, 0x62, 0x48, 0x62, 0x48, 0x7b, 0x0b, 0xc4, 0xf3, 0xbc, 0xb2, 0xb4, 0x92
.byte 0xb4, 0x71, 0xac, 0x71, 0xac, 0x50, 0xac, 0x30, 0xa4, 0x0f, 0xa3, 0xef, 0x9b, 0xef, 0x9b, 0xce
.byte 0x93, 0xae, 0x93, 0xad, 0x93, 0x8d, 0x8b, 0x6d, 0x8b, 0x4c, 0x83, 0x4c, 0x83, 0x2c, 0x83, 0x2b
.byte 0x7b, 0x0b, 0x7a, 0xeb, 0x7a, 0xeb, 0x7a, 0xeb, 0x7a, 0xca, 0x72, 0xca, 0x72, 0xca, 0x72, 0xaa
.byte 0x72, 0xaa, 0x72, 0xa9, 0x6a, 0x89, 0x6a, 0x89, 0x6a, 0x89, 0x6a, 0x69, 0x62, 0x68, 0x62, 0x48
.byte 0x62, 0x48, 0x6a, 0x89, 0x6a, 0xa9, 0x6a, 0x89, 0x83, 0x4c, 0xcd, 0x96, 0xee, 0xba, 0xdd, 0xb6
.byte 0xc5, 0x14, 0xb4, 0x92, 0xa4, 0x30, 0x9b, 0xcf, 0x93, 0x8d, 0x83, 0x4c, 0x83, 0x0b, 0x7a, 0xca
.byte 0x72, 0xaa, 0x72, 0x89, 0x6a, 0x89, 0x6a, 0x89, 0x6a, 0x89, 0x72, 0xaa, 0x72, 0xca, 0x7a, 0xeb
.byte 0x7b, 0x0b, 0x83, 0x0b, 0x83, 0x2c, 0x8b, 0x6d, 0x93, 0xae, 0xa4, 0x0f, 0xac, 0x71, 0xc5, 0x13
.byte 0xd5, 0xd6, 0xee, 0xba, 0xbd, 0x34, 0x5a, 0x07, 0x62, 0x69, 0x6a, 0x89, 0x6a, 0xaa, 0x6a, 0xaa
.byte 0x72, 0xaa, 0x72, 0xca, 0x72, 0xca, 0x72, 0xca, 0x72, 0xca, 0x72, 0xea, 0x72, 0xeb, 0x7a, 0xeb
.byte 0x7a, 0xeb, 0x7b, 0x0b, 0x7b, 0x0b, 0x7b, 0x2c, 0x83, 0x2c, 0x83, 0x4c, 0x83, 0x4c, 0x83, 0x4c
.byte 0x83, 0x6d, 0x8b, 0x6d, 0x8b, 0x8d, 0x8b, 0x8d, 0x8b, 0x8d, 0x8b, 0xad, 0x93, 0xae, 0x93, 0xae
.byte 0x93, 0xce, 0x93, 0xce, 0x9b, 0xef, 0x9b, 0xef, 0x93, 0xae, 0x7a, 0xeb, 0x6a, 0x89, 0x62, 0x48
.byte 0x62, 0x48, 0x62, 0x48, 0x7a, 0xea, 0xc5, 0x13, 0xbc, 0xd2, 0xbc, 0xb2, 0xb4, 0x91, 0xb4, 0x71
.byte 0xac, 0x50, 0xac, 0x30, 0xa4, 0x30, 0xa4, 0x0f, 0xa3, 0xef, 0x9b, 0xcf, 0x9b, 0xce, 0x93, 0xae
.byte 0x93, 0x8d, 0x8b, 0x6d, 0x8b, 0x6d, 0x8b, 0x4c, 0x83, 0x2c, 0x83, 0x2c, 0x83, 0x0b, 0x7b, 0x0b
.byte 0x7a, 0xeb, 0x7a, 0xeb, 0x7a, 0xea, 0x72, 0xca, 0x72, 0xca, 0x72, 0xca, 0x72, 0xaa, 0x72, 0xaa
.byte 0x6a, 0x89, 0x6a, 0x89, 0x6a, 0x89, 0x6a, 0x89, 0x72, 0xaa, 0x72, 0xaa, 0x6a, 0xa9, 0x6a, 0xa9
.byte 0x72, 0xaa, 0x6a, 0xa9, 0x6a, 0x89, 0xb5, 0x34, 0xf7, 0x3c, 0xe6, 0x38, 0xcd, 0x55, 0xbc, 0xd2
.byte 0xac, 0x50, 0x9b, 0xef, 0x93, 0x8d, 0x8b, 0x4c, 0x83, 0x0c, 0x7a, 0xeb, 0x72, 0xca, 0x72, 0xaa
.byte 0x72, 0xaa, 0x72, 0xaa, 0x72, 0xaa, 0x72, 0xca, 0x7a, 0xeb, 0x7b, 0x0b, 0x83, 0x2c, 0x8b, 0x4c
.byte 0x8b, 0x6d, 0x93, 0x8d, 0x9b, 0xef, 0xa4, 0x50, 0xb4, 0xb2, 0xcd, 0x54, 0xde, 0x18, 0xde, 0x38
.byte 0x9c, 0x30, 0x51, 0xc6, 0x59, 0xe7, 0x5a, 0x07, 0x5a, 0x27, 0x5a, 0x27, 0x5a, 0x28, 0x62, 0x48
.byte 0x62, 0x69, 0x6a, 0x89, 0x6a, 0xaa, 0x72, 0xca, 0x72, 0xca, 0x72, 0xca, 0x7a, 0xeb, 0x7a, 0xeb
.byte 0x7b, 0x0b, 0x7b, 0x0b, 0x83, 0x2c, 0x83, 0x2c, 0x83, 0x4c, 0x83, 0x4c, 0x83, 0x6c, 0x8b, 0x6d
.byte 0x8b, 0x8d, 0x8b, 0x8d, 0x8b, 0x8d, 0x8b, 0x8d, 0x8b, 0x8d, 0x8b, 0x6d, 0x83, 0x4c, 0x7b, 0x0b
.byte 0x7a, 0xeb, 0x7a, 0xeb, 0x72, 0xca, 0x6a, 0x68, 0x6a, 0x68, 0x6a, 0x68, 0x6a, 0x48, 0x62, 0x48
.byte 0x72, 0xa9, 0xcd, 0x14, 0xbc, 0xd3, 0xbc, 0xb2, 0xb4, 0x92, 0xb4, 0x91, 0xb4, 0x71, 0xac, 0x50
.byte 0xac, 0x30, 0xa4, 0x10, 0xa4, 0x0f, 0x9b, 0xef, 0x9b, 0xce, 0x93, 0xae, 0x93, 0x8d, 0x93, 0x8d
.byte 0x8b, 0x6d, 0x8b, 0x4c, 0x83, 0x4c, 0x83, 0x2c, 0x83, 0x0b, 0x7b, 0x0b, 0x7a, 0xeb, 0x7a, 0xeb
.byte 0x7a, 0xea, 0x7a, 0xca, 0x72, 0xca, 0x72, 0xca, 0x72, 0xaa, 0x72, 0xaa, 0x72, 0xca, 0x72, 0xca
.byte 0x72, 0xca, 0x72, 0xca, 0x72, 0xca, 0x72, 0xca, 0x72, 0xaa, 0x6a, 0xa9, 0x6a, 0x89, 0x6a, 0x89
.byte 0x62, 0x48, 0x9c, 0x30, 0xe6, 0xba, 0xee, 0xba, 0xd5, 0xb6, 0xc4, 0xf3, 0xac, 0x51, 0xa3, 0xef
.byte 0x93, 0xae, 0x8b, 0x6d, 0x83, 0x2c, 0x82, 0xeb, 0x7a, 0xcb, 0x7a, 0xca, 0x72, 0xca, 0x72, 0xca
.byte 0x72, 0xca, 0x7a, 0xeb, 0x83, 0x0b, 0x83, 0x2c, 0x8b, 0x4c, 0x93, 0x6d, 0x93, 0xae, 0x9b, 0xcf
.byte 0xa4, 0x30, 0xb4, 0x91, 0xbd, 0x13, 0xd5, 0x96, 0xe6, 0x59, 0xbd, 0x13, 0x62, 0x48, 0x49, 0xa5
.byte 0x49, 0xa5, 0x51, 0xa6, 0x51, 0xc6, 0x51, 0xc6, 0x51, 0xc6, 0x51, 0xe6, 0x5a, 0x07, 0x5a, 0x07
.byte 0x5a, 0x27, 0x62, 0x28, 0x62, 0x28, 0x62, 0x48, 0x62, 0x48, 0x62, 0x48, 0x62, 0x69, 0x6a, 0x69
.byte 0x6a, 0x69, 0x6a, 0x69, 0x6a, 0x89, 0x6a, 0x89, 0x6a, 0x89, 0x72, 0xa9, 0x72, 0xaa, 0x72, 0xaa
.byte 0x72, 0xaa, 0x72, 0xaa, 0x72, 0xaa, 0x72, 0xaa, 0x6a, 0x89, 0x6a, 0x68, 0x62, 0x48, 0x62, 0x48
.byte 0x62, 0x48, 0x62, 0x48, 0x6a, 0x48, 0x6a, 0x48, 0x6a, 0x48, 0x6a, 0x48, 0x6a, 0x89, 0xcd, 0x34
.byte 0xc4, 0xf3, 0xbc, 0xd2, 0xbc, 0xb2, 0xb4, 0x91, 0xb4, 0x71, 0xac, 0x51, 0xac, 0x50, 0xac, 0x30
.byte 0xa4, 0x30, 0xa3, 0xef, 0x9b, 0xcf, 0x9b, 0xce, 0x93, 0xae, 0x93, 0x8d, 0x8b, 0x6d, 0x8b, 0x6c
.byte 0x8b, 0x4c, 0x83, 0x4c, 0x83, 0x2c, 0x83, 0x0b, 0x7b, 0x0b, 0x7a, 0xeb, 0x7a, 0xeb, 0x7a, 0xea
.byte 0x7a, 0xca, 0x7a, 0xea, 0x7a, 0xeb, 0x72, 0xca, 0x7a, 0xeb, 0x7a, 0xeb, 0x72, 0xeb, 0x72, 0xca
.byte 0x72, 0xca, 0x72, 0xaa, 0x6a, 0xaa, 0x6a, 0x89, 0x6a, 0x89, 0x6a, 0x69, 0x62, 0x68, 0x72, 0xeb
.byte 0xbd, 0x75, 0xf7, 0x3c, 0xe6, 0x38, 0xcd, 0x34, 0xb4, 0x91, 0xac, 0x30, 0x9b, 0xcf, 0x93, 0x6d
.byte 0x8b, 0x4c, 0x83, 0x2c, 0x83, 0x0c, 0x83, 0x0b, 0x7b, 0x0b, 0x7a, 0xeb, 0x7a, 0xeb, 0x83, 0x2c
.byte 0x83, 0x4c, 0x8b, 0x4d, 0x93, 0x8d, 0x9b, 0xae, 0xa4, 0x0f, 0xac, 0x30, 0xb4, 0x91, 0xbc, 0xf3
.byte 0xcd, 0x75, 0xde, 0x17, 0xd5, 0xd6, 0x8b, 0x8d, 0x41, 0x65, 0x49, 0x85, 0x49, 0x85, 0x49, 0xa5
.byte 0x51, 0xa6, 0x51, 0xc6, 0x51, 0xc6, 0x51, 0xc6, 0x51, 0xc6, 0x51, 0xc6, 0x51, 0xc6, 0x51, 0xc6
.byte 0x51, 0xc6, 0x51, 0xc6, 0x51, 0xe6, 0x51, 0xe6, 0x59, 0xe6, 0x59, 0xe7, 0x59, 0xe7, 0x59, 0xe7
.byte 0x59, 0xe7, 0x5a, 0x07, 0x5a, 0x07, 0x5a, 0x07, 0x5a, 0x07, 0x5a, 0x07, 0x62, 0x27, 0x62, 0x28
.byte 0x62, 0x28, 0x62, 0x28, 0x62, 0x28, 0x62, 0x28, 0x62, 0x48, 0x62, 0x48, 0x62, 0x48, 0x62, 0x48
.byte 0x62, 0x48, 0x6a, 0x48, 0x6a, 0x48, 0x6a, 0x68, 0x6a, 0x89, 0xd5, 0x75, 0xc5, 0x14, 0xbc, 0xd3
.byte 0xbc, 0xb2, 0xbc, 0xb2, 0xb4, 0x91, 0xb4, 0x71, 0xac, 0x51, 0xac, 0x50, 0xa4, 0x30, 0xa4, 0x0f
.byte 0x9b, 0xef, 0x9b, 0xce, 0x93, 0xae, 0x93, 0x8e, 0x93, 0x8d, 0x8b, 0x6d, 0x8b, 0x4c, 0x8b, 0x4c
.byte 0x83, 0x2c, 0x83, 0x2c, 0x83, 0x2b, 0x7b, 0x0b, 0x7b, 0x0b, 0x7b, 0x0b, 0x7b, 0x0b, 0x7b, 0x0b
.byte 0x83, 0x2b, 0x7b, 0x0b, 0x7a, 0xeb, 0x72, 0xeb, 0x72, 0xea, 0x72, 0xca, 0x72, 0xca, 0x72, 0xca
.byte 0x72, 0xaa, 0x6a, 0xaa, 0x6a, 0x89, 0x6a, 0x89, 0x6a, 0x69, 0x62, 0x69, 0x8b, 0xce, 0xd6, 0x38
.byte 0xf6, 0xdb, 0xdd, 0xd6, 0xc4, 0xf3, 0xb4, 0x71, 0xa4, 0x10, 0x9b, 0xae, 0x93, 0x8d, 0x8b, 0x6d
.byte 0x8b, 0x6d, 0x8b, 0x4c, 0x83, 0x2c, 0x83, 0x2c, 0x83, 0x2c, 0x8b, 0x4c, 0x8b, 0x6d, 0x93, 0x8e
.byte 0x9b, 0xce, 0xa4, 0x0f, 0xac, 0x51, 0xb4, 0xb2, 0xbc, 0xf3, 0xcd, 0x54, 0xdd, 0xf7, 0xee, 0x99
.byte 0xb4, 0xd2, 0x5a, 0x07, 0x49, 0x65, 0x49, 0x85, 0x49, 0x85, 0x49, 0xa5, 0x51, 0xa6, 0x51, 0xc6
.byte 0x51, 0xc6, 0x51, 0xc6, 0x51, 0xc6, 0x51, 0xc6, 0x51, 0xe6, 0x51, 0xe6, 0x51, 0xe6, 0x51, 0xe6
.byte 0x59, 0xe6, 0x59, 0xe7, 0x59, 0xe7, 0x59, 0xe7, 0x59, 0xe7, 0x5a, 0x07, 0x5a, 0x07, 0x5a, 0x07
.byte 0x5a, 0x07, 0x5a, 0x27, 0x5a, 0x07, 0x5a, 0x27, 0x62, 0x27, 0x62, 0x28, 0x62, 0x28, 0x62, 0x28
.byte 0x62, 0x48, 0x62, 0x48, 0x62, 0x48, 0x62, 0x48, 0x62, 0x48, 0x62, 0x48, 0x6a, 0x48, 0x6a, 0x48
.byte 0x6a, 0x68, 0x6a, 0x68, 0x72, 0x89, 0xd5, 0x96, 0xcd, 0x34, 0xc4, 0xf3, 0xbc, 0xd3, 0xbc, 0xb2
.byte 0xb4, 0x92, 0xb4, 0x91, 0xb4, 0x71, 0xac, 0x50, 0xac, 0x30, 0xa4, 0x10, 0xa3, 0xef, 0x9b, 0xcf
.byte 0x9b, 0xce, 0x93, 0xae, 0x93, 0x8d, 0x8b, 0x6d, 0x8b, 0x6d, 0x8b, 0x4c, 0x83, 0x4c, 0x83, 0x2c
.byte 0x83, 0x4c, 0x83, 0x2c, 0x83, 0x2c, 0x83, 0x2c, 0x83, 0x2c, 0x7b, 0x2b, 0x7b, 0x0b, 0x7b, 0x0b
.byte 0x7b, 0x0b, 0x7a, 0xeb, 0x72, 0xeb, 0x72, 0xeb, 0x72, 0xca, 0x72, 0xca, 0x72, 0xca, 0x72, 0xaa
.byte 0x72, 0xaa, 0x6a, 0xaa, 0x6a, 0x89, 0x6a, 0x89, 0x72, 0xca, 0x9c, 0x30, 0xde, 0x38, 0xee, 0x79
.byte 0xdd, 0xb6, 0xc5, 0x14, 0xb4, 0x91, 0xa4, 0x30, 0x9b, 0xef, 0x9b, 0xef, 0x9b, 0xce, 0x93, 0x8e
.byte 0x93, 0x8d, 0x93, 0x6d, 0x93, 0x6d, 0x93, 0x8d, 0x9b, 0xae, 0x9b, 0xef, 0xa4, 0x10, 0xac, 0x71
.byte 0xb4, 0xd2, 0xc5, 0x34, 0xd5, 0x96, 0xdd, 0xf7, 0xee, 0x9a, 0xcd, 0xb6, 0x7b, 0x0b, 0x49, 0x85
.byte 0x49, 0x85, 0x49, 0x85, 0x49, 0x85, 0x49, 0xa5, 0x51, 0xc6, 0x51, 0xc6, 0x51, 0xc6, 0x51, 0xc6
.byte 0x51, 0xc6, 0x51, 0xc6, 0x51, 0xe6, 0x51, 0xe6, 0x51, 0xe6, 0x51, 0xe6, 0x59, 0xe6, 0x59, 0xe7
.byte 0x59, 0xe7, 0x59, 0xe7, 0x5a, 0x07, 0x5a, 0x07, 0x5a, 0x07, 0x5a, 0x07, 0x5a, 0x07, 0x5a, 0x27
.byte 0x5a, 0x07, 0x5a, 0x27, 0x62, 0x27, 0x62, 0x28, 0x62, 0x28, 0x62, 0x28, 0x62, 0x48, 0x62, 0x48
.byte 0x62, 0x48, 0x62, 0x48, 0x62, 0x48, 0x62, 0x48, 0x6a, 0x48, 0x6a, 0x48, 0x6a, 0x68, 0x6a, 0x68
.byte 0x6a, 0x89, 0xcd, 0x55, 0xd5, 0x75, 0xc5, 0x13, 0xc4, 0xf3, 0xbc, 0xd2, 0xbc, 0xb2, 0xb4, 0x91
.byte 0xb4, 0x71, 0xac, 0x50, 0xac, 0x30, 0xa4, 0x30, 0xa4, 0x0f, 0x9b, 0xef, 0x9b, 0xcf, 0x9b, 0xce
.byte 0x93, 0xae, 0x93, 0x8d, 0x8b, 0x6d, 0x8b, 0x6d, 0x8b, 0x6d, 0x8b, 0x6d, 0x8b, 0x6d, 0x8b, 0x6d
.byte 0x83, 0x4c, 0x83, 0x4c, 0x83, 0x2c, 0x83, 0x2c, 0x7b, 0x0b, 0x7b, 0x0b, 0x7b, 0x0b, 0x7b, 0x0b
.byte 0x7a, 0xeb, 0x7a, 0xeb, 0x72, 0xeb, 0x72, 0xea, 0x72, 0xca, 0x72, 0xca, 0x72, 0xca, 0x72, 0xaa
.byte 0x72, 0xaa, 0x72, 0xaa, 0x6a, 0xaa, 0x72, 0xca, 0x93, 0xce, 0xd5, 0xb6, 0xee, 0x79, 0xdd, 0xf7
.byte 0xcd, 0x55, 0xbc, 0xf3, 0xb4, 0x91, 0xac, 0x71, 0xa4, 0x30, 0xa3, 0xef, 0x9b, 0xcf, 0x9b, 0xce
.byte 0x9b, 0xce, 0x9b, 0xef, 0xa4, 0x10, 0xac, 0x50, 0xac, 0x91, 0xbc, 0xd3, 0xc5, 0x55, 0xd5, 0xd7
.byte 0xe6, 0x59, 0xee, 0xba, 0xde, 0x58, 0x8b, 0xae, 0x49, 0x85, 0x49, 0x85, 0x49, 0x85, 0x49, 0x85
.byte 0x49, 0xa5, 0x51, 0xa6, 0x51, 0xc6, 0x51, 0xc6, 0x51, 0xc6, 0x51, 0xc6, 0x51, 0xc6, 0x51, 0xc6
.byte 0x51, 0xe6, 0x51, 0xe6, 0x59, 0xe6, 0x59, 0xe6, 0x59, 0xe7, 0x59, 0xe7, 0x59, 0xe7, 0x5a, 0x07
.byte 0x5a, 0x07, 0x5a, 0x07, 0x5a, 0x07, 0x5a, 0x07, 0x5a, 0x07, 0x5a, 0x07, 0x5a, 0x07, 0x62, 0x27
.byte 0x62, 0x27, 0x62, 0x28, 0x62, 0x28, 0x62, 0x28, 0x62, 0x48, 0x62, 0x48, 0x62, 0x48, 0x62, 0x48
.byte 0x6a, 0x48, 0x6a, 0x48, 0x6a, 0x48, 0x6a, 0x48, 0x6a, 0x68, 0x6a, 0x68, 0x6a, 0x68, 0xa4, 0x30
.byte 0xd5, 0x96, 0xc5, 0x34, 0xc4, 0xf3, 0xbc, 0xd3, 0xbc, 0xb2, 0xbc, 0xb2, 0xb4, 0x91, 0xac, 0x71
.byte 0xac, 0x50, 0xac, 0x30, 0xa4, 0x0f, 0xa3, 0xef, 0x9b, 0xef, 0x9b, 0xce, 0x9b, 0xce, 0x93, 0xae
.byte 0x93, 0xae, 0x93, 0x8d, 0x93, 0x8d, 0x8b, 0x8d, 0x8b, 0x6d, 0x8b, 0x6d, 0x8b, 0x4c, 0x83, 0x4c
.byte 0x83, 0x2c, 0x83, 0x2c, 0x83, 0x2c, 0x7b, 0x0b, 0x7b, 0x0b, 0x7b, 0x0b, 0x7b, 0x0b, 0x7a, 0xeb
.byte 0x7a, 0xeb, 0x7a, 0xeb, 0x7a, 0xeb, 0x72, 0xea, 0x72, 0xea, 0x72, 0xea, 0x7a, 0xeb, 0x72, 0xca
.byte 0x62, 0x48, 0x51, 0xc6, 0x51, 0xc6, 0x83, 0x4c, 0xc5, 0x95, 0xee, 0xba, 0xe6, 0x59, 0xd5, 0xd7
.byte 0xcd, 0x55, 0xbc, 0xf3, 0xb4, 0xb2, 0xb4, 0x91, 0xac, 0x71, 0xac, 0x51, 0xac, 0x51, 0xac, 0x51
.byte 0xb4, 0x91, 0xbc, 0xd2, 0xc5, 0x14, 0xcd, 0x75, 0xdd, 0xf7, 0xee, 0x9a, 0xe6, 0x79, 0xd5, 0xf7
.byte 0xac, 0x91, 0x83, 0x2b, 0x5a, 0x28, 0x49, 0x85, 0x49, 0x85, 0x49, 0xa5, 0x51, 0xa6, 0x51, 0xc6
.byte 0x51, 0xc6, 0x51, 0xc6, 0x51, 0xc6, 0x51, 0xc6, 0x51, 0xc6, 0x51, 0xe6, 0x51, 0xe6, 0x51, 0xe6
.byte 0x59, 0xe6, 0x59, 0xe7, 0x59, 0xe7, 0x59, 0xe7, 0x59, 0xe7, 0x5a, 0x07, 0x5a, 0x07, 0x5a, 0x07
.byte 0x5a, 0x07, 0x5a, 0x07, 0x5a, 0x27, 0x5a, 0x27, 0x62, 0x27, 0x62, 0x27, 0x62, 0x28, 0x62, 0x28
.byte 0x62, 0x28, 0x62, 0x48, 0x62, 0x48, 0x62, 0x48, 0x62, 0x48, 0x6a, 0x48, 0x6a, 0x48, 0x6a, 0x48
.byte 0x6a, 0x68, 0x6a, 0x68, 0x6a, 0x68, 0x6a, 0x68, 0x62, 0x48, 0x72, 0xaa, 0xdd, 0xb6, 0xcd, 0x34
.byte 0xc5, 0x13, 0xc4, 0xf3, 0xbc, 0xd3, 0xbc, 0xb2, 0xb4, 0x92, 0xb4, 0x71, 0xac, 0x50, 0xac, 0x30
.byte 0xa4, 0x30, 0xa4, 0x0f, 0xa4, 0x0f, 0xa3, 0xef, 0x9b, 0xef, 0x9b, 0xef, 0x9b, 0xce, 0x93, 0xae
.byte 0x93, 0xae, 0x8b, 0x8d, 0x8b, 0x6d, 0x8b, 0x6d, 0x8b, 0x6d, 0x8b, 0x4c, 0x83, 0x4c, 0x83, 0x4c
.byte 0x83, 0x2c, 0x83, 0x2c, 0x83, 0x2b, 0x7b, 0x0b, 0x7b, 0x0b, 0x7b, 0x0b, 0x7b, 0x0b, 0x7a, 0xeb
.byte 0x7a, 0xeb, 0x7a, 0xeb, 0x7a, 0xeb, 0x7b, 0x0b, 0x72, 0xea, 0x62, 0x28, 0x49, 0xa5, 0x41, 0x65
.byte 0x41, 0x65, 0x49, 0x85, 0x6a, 0xaa, 0xbd, 0x54, 0xcd, 0xd7, 0xee, 0xba, 0xe6, 0x38, 0xd5, 0x96
.byte 0xcd, 0x54, 0xc5, 0x34, 0xc5, 0x34, 0xc5, 0x14, 0xc5, 0x14, 0xc5, 0x14, 0xcd, 0x34, 0xd5, 0x96
.byte 0xd5, 0xd7, 0xe6, 0x38, 0xde, 0x38, 0xd5, 0xf7, 0xb4, 0xf3, 0x93, 0xef, 0x8b, 0x8d, 0x93, 0xce
.byte 0x83, 0x4c, 0x62, 0x28, 0x51, 0xa6, 0x51, 0xa6, 0x51, 0xc6, 0x51, 0xc6, 0x51, 0xc6, 0x51, 0xc6
.byte 0x51, 0xc6, 0x51, 0xc6, 0x51, 0xe6, 0x51, 0xe6, 0x51, 0xe6, 0x59, 0xe6, 0x59, 0xe6, 0x59, 0xe7
.byte 0x59, 0xe7, 0x59, 0xe7, 0x5a, 0x07, 0x5a, 0x07, 0x5a, 0x07, 0x5a, 0x07, 0x5a, 0x07, 0x62, 0x27
.byte 0x62, 0x27, 0x62, 0x27, 0x62, 0x27, 0x62, 0x27, 0x62, 0x28, 0x62, 0x28, 0x62, 0x48, 0x62, 0x48
.byte 0x62, 0x48, 0x62, 0x48, 0x6a, 0x48, 0x6a, 0x48, 0x6a, 0x68, 0x6a, 0x68, 0x6a, 0x68, 0x6a, 0x68
.byte 0x6a, 0x68, 0x6a, 0x68, 0x62, 0x28, 0x62, 0x48, 0xdd, 0xd7, 0xd5, 0x55, 0xc5, 0x14, 0xc4, 0xf3
.byte 0xc4, 0xf3, 0xbc, 0xd2, 0xbc, 0xb2, 0xb4, 0x91, 0xb4, 0x71, 0xac, 0x51, 0xac, 0x50, 0xac, 0x30
.byte 0xac, 0x30, 0xa4, 0x30, 0xa4, 0x0f, 0xa3, 0xef, 0x9b, 0xef, 0x9b, 0xce, 0x93, 0xae, 0x93, 0xae
.byte 0x93, 0x8d, 0x8b, 0x6d, 0x8b, 0x6d, 0x8b, 0x6d, 0x8b, 0x4c, 0x83, 0x4c, 0x83, 0x4c, 0x83, 0x4c
.byte 0x83, 0x2c, 0x83, 0x2c, 0x83, 0x2b, 0x7b, 0x0b, 0x7b, 0x0b, 0x7b, 0x0b, 0x7b, 0x0b, 0x7b, 0x0b
.byte 0x7b, 0x0b, 0x7a, 0xeb, 0x5a, 0x27, 0x49, 0x85, 0x49, 0x85, 0x49, 0x85, 0x49, 0x85, 0x49, 0x85
.byte 0x49, 0x85, 0x49, 0xa6, 0x72, 0xeb, 0xc5, 0x75, 0xcd, 0x55, 0xd5, 0x96, 0xdd, 0xf7, 0xde, 0x18
.byte 0xde, 0x38, 0xde, 0x58, 0xde, 0x58, 0xe6, 0x38, 0xe6, 0x38, 0xdd, 0xf7, 0xcd, 0x95, 0xcd, 0x95
.byte 0xb4, 0xf3, 0x8b, 0x8d, 0x83, 0x2c, 0x83, 0x6c, 0x8b, 0x8d, 0x93, 0xae, 0x9b, 0xef, 0x8b, 0x8d
.byte 0x62, 0x69, 0x51, 0xe6, 0x51, 0xc6, 0x51, 0xa6, 0x51, 0xc6, 0x51, 0xc6, 0x51, 0xc6, 0x51, 0xc6
.byte 0x51, 0xc6, 0x51, 0xe6, 0x59, 0xe6, 0x59, 0xe7, 0x59, 0xe7, 0x59, 0xe7, 0x5a, 0x07, 0x5a, 0x07
.byte 0x5a, 0x07, 0x5a, 0x07, 0x5a, 0x07, 0x5a, 0x07, 0x62, 0x07, 0x62, 0x27, 0x62, 0x27, 0x62, 0x27
.byte 0x62, 0x27, 0x62, 0x28, 0x62, 0x28, 0x62, 0x48, 0x62, 0x48, 0x62, 0x48, 0x6a, 0x48, 0x6a, 0x48
.byte 0x6a, 0x48, 0x6a, 0x68, 0x6a, 0x68, 0x6a, 0x68, 0x6a, 0x68, 0x6a, 0x68, 0x6a, 0x89, 0x72, 0x89
.byte 0x62, 0x28, 0x62, 0x68, 0xcd, 0x55, 0xd5, 0x95, 0xcd, 0x34, 0xc5, 0x13, 0xc4, 0xf3, 0xbc, 0xd3
.byte 0xbc, 0xd2, 0xbc, 0xb2, 0xb4, 0x91, 0xb4, 0x91, 0xb4, 0x91, 0xb4, 0x71, 0xac, 0x51, 0xac, 0x30
.byte 0xa4, 0x30, 0xa4, 0x0f, 0xa3, 0xef, 0x9b, 0xef, 0x9b, 0xce, 0x93, 0xae, 0x93, 0xae, 0x93, 0x8d
.byte 0x8b, 0x8d, 0x8b, 0x6d, 0x8b, 0x6d, 0x8b, 0x4c, 0x8b, 0x4c, 0x83, 0x4c, 0x83, 0x4c, 0x83, 0x2c
.byte 0x83, 0x2c, 0x83, 0x2c, 0x83, 0x2c, 0x7b, 0x2b, 0x83, 0x2c, 0x83, 0x2c, 0x72, 0xea, 0x59, 0xe7
.byte 0x49, 0x85, 0x49, 0x85, 0x49, 0x85, 0x49, 0x85, 0x49, 0x85, 0x49, 0x85, 0x49, 0x85, 0x49, 0x65
.byte 0x41, 0x65, 0x49, 0xa6, 0x6a, 0x69, 0x93, 0xef, 0xbd, 0x34, 0xcd, 0xb6, 0xcd, 0xf7, 0xd6, 0x17
.byte 0xd6, 0x18, 0xd5, 0xf7, 0xcd, 0xd6, 0xb4, 0xf3, 0x8b, 0xae, 0x7a, 0xeb, 0x7a, 0xeb, 0x7b, 0x0b
.byte 0x83, 0x2c, 0x83, 0x4c, 0x8b, 0x6d, 0x8b, 0xad, 0x93, 0xce, 0x9c, 0x0f, 0x93, 0xce, 0x6a, 0x89
.byte 0x59, 0xe7, 0x49, 0xa5, 0x51, 0xa6, 0x51, 0xc6, 0x51, 0xc6, 0x51, 0xc6, 0x51, 0xe6, 0x59, 0xe6
.byte 0x59, 0xe7, 0x59, 0xe7, 0x59, 0xe7, 0x5a, 0x07, 0x5a, 0x07, 0x5a, 0x07, 0x5a, 0x07, 0x5a, 0x07
.byte 0x5a, 0x07, 0x62, 0x07, 0x62, 0x27, 0x62, 0x27, 0x62, 0x27, 0x62, 0x28, 0x62, 0x28, 0x62, 0x48
.byte 0x62, 0x48, 0x62, 0x48, 0x6a, 0x48, 0x6a, 0x48, 0x6a, 0x48, 0x6a, 0x48, 0x6a, 0x68, 0x6a, 0x68
.byte 0x6a, 0x68, 0x6a, 0x68, 0x6a, 0x69, 0x72, 0x89, 0x72, 0x89, 0x72, 0x89, 0x62, 0x27, 0x62, 0x28
.byte 0x93, 0x6d, 0xdd, 0xb6, 0xd5, 0x55, 0xcd, 0x14, 0xc4, 0xf3, 0xc4, 0xf3, 0xc4, 0xd3, 0xbc, 0xf3
.byte 0xbc, 0xd3, 0xbc, 0xb2, 0xb4, 0x92, 0xb4, 0x91, 0xb4, 0x71, 0xac, 0x50, 0xac, 0x30, 0xa4, 0x30
.byte 0xa4, 0x0f, 0xa3, 0xef, 0x9b, 0xef, 0x9b, 0xce, 0x93, 0xae, 0x93, 0xae, 0x93, 0x8d, 0x93, 0x8d
.byte 0x8b, 0x6d, 0x8b, 0x6d, 0x8b, 0x6c, 0x8b, 0x4c, 0x8b, 0x4c, 0x83, 0x4c, 0x83, 0x4c, 0x83, 0x2c
.byte 0x83, 0x2c, 0x83, 0x4c, 0x8b, 0x6d, 0x7b, 0x0b, 0x5a, 0x07, 0x49, 0x85, 0x49, 0x85, 0x49, 0x85
.byte 0x49, 0x85, 0x49, 0x85, 0x49, 0x85, 0x49, 0x85, 0x49, 0x85, 0x49, 0x65, 0x49, 0xa5, 0x62, 0x28
.byte 0x62, 0x48, 0x62, 0x48, 0x62, 0x69, 0x62, 0x69, 0x6a, 0x69, 0x6a, 0x89, 0x6a, 0x89, 0x6a, 0xaa
.byte 0x72, 0xca, 0x72, 0xca, 0x7b, 0x0c, 0x7b, 0x0b, 0x7b, 0x0b, 0x83, 0x2c, 0x83, 0x2c, 0x83, 0x4c
.byte 0x8b, 0x6d, 0x8b, 0x8d, 0x93, 0xae, 0x93, 0xce, 0x9c, 0x0f, 0x9b, 0xef, 0x7a, 0xeb, 0x5a, 0x27
.byte 0x51, 0xa6, 0x51, 0xc6, 0x51, 0xc6, 0x51, 0xc6, 0x51, 0xe6, 0x59, 0xe6, 0x59, 0xe7, 0x59, 0xe7
.byte 0x5a, 0x07, 0x5a, 0x07, 0x5a, 0x07, 0x5a, 0x07, 0x5a, 0x07, 0x62, 0x07, 0x62, 0x27, 0x62, 0x27
.byte 0x62, 0x27, 0x62, 0x27, 0x62, 0x27, 0x62, 0x48, 0x62, 0x48, 0x62, 0x48, 0x6a, 0x48, 0x6a, 0x48
.byte 0x6a, 0x48, 0x6a, 0x48, 0x6a, 0x68, 0x6a, 0x68, 0x6a, 0x68, 0x6a, 0x68, 0x6a, 0x68, 0x6a, 0x69
.byte 0x72, 0x89, 0x72, 0x89, 0x72, 0x89, 0x72, 0x89, 0x62, 0x28, 0x62, 0x27, 0x5a, 0x07, 0xdd, 0xd6
.byte 0xd5, 0x96, 0xcd, 0x34, 0xcd, 0x14, 0xcd, 0x34, 0xc5, 0x13, 0xc4, 0xf3, 0xc4, 0xf3, 0xbc, 0xd3
.byte 0xbc, 0xb2, 0xb4, 0x92, 0xb4, 0x91, 0xac, 0x71, 0xac, 0x50, 0xac, 0x30, 0xa4, 0x30, 0xa4, 0x0f
.byte 0x9b, 0xef, 0x9b, 0xef, 0x9b, 0xce, 0x93, 0xae, 0x93, 0xae, 0x93, 0x8d, 0x93, 0x8d, 0x8b, 0x8d
.byte 0x8b, 0x6d, 0x8b, 0x6d, 0x8b, 0x6d, 0x8b, 0x4c, 0x8b, 0x4c, 0x83, 0x4c, 0x8b, 0x6d, 0x8b, 0x8d
.byte 0x83, 0x4c, 0x5a, 0x07, 0x49, 0x85, 0x49, 0x85, 0x49, 0x85, 0x49, 0x85, 0x49, 0x85, 0x49, 0x85
.byte 0x49, 0x85, 0x49, 0x85, 0x49, 0x85, 0x49, 0x85, 0x51, 0xc6, 0x6a, 0x89, 0x62, 0x69, 0x6a, 0x69
.byte 0x6a, 0x69, 0x6a, 0x89, 0x6a, 0x89, 0x6a, 0x89, 0x6a, 0xa9, 0x6a, 0xa9, 0x72, 0xaa, 0x72, 0xaa
.byte 0x83, 0x2c, 0x83, 0x4c, 0x83, 0x2c, 0x83, 0x4c, 0x83, 0x4c, 0x8b, 0x6c, 0x8b, 0x6d, 0x8b, 0x8d
.byte 0x93, 0xad, 0x93, 0xae, 0x9b, 0xce, 0x9c, 0x0f, 0xa4, 0x50, 0x93, 0xce, 0x62, 0x48, 0x5a, 0x07
.byte 0x51, 0xe6, 0x51, 0xe6, 0x59, 0xe6, 0x59, 0xe7, 0x59, 0xe7, 0x5a, 0x07, 0x5a, 0x07, 0x5a, 0x07
.byte 0x5a, 0x07, 0x5a, 0x07, 0x5a, 0x07, 0x62, 0x27, 0x62, 0x27, 0x62, 0x27, 0x62, 0x27, 0x62, 0x28
.byte 0x62, 0x48, 0x62, 0x48, 0x62, 0x48, 0x6a, 0x48, 0x6a, 0x48, 0x6a, 0x48, 0x6a, 0x48, 0x6a, 0x68
.byte 0x6a, 0x68, 0x6a, 0x68, 0x6a, 0x69, 0x6a, 0x69, 0x6a, 0x69, 0x72, 0x89, 0x72, 0x89, 0x72, 0x89
.byte 0x72, 0x89, 0x72, 0xa9, 0x62, 0x28, 0x62, 0x27, 0x62, 0x27, 0xc5, 0x13, 0xdd, 0xd7, 0xd5, 0x96
.byte 0xd5, 0x75, 0xcd, 0x54, 0xcd, 0x34, 0xc5, 0x14, 0xc5, 0x13, 0xc4, 0xf3, 0xbc, 0xd3, 0xbc, 0xb2
.byte 0xb4, 0xb2, 0xb4, 0x91, 0xac, 0x71, 0xac, 0x50, 0xa4, 0x30, 0xa4, 0x10, 0xa4, 0x0f, 0x9b, 0xef
.byte 0x9b, 0xef, 0x9b, 0xce, 0x9b, 0xce, 0x93, 0xae, 0x93, 0xae, 0x93, 0x8d, 0x93, 0x8d, 0x8b, 0x8d
.byte 0x8b, 0x6d, 0x8b, 0x6d, 0x8b, 0x6d, 0x8b, 0x6d, 0x93, 0xae, 0x8b, 0x6d, 0x5a, 0x27, 0x49, 0x85
.byte 0x49, 0x85, 0x49, 0x85, 0x49, 0x85, 0x49, 0x85, 0x49, 0x85, 0x49, 0x85, 0x49, 0x85, 0x49, 0x85
.byte 0x49, 0x85, 0x49, 0x85, 0x51, 0xe6, 0x6a, 0x89, 0x6a, 0x89, 0x6a, 0x89, 0x6a, 0x89, 0x6a, 0x89
.byte 0x6a, 0x89, 0x6a, 0x89, 0x6a, 0x89, 0x6a, 0x89, 0x72, 0xaa, 0x72, 0xaa, 0x72, 0xea, 0x83, 0x4c
.byte 0x83, 0x4c, 0x83, 0x4c, 0x83, 0x6d, 0x8b, 0x6d, 0x8b, 0x8d, 0x8b, 0x8d, 0x93, 0xae, 0x93, 0xce
.byte 0x9b, 0xee, 0x9c, 0x0f, 0xa4, 0x30, 0xac, 0x91, 0xac, 0x91, 0x72, 0xca, 0x62, 0x48, 0x51, 0xc6
.byte 0x59, 0xe6, 0x59, 0xe7, 0x59, 0xe7, 0x5a, 0x07, 0x5a, 0x07, 0x5a, 0x07, 0x5a, 0x07, 0x62, 0x07
.byte 0x62, 0x27, 0x62, 0x27, 0x62, 0x27, 0x62, 0x27, 0x62, 0x28, 0x62, 0x28, 0x62, 0x48, 0x62, 0x48
.byte 0x6a, 0x48, 0x6a, 0x48, 0x6a, 0x48, 0x6a, 0x48, 0x6a, 0x68, 0x6a, 0x68, 0x6a, 0x68, 0x6a, 0x69
.byte 0x72, 0x89, 0x72, 0x89, 0x72, 0x89, 0x72, 0x89, 0x72, 0x89, 0x72, 0xa9, 0x72, 0xa9, 0x72, 0xa9
.byte 0x62, 0x27, 0x62, 0x27, 0x5a, 0x07, 0x6a, 0x89, 0xe6, 0x18, 0xe5, 0xd7, 0xd5, 0x95, 0xd5, 0x75
.byte 0xcd, 0x54, 0xcd, 0x34, 0xc5, 0x34, 0xc5, 0x13, 0xc4, 0xf3, 0xbc, 0xd2, 0xbc, 0xb2, 0xb4, 0x92
.byte 0xb4, 0x71, 0xac, 0x71, 0xac, 0x50, 0xac, 0x30, 0xa4, 0x10, 0xa4, 0x0f, 0xa3, 0xef, 0x9b, 0xef
.byte 0x9b, 0xcf, 0x9b, 0xce, 0x93, 0xae, 0x93, 0xae, 0x93, 0xae, 0x93, 0x8d, 0x93, 0x8d, 0x93, 0x8d
.byte 0x8b, 0x8d, 0x93, 0xae, 0x9b, 0xce, 0x5a, 0x07, 0x49, 0x85, 0x49, 0x85, 0x49, 0x85, 0x49, 0x85
.byte 0x49, 0x85, 0x49, 0x85, 0x49, 0x85, 0x49, 0x85, 0x49, 0x85, 0x49, 0x85, 0x49, 0x85, 0x51, 0xa6
.byte 0x5a, 0x07, 0x6a, 0x89, 0x6a, 0x89, 0x6a, 0x89, 0x6a, 0x89, 0x6a, 0x89, 0x6a, 0x89, 0x6a, 0x89
.byte 0x6a, 0x89, 0x72, 0xa9, 0x72, 0xaa, 0x72, 0xaa, 0x72, 0xaa, 0x83, 0x4c, 0x8b, 0x6d, 0x8b, 0x6d
.byte 0x8b, 0x6d, 0x8b, 0x8d, 0x8b, 0x8d, 0x93, 0xae, 0x93, 0xae, 0x93, 0xce, 0x9b, 0xef, 0x9c, 0x0f
.byte 0xa4, 0x2f, 0xa4, 0x50, 0xac, 0x71, 0xb4, 0xd2, 0xac, 0x71, 0x5a, 0x07, 0x62, 0x28, 0x59, 0xe7
.byte 0x5a, 0x07, 0x5a, 0x07, 0x5a, 0x07, 0x62, 0x27, 0x62, 0x27, 0x62, 0x27, 0x62, 0x27, 0x62, 0x27
.byte 0x62, 0x27, 0x62, 0x28, 0x62, 0x28, 0x62, 0x48, 0x62, 0x48, 0x6a, 0x48, 0x6a, 0x48, 0x6a, 0x48
.byte 0x6a, 0x68, 0x6a, 0x68, 0x6a, 0x68, 0x6a, 0x68, 0x6a, 0x69, 0x72, 0x89, 0x72, 0x89, 0x72, 0x89
.byte 0x72, 0x89, 0x72, 0xa9, 0x72, 0xa9, 0x72, 0xa9, 0x72, 0xa9, 0x7a, 0xa9, 0x62, 0x28, 0x62, 0x27
.byte 0x62, 0x27, 0x62, 0x28, 0xe6, 0x18, 0xee, 0x38, 0xdd, 0xb6, 0xd5, 0x96, 0xd5, 0x75, 0xcd, 0x55
.byte 0xcd, 0x54, 0xcd, 0x34, 0xc5, 0x13, 0xc4, 0xf3, 0xbc, 0xd2, 0xbc, 0xb2, 0xb4, 0x91, 0xb4, 0x91
.byte 0xac, 0x71, 0xac, 0x50, 0xac, 0x30, 0xa4, 0x30, 0xa4, 0x0f, 0xa4, 0x0f, 0x9b, 0xef, 0x9b, 0xef
.byte 0x9b, 0xce, 0x9b, 0xce, 0x93, 0xae, 0x93, 0xae, 0x93, 0xae, 0x93, 0xae, 0x93, 0xce, 0x9b, 0xef
.byte 0x62, 0x48, 0x49, 0x85, 0x49, 0x85, 0x49, 0x85, 0x49, 0x85, 0x49, 0x85, 0x49, 0xa5, 0x49, 0xa5
.byte 0x49, 0x85, 0x49, 0x85, 0x49, 0x85, 0x49, 0x85, 0x49, 0x85, 0x51, 0xc6, 0x6a, 0x69, 0x6a, 0x89
.byte 0x6a, 0x89, 0x6a, 0x89, 0x6a, 0x89, 0x6a, 0xa9, 0x6a, 0x89, 0x6a, 0x89, 0x6a, 0xa9, 0x72, 0xaa
.byte 0x72, 0xaa, 0x72, 0xaa, 0x72, 0xca, 0x83, 0x2c, 0x8b, 0x6d, 0x8b, 0x6d, 0x8b, 0x8d, 0x8b, 0x8d
.byte 0x8b, 0x8d, 0x93, 0xae, 0x93, 0xce, 0x93, 0xce, 0x9b, 0xef, 0x9c, 0x0f, 0xa4, 0x2f, 0xa4, 0x30
.byte 0xa4, 0x50, 0xac, 0x71, 0xb4, 0x91, 0xbc, 0xf3, 0xac, 0x71, 0x6a, 0x69, 0x62, 0x48, 0x62, 0x27
.byte 0x62, 0x27, 0x62, 0x07, 0x62, 0x27, 0x62, 0x27, 0x62, 0x27, 0x62, 0x27, 0x62, 0x28, 0x62, 0x28
.byte 0x62, 0x48, 0x6a, 0x48, 0x6a, 0x48, 0x6a, 0x48, 0x6a, 0x48, 0x6a, 0x48, 0x6a, 0x68, 0x6a, 0x68
.byte 0x6a, 0x68, 0x6a, 0x69, 0x72, 0x89, 0x72, 0x89, 0x72, 0x89, 0x72, 0x89, 0x72, 0xa9, 0x72, 0xa9
.byte 0x7a, 0xa9, 0x7a, 0xa9, 0x7a, 0xca, 0x7a, 0xc9, 0x62, 0x28, 0x62, 0x27, 0x62, 0x27, 0x62, 0x27
.byte 0x83, 0x2c, 0xe6, 0x18, 0xe6, 0x18, 0xdd, 0xb6, 0xd5, 0x96, 0xd5, 0x95, 0xcd, 0x75, 0xcd, 0x54
.byte 0xc5, 0x34, 0xc4, 0xf3, 0xc4, 0xf3, 0xbc, 0xd3, 0xbc, 0xb2, 0xb4, 0x92, 0xb4, 0x91, 0xac, 0x71
.byte 0xac, 0x51, 0xac, 0x50, 0xa4, 0x30, 0xa4, 0x30, 0xa4, 0x0f, 0xa4, 0x0f, 0x9b, 0xef, 0x9b, 0xef
.byte 0x9b, 0xef, 0x9b, 0xce, 0x93, 0xce, 0x9b, 0xce, 0x9b, 0xef, 0x72, 0xca, 0x51, 0xc6, 0x49, 0x85
.byte 0x49, 0x85, 0x49, 0x85, 0x49, 0x85, 0x49, 0xa5, 0x49, 0x85, 0x49, 0xa5, 0x49, 0xa5, 0x49, 0x85
.byte 0x49, 0x85, 0x49, 0x85, 0x49, 0x85, 0x51, 0xe6, 0x6a, 0x89, 0x6a, 0x89, 0x6a, 0x89, 0x6a, 0x89
.byte 0x6a, 0x89, 0x72, 0xa9, 0x72, 0xaa, 0x72, 0xaa, 0x72, 0xaa, 0x72, 0xaa, 0x72, 0xca, 0x72, 0xca
.byte 0x7a, 0xca, 0x7a, 0xeb, 0x8b, 0x6d, 0x8b, 0x8d, 0x8b, 0x8d, 0x8b, 0x8d, 0x93, 0xad, 0x93, 0xae
.byte 0x93, 0xce, 0x93, 0xce, 0x9b, 0xef, 0x9c, 0x0f, 0xa4, 0x2f, 0xa4, 0x30, 0xac, 0x50, 0xac, 0x71
.byte 0xac, 0x91, 0xb4, 0xb2, 0xbc, 0xf3, 0xcd, 0x75, 0xcd, 0x75, 0x7a, 0xeb, 0x62, 0x27, 0x62, 0x48
.byte 0x62, 0x27, 0x62, 0x27, 0x62, 0x28, 0x62, 0x48, 0x62, 0x48, 0x62, 0x48, 0x62, 0x48, 0x6a, 0x48
.byte 0x6a, 0x48, 0x6a, 0x48, 0x6a, 0x68, 0x6a, 0x68, 0x6a, 0x68, 0x6a, 0x68, 0x72, 0x69, 0x72, 0x89
.byte 0x72, 0x89, 0x72, 0x89, 0x72, 0xa9, 0x72, 0xa9, 0x72, 0xa9, 0x7a, 0xa9, 0x7a, 0xca, 0x7a, 0xca
.byte 0x7a, 0xca, 0x7a, 0xca, 0x62, 0x28, 0x62, 0x27, 0x62, 0x27, 0x62, 0x27, 0x62, 0x27, 0xe6, 0x79
.byte 0xee, 0x79, 0xe5, 0xf7, 0xdd, 0xb6, 0xd5, 0x96, 0xd5, 0x95, 0xcd, 0x75, 0xcd, 0x54, 0xc5, 0x34
.byte 0xc5, 0x13, 0xc4, 0xf3, 0xbc, 0xd3, 0xbc, 0xb2, 0xb4, 0x92, 0xb4, 0x91, 0xb4, 0x71, 0xac, 0x71
.byte 0xac, 0x50, 0xac, 0x50, 0xac, 0x30, 0xa4, 0x30, 0xa4, 0x0f, 0xa4, 0x0f, 0xa3, 0xef, 0x9b, 0xef
.byte 0x9b, 0xef, 0xa4, 0x0f, 0x9b, 0xef, 0x5a, 0x07, 0x49, 0x85, 0x49, 0xa5, 0x49, 0x85, 0x49, 0xa5
.byte 0x49, 0xa5, 0x49, 0xa5, 0x49, 0xa5, 0x49, 0xa5, 0x49, 0xa5, 0x49, 0xa5, 0x49, 0xa5, 0x49, 0xa5
.byte 0x49, 0xa5, 0x51, 0xe6, 0x6a, 0x89, 0x6a, 0x89, 0x6a, 0x89, 0x6a, 0xa9, 0x72, 0xaa, 0x72, 0xaa
.byte 0x72, 0xaa, 0x72, 0xaa, 0x72, 0xca, 0x72, 0xca, 0x72, 0xca, 0x7a, 0xea, 0x7a, 0xea, 0x7a, 0xeb
.byte 0x8b, 0x6d, 0x8b, 0xad, 0x8b, 0x8d, 0x8b, 0x8d, 0x93, 0xad, 0x93, 0xae, 0x93, 0xce, 0x9b, 0xce
.byte 0x9b, 0xef, 0x9c, 0x0f, 0xa4, 0x30, 0xa4, 0x50, 0xac, 0x50, 0xac, 0x71, 0xac, 0x91, 0xb4, 0xb2
.byte 0xb4, 0xd2, 0xbc, 0xf3, 0xc5, 0x34, 0xcd, 0x95, 0xe6, 0x18, 0xc5, 0x13, 0x83, 0x2b, 0x62, 0x48
.byte 0x62, 0x48, 0x6a, 0x48, 0x62, 0x48, 0x62, 0x48, 0x6a, 0x48, 0x6a, 0x48, 0x6a, 0x48, 0x6a, 0x68
.byte 0x6a, 0x68, 0x6a, 0x68, 0x6a, 0x89, 0x72, 0x89, 0x72, 0x89, 0x72, 0x89, 0x72, 0xa9, 0x72, 0xa9
.byte 0x72, 0xa9, 0x72, 0xa9, 0x7a, 0xa9, 0x7a, 0xc9, 0x7a, 0xc9, 0x7a, 0xca, 0x7a, 0xca, 0x7a, 0xca
.byte 0x62, 0x28, 0x62, 0x28, 0x62, 0x27, 0x62, 0x27, 0x5a, 0x27, 0x7a, 0xeb, 0xe6, 0x18, 0xee, 0x59
.byte 0xdd, 0xf7, 0xdd, 0xb6, 0xd5, 0x96, 0xd5, 0x95, 0xcd, 0x75, 0xcd, 0x54, 0xcd, 0x34, 0xc5, 0x14
.byte 0xc4, 0xf3, 0xbc, 0xd3, 0xbc, 0xb2, 0xb4, 0xb2, 0xb4, 0x91, 0xb4, 0x91, 0xb4, 0x71, 0xac, 0x71
.byte 0xac, 0x51, 0xac, 0x50, 0xa4, 0x30, 0xa4, 0x30, 0xa4, 0x30, 0xa4, 0x10, 0xa4, 0x30, 0xac, 0x71
.byte 0x62, 0x28, 0x49, 0xa5, 0x49, 0x85, 0x49, 0xa5, 0x49, 0xa5, 0x49, 0xa5, 0x49, 0xa5, 0x49, 0xa5
.byte 0x49, 0xa5, 0x49, 0xa5, 0x49, 0xa5, 0x49, 0xa5, 0x49, 0xa5, 0x49, 0xa5, 0x49, 0xa5, 0x51, 0xe7
.byte 0x6a, 0x89, 0x6a, 0x89, 0x6a, 0xa9, 0x72, 0xa9, 0x72, 0xaa, 0x72, 0xaa, 0x72, 0xca, 0x72, 0xca
.byte 0x72, 0xca, 0x72, 0xea, 0x7a, 0xeb, 0x7a, 0xeb, 0x7a, 0xeb, 0x7b, 0x0b, 0x7b, 0x0b, 0x8b, 0x8d
.byte 0x93, 0xae, 0x8b, 0xad, 0x93, 0xae, 0x93, 0xce, 0x93, 0xce, 0x9b, 0xef, 0x9c, 0x0f, 0x9c, 0x0f
.byte 0xa4, 0x30, 0xa4, 0x50, 0xac, 0x71, 0xac, 0x91, 0xb4, 0x91, 0xb4, 0xb2, 0xbc, 0xd2, 0xbc, 0xf3
.byte 0xbc, 0xf3, 0xc5, 0x34, 0xcd, 0x55, 0xd5, 0xb6, 0xde, 0x17, 0xe6, 0x79, 0xe6, 0x58, 0xc5, 0x54
.byte 0x8b, 0x8d, 0x6a, 0x69, 0x62, 0x27, 0x6a, 0x48, 0x6a, 0x88, 0x72, 0x89, 0x72, 0x89, 0x6a, 0x69
.byte 0x72, 0x89, 0x72, 0x89, 0x72, 0x89, 0x72, 0xa9, 0x72, 0xa9, 0x72, 0xa9, 0x7a, 0xc9, 0x7a, 0xca
.byte 0x7a, 0xca, 0x7a, 0xca, 0x7a, 0xca, 0x7a, 0xca, 0x7a, 0xca, 0x7a, 0xea, 0x62, 0x48, 0x62, 0x28
.byte 0x62, 0x28, 0x62, 0x27, 0x62, 0x27, 0x62, 0x48, 0xdd, 0xf7, 0xf6, 0x9a, 0xee, 0x58, 0xe5, 0xf7
.byte 0xdd, 0xd6, 0xd5, 0x96, 0xd5, 0x95, 0xd5, 0x75, 0xcd, 0x55, 0xcd, 0x34, 0xc5, 0x14, 0xc4, 0xf3
.byte 0xbc, 0xf3, 0xbc, 0xd3, 0xbc, 0xd2, 0xb4, 0xb2, 0xb4, 0x92, 0xb4, 0x91, 0xb4, 0x91, 0xac, 0x71
.byte 0xac, 0x50, 0xac, 0x50, 0xac, 0x50, 0xac, 0x50, 0xb4, 0x91, 0x93, 0xce, 0x59, 0xe7, 0x49, 0xa5
.byte 0x49, 0x85, 0x49, 0xa5, 0x49, 0xa5, 0x49, 0xa5, 0x49, 0xa5, 0x49, 0xa5, 0x49, 0xa5, 0x49, 0xa5
.byte 0x49, 0xa5, 0x49, 0xa5, 0x49, 0xa5, 0x51, 0xa5, 0x51, 0xc6, 0x5a, 0x07, 0x6a, 0x89, 0x72, 0xaa
.byte 0x72, 0xaa, 0x72, 0xaa, 0x72, 0xca, 0x72, 0xca, 0x72, 0xca, 0x72, 0xca, 0x72, 0xea, 0x7a, 0xea
.byte 0x7a, 0xeb, 0x7a, 0xeb, 0x7b, 0x0b, 0x7b, 0x0b, 0x7b, 0x2b, 0x8b, 0xad, 0x93, 0xce, 0x93, 0xae
.byte 0x93, 0xae, 0x93, 0xce, 0x9b, 0xef, 0x9c, 0x0f, 0x9c, 0x0f, 0xa4, 0x30, 0xa4, 0x30, 0xa4, 0x50
.byte 0xac, 0x71, 0xac, 0x91, 0xb4, 0xb2, 0xb4, 0xd2, 0xbc, 0xf3, 0xbc, 0xf3, 0xc5, 0x14, 0xc5, 0x34
.byte 0xcd, 0x75, 0xd5, 0x95, 0xd5, 0xd6, 0xdd, 0xf7, 0xe6, 0x38, 0xe6, 0x58, 0xe6, 0x59, 0xee, 0x99
.byte 0xee, 0xfb, 0xf7, 0x3c, 0xe6, 0xba, 0xc5, 0x95, 0x9b, 0xef, 0x7a, 0xea, 0x72, 0x89, 0x72, 0x89
.byte 0x72, 0xa9, 0x72, 0xa9, 0x7a, 0xa9, 0x7a, 0xc9, 0x7a, 0xca, 0x7a, 0xca, 0x7a, 0xca, 0x7a, 0xca
.byte 0x7a, 0xea, 0x82, 0xea, 0x82, 0xea, 0x82, 0xea, 0x62, 0x48, 0x62, 0x48, 0x62, 0x28, 0x62, 0x28
.byte 0x62, 0x28, 0x62, 0x27, 0x72, 0xaa, 0xe6, 0x59, 0xf6, 0xba, 0xee, 0x59, 0xe6, 0x17, 0xdd, 0xd6
.byte 0xd5, 0xb6, 0xd5, 0x96, 0xd5, 0x75, 0xcd, 0x75, 0xcd, 0x55, 0xcd, 0x34, 0xc5, 0x14, 0xc5, 0x13
.byte 0xbc, 0xf3, 0xbc, 0xd3, 0xbc, 0xb2, 0xbc, 0xb2, 0xb4, 0x92, 0xb4, 0x91, 0xb4, 0x71, 0xac, 0x71
.byte 0xac, 0x71, 0xb4, 0x91, 0xbc, 0xf3, 0x62, 0x28, 0x49, 0x85, 0x49, 0xa5, 0x49, 0xa5, 0x49, 0xa5
.byte 0x49, 0xa5, 0x51, 0xa5, 0x51, 0xa5, 0x51, 0xa5, 0x51, 0xa5, 0x51, 0xa5, 0x51, 0xa5, 0x51, 0xa5
.byte 0x51, 0xa5, 0x51, 0xa5, 0x51, 0xc6, 0x62, 0x48, 0x6a, 0xaa, 0x72, 0xaa, 0x72, 0xaa, 0x72, 0xca
.byte 0x72, 0xca, 0x72, 0xca, 0x72, 0xca, 0x7a, 0xea, 0x7a, 0xeb, 0x7a, 0xeb, 0x7a, 0xeb, 0x7b, 0x0b
.byte 0x7b, 0x0b, 0x7b, 0x0b, 0x83, 0x2b, 0x83, 0x4c, 0x93, 0xae, 0x93, 0xce, 0x93, 0xce, 0x9b, 0xee
.byte 0x9c, 0x0f, 0x9c, 0x0f, 0xa4, 0x2f, 0xa4, 0x30, 0xa4, 0x50, 0xac, 0x70, 0xac, 0x71, 0xb4, 0x91
.byte 0xb4, 0xb2, 0xb4, 0xd2, 0xbc, 0xf3, 0xbd, 0x13, 0xc5, 0x34, 0xcd, 0x54, 0xcd, 0x75, 0xd5, 0x95
.byte 0xd5, 0xd6, 0xdd, 0xf7, 0xde, 0x17, 0xe6, 0x38, 0xe6, 0x59, 0xee, 0x99, 0xf6, 0xda, 0xf7, 0x1c
.byte 0xff, 0x5c, 0xf7, 0x5d, 0xf7, 0x3c, 0xef, 0x1c, 0xc5, 0x95, 0x7a, 0xca, 0x72, 0xa9, 0x7a, 0xa9
.byte 0x7a, 0xa9, 0x7a, 0xc9, 0x7a, 0xca, 0x7a, 0xca, 0x7a, 0xca, 0x82, 0xea, 0x82, 0xea, 0x82, 0xea
.byte 0x82, 0xea, 0x82, 0xea, 0x62, 0x48, 0x62, 0x48, 0x62, 0x48, 0x62, 0x28, 0x62, 0x28, 0x62, 0x28
.byte 0x62, 0x27, 0x8b, 0x6d, 0xe6, 0x58, 0xf6, 0xdb, 0xee, 0x79, 0xe6, 0x18, 0xdd, 0xd7, 0xdd, 0xb6
.byte 0xd5, 0x96, 0xd5, 0x96, 0xd5, 0x75, 0xcd, 0x55, 0xcd, 0x54, 0xc5, 0x34, 0xc5, 0x13, 0xc4, 0xf3
.byte 0xbc, 0xf3, 0xbc, 0xd3, 0xbc, 0xd2, 0xb4, 0xb2, 0xb4, 0xb2, 0xb4, 0x92, 0xb4, 0x92, 0xbc, 0xd2
.byte 0xa4, 0x0f, 0x51, 0xe6, 0x49, 0x85, 0x49, 0xa5, 0x49, 0xa5, 0x49, 0xa5, 0x51, 0xa5, 0x51, 0xa5
.byte 0x51, 0xa5, 0x51, 0xa5, 0x51, 0xa5, 0x51, 0xa5, 0x51, 0xa6, 0x51, 0xa5, 0x51, 0xa5, 0x51, 0xa6
.byte 0x59, 0xe6, 0x6a, 0x69, 0x72, 0xaa, 0x72, 0xaa, 0x72, 0xca, 0x72, 0xca, 0x72, 0xca, 0x72, 0xea
.byte 0x7a, 0xeb, 0x7a, 0xeb, 0x7b, 0x0b, 0x7b, 0x0b, 0x7b, 0x0b, 0x7b, 0x0b, 0x7b, 0x0b, 0x83, 0x2b
.byte 0x83, 0x2c, 0x83, 0x2c, 0x93, 0xae, 0x9b, 0xef, 0x9b, 0xef, 0x9b, 0xef, 0x9c, 0x0f, 0x9c, 0x0f
.byte 0xa4, 0x30, 0xa4, 0x30, 0xa4, 0x50, 0xac, 0x71, 0xac, 0x91, 0xb4, 0xb2, 0xb4, 0xb2, 0xbc, 0xd2
.byte 0xbc, 0xf3, 0xc5, 0x13, 0xc5, 0x34, 0xcd, 0x75, 0xcd, 0x95, 0xd5, 0xb6, 0xd5, 0xd6, 0xdd, 0xf7
.byte 0xde, 0x18, 0xe6, 0x38, 0xe6, 0x59, 0xee, 0x99, 0xf6, 0xba, 0xf6, 0xdb, 0xff, 0x1c, 0xff, 0x5d
.byte 0xff, 0x9d, 0xff, 0xbe, 0xcd, 0xf7, 0x7a, 0xea, 0x7a, 0xa9, 0x7a, 0xa9, 0x7a, 0xc9, 0x7a, 0xca
.byte 0x7a, 0xca, 0x7a, 0xea, 0x82, 0xea, 0x82, 0xea, 0x82, 0xea, 0x82, 0xea, 0x83, 0x0a, 0x83, 0x0a
.byte 0x6a, 0x48, 0x62, 0x48, 0x62, 0x48, 0x62, 0x28, 0x62, 0x28, 0x62, 0x28, 0x62, 0x27, 0x62, 0x48
.byte 0xbd, 0x54, 0xf6, 0xdb, 0xf6, 0xdb, 0xee, 0x79, 0xe6, 0x18, 0xdd, 0xf7, 0xdd, 0xd6, 0xd5, 0xb6
.byte 0xd5, 0x96, 0xd5, 0x75, 0xcd, 0x75, 0xcd, 0x55, 0xcd, 0x34, 0xc5, 0x34, 0xc5, 0x14, 0xc4, 0xf3
.byte 0xc4, 0xf3, 0xbc, 0xf3, 0xbc, 0xd3, 0xbc, 0xd2, 0xbc, 0xd3, 0xcd, 0x34, 0x62, 0x48, 0x51, 0xa5
.byte 0x49, 0xa5, 0x49, 0xa5, 0x51, 0xa5, 0x51, 0xa5, 0x51, 0xa5, 0x51, 0xa5, 0x51, 0xa5, 0x51, 0xa5
.byte 0x51, 0xa6, 0x51, 0xa6, 0x51, 0xa6, 0x51, 0xa6, 0x51, 0xa6, 0x51, 0xa6, 0x5a, 0x07, 0x72, 0xa9
.byte 0x72, 0xca, 0x72, 0xca, 0x72, 0xca, 0x72, 0xca, 0x7a, 0xea, 0x7a, 0xeb, 0x7a, 0xeb, 0x7b, 0x0b
.byte 0x7b, 0x0b, 0x7b, 0x0b, 0x7b, 0x0b, 0x83, 0x0b, 0x83, 0x2b, 0x83, 0x2c, 0x83, 0x2c, 0x83, 0x4c
.byte 0x8b, 0x6d, 0x93, 0xce, 0x9b, 0xef, 0x9c, 0x0f, 0x9c, 0x0f, 0xa4, 0x30, 0xa4, 0x30, 0xa4, 0x50
.byte 0xac, 0x71, 0xac, 0x71, 0xac, 0x91, 0xb4, 0xb2, 0xb4, 0xd2, 0xbc, 0xf3, 0xbd, 0x13, 0xc5, 0x34
.byte 0xc5, 0x54, 0xcd, 0x75, 0xcd, 0x95, 0xd5, 0xb6, 0xd5, 0xd7, 0xde, 0x17, 0xe6, 0x38, 0xe6, 0x58
.byte 0xee, 0x79, 0xee, 0x9a, 0xf6, 0xba, 0xf6, 0xfb, 0xff, 0x1c, 0xff, 0x5d, 0xff, 0x9e, 0xef, 0x3c
.byte 0xb5, 0x13, 0x82, 0xea, 0x7a, 0xca, 0x7a, 0xca, 0x7a, 0xca, 0x7a, 0xca, 0x82, 0xea, 0x82, 0xea
.byte 0x82, 0xea, 0x82, 0xea, 0x83, 0x0a, 0x83, 0x0a, 0x83, 0x0a, 0x8b, 0x0b, 0x6a, 0x68, 0x6a, 0x48
.byte 0x6a, 0x48, 0x62, 0x48, 0x62, 0x48, 0x62, 0x28, 0x62, 0x28, 0x62, 0x27, 0x72, 0xca, 0xd6, 0x38
.byte 0xff, 0x3c, 0xf6, 0xdb, 0xee, 0x79, 0xe6, 0x38, 0xdd, 0xf7, 0xdd, 0xd7, 0xdd, 0xb6, 0xd5, 0x96
.byte 0xd5, 0x95, 0xd5, 0x75, 0xcd, 0x75, 0xcd, 0x54, 0xcd, 0x34, 0xc5, 0x34, 0xc5, 0x34, 0xc5, 0x14
.byte 0xc4, 0xf3, 0xbc, 0xf3, 0xc5, 0x14, 0xc4, 0xf3, 0x51, 0xc6, 0x49, 0xa5, 0x49, 0xa5, 0x51, 0xa5
.byte 0x51, 0xa5, 0x51, 0xa6, 0x51, 0xa6, 0x51, 0xa6, 0x51, 0xa6, 0x51, 0xa6, 0x51, 0xa6, 0x51, 0xa6
.byte 0x51, 0xc6, 0x51, 0xc6, 0x51, 0xc6, 0x51, 0xc6, 0x5a, 0x07, 0x72, 0xaa, 0x72, 0xca, 0x72, 0xca
.byte 0x7a, 0xea, 0x7a, 0xeb, 0x7a, 0xeb, 0x7b, 0x0b, 0x7b, 0x0b, 0x7b, 0x0b, 0x7b, 0x0b, 0x83, 0x2b
.byte 0x83, 0x2b, 0x83, 0x2c, 0x83, 0x2c, 0x83, 0x4c, 0x83, 0x4c, 0x8b, 0x4c, 0x8b, 0x6d, 0x93, 0xce
.byte 0x9c, 0x0f, 0x9c, 0x0f, 0xa4, 0x30, 0xa4, 0x30, 0xa4, 0x50, 0xac, 0x50, 0xac, 0x71, 0xac, 0x91
.byte 0xb4, 0xb2, 0xb4, 0xd2, 0xbc, 0xd2, 0xbc, 0xf3, 0xc5, 0x13, 0xc5, 0x54, 0xcd, 0x75, 0xcd, 0x75
.byte 0xd5, 0xb6, 0xd5, 0xd6, 0xdd, 0xf7, 0xde, 0x17, 0xe6, 0x38, 0xe6, 0x58, 0xee, 0x79, 0xee, 0xba
.byte 0xf6, 0xdb, 0xf6, 0xfb, 0xff, 0x3c, 0xff, 0x7d, 0xff, 0x9e, 0xcd, 0xf7, 0x8b, 0x6c, 0x82, 0xea
.byte 0x82, 0xea, 0x7a, 0xea, 0x82, 0xea, 0x82, 0xea, 0x82, 0xea, 0x82, 0xea, 0x82, 0xea, 0x83, 0x0a
.byte 0x83, 0x0b, 0x8b, 0x0b, 0x8b, 0x0b, 0x8b, 0x2b, 0x6a, 0x68, 0x6a, 0x68, 0x6a, 0x48, 0x62, 0x48
.byte 0x62, 0x48, 0x62, 0x48, 0x62, 0x28, 0x62, 0x28, 0x62, 0x28, 0x83, 0x2c, 0xde, 0x79, 0xff, 0x5d
.byte 0xf6, 0xdb, 0xee, 0x79, 0xe6, 0x38, 0xe5, 0xf7, 0xdd, 0xd7, 0xdd, 0xd6, 0xd5, 0xb6, 0xd5, 0x96
.byte 0xd5, 0x96, 0xd5, 0x95, 0xcd, 0x75, 0xcd, 0x75, 0xcd, 0x55, 0xcd, 0x54, 0xc5, 0x34, 0xc5, 0x34
.byte 0xcd, 0x55, 0x8b, 0x4c, 0x51, 0xc6, 0x51, 0xa5, 0x51, 0xa5, 0x51, 0xa6, 0x51, 0xa6, 0x51, 0xa6
.byte 0x51, 0xa6, 0x51, 0xa6, 0x51, 0xc6, 0x51, 0xc6, 0x51, 0xc6, 0x51, 0xc6, 0x51, 0xc6, 0x51, 0xc6
.byte 0x51, 0xc6, 0x51, 0xc6, 0x5a, 0x07, 0x72, 0xca, 0x72, 0xca, 0x72, 0xca, 0x7a, 0xeb, 0x7a, 0xeb
.byte 0x7b, 0x0b, 0x7b, 0x0b, 0x7b, 0x0b, 0x7b, 0x0b, 0x83, 0x2b, 0x83, 0x2c, 0x83, 0x2c, 0x83, 0x4c
.byte 0x83, 0x4c, 0x8b, 0x4c, 0x8b, 0x6c, 0x8b, 0x6d, 0x8b, 0x6d, 0x93, 0xae, 0x9b, 0xef, 0xa4, 0x2f
.byte 0xa4, 0x30, 0xa4, 0x50, 0xa4, 0x50, 0xac, 0x71, 0xac, 0x71, 0xac, 0x91, 0xb4, 0xb2, 0xb4, 0xd2
.byte 0xbc, 0xf3, 0xbd, 0x13, 0xc5, 0x34, 0xc5, 0x54, 0xcd, 0x75, 0xcd, 0x95, 0xd5, 0xb6, 0xd5, 0xd6
.byte 0xdd, 0xf7, 0xde, 0x18, 0xe6, 0x38, 0xe6, 0x79, 0xee, 0x99, 0xee, 0xba, 0xf6, 0xfb, 0xf7, 0x1c
.byte 0xff, 0x5d, 0xff, 0xbe, 0xd6, 0x18, 0x93, 0xad, 0x82, 0xea, 0x82, 0xea, 0x82, 0xea, 0x82, 0xea
.byte 0x82, 0xea, 0x82, 0xea, 0x83, 0x0a, 0x83, 0x0b, 0x83, 0x0b, 0x8b, 0x0b, 0x8b, 0x0b, 0x8b, 0x2b
.byte 0x8b, 0x2b, 0x8b, 0x2b, 0x6a, 0x68, 0x6a, 0x68, 0x6a, 0x68, 0x6a, 0x48, 0x62, 0x48, 0x62, 0x48
.byte 0x62, 0x48, 0x62, 0x28, 0x62, 0x28, 0x62, 0x28, 0x83, 0x6d, 0xde, 0x79, 0xff, 0x5d, 0xf6, 0xfb
.byte 0xee, 0x99, 0xe6, 0x58, 0xe6, 0x18, 0xdd, 0xf7, 0xdd, 0xd7, 0xdd, 0xd7, 0xdd, 0xd6, 0xd5, 0xb6
.byte 0xd5, 0xb6, 0xd5, 0x96, 0xd5, 0x95, 0xcd, 0x75, 0xcd, 0x55, 0xcd, 0x75, 0xdd, 0xd6, 0x5a, 0x07
.byte 0x51, 0xa6, 0x51, 0xa6, 0x51, 0xa6, 0x51, 0xc6, 0x51, 0xc6, 0x51, 0xc6, 0x51, 0xc6, 0x51, 0xc6
.byte 0x51, 0xc6, 0x51, 0xc6, 0x51, 0xc6, 0x51, 0xc6, 0x51, 0xc6, 0x51, 0xc6, 0x51, 0xc6, 0x51, 0xc6
.byte 0x62, 0x27, 0x72, 0xca, 0x7a, 0xea, 0x7a, 0xeb, 0x7a, 0xeb, 0x7b, 0x0b, 0x7b, 0x0b, 0x7b, 0x0b
.byte 0x83, 0x2b, 0x83, 0x2b, 0x83, 0x2c, 0x83, 0x2c, 0x83, 0x4c, 0x83, 0x4c, 0x8b, 0x4c, 0x8b, 0x6d
.byte 0x8b, 0x6d, 0x8b, 0x8d, 0x8b, 0x8d, 0x93, 0xad, 0x9b, 0xef, 0xa4, 0x30, 0xa4, 0x50, 0xa4, 0x50
.byte 0xac, 0x71, 0xac, 0x71, 0xac, 0x91, 0xb4, 0xb2, 0xb4, 0xd2, 0xbc, 0xf2, 0xbc, 0xf3, 0xbd, 0x13
.byte 0xc5, 0x34, 0xcd, 0x54, 0xcd, 0x75, 0xcd, 0x96, 0xd5, 0xb6, 0xd5, 0xd7, 0xde, 0x17, 0xde, 0x38
.byte 0xe6, 0x58, 0xee, 0x79, 0xee, 0xba, 0xf6, 0xdb, 0xf7, 0x1b, 0xff, 0x5c, 0xff, 0x9e, 0xd6, 0x59
.byte 0x9c, 0x0f, 0x82, 0xea, 0x82, 0xea, 0x83, 0x0a, 0x83, 0x0a, 0x83, 0x0a, 0x83, 0x0b, 0x83, 0x0b
.byte 0x83, 0x0b, 0x8b, 0x0b, 0x8b, 0x2b, 0x8b, 0x2b, 0x8b, 0x2b, 0x8b, 0x2b, 0x8b, 0x2b, 0x8b, 0x2b
.byte 0x6a, 0x69, 0x6a, 0x69, 0x6a, 0x68, 0x6a, 0x68, 0x6a, 0x48, 0x62, 0x48, 0x62, 0x48, 0x62, 0x48
.byte 0x62, 0x28, 0x62, 0x28, 0x62, 0x48, 0x8b, 0x8d, 0xde, 0x79, 0xff, 0x7d, 0xf6, 0xfb, 0xf6, 0xba
.byte 0xee, 0x79, 0xe6, 0x38, 0xe6, 0x18, 0xde, 0x17, 0xdd, 0xf7, 0xdd, 0xf7, 0xdd, 0xd7, 0xdd, 0xd6
.byte 0xd5, 0xb6, 0xd5, 0x96, 0xd5, 0x96, 0xd5, 0x96, 0xd5, 0x75, 0x59, 0xe6, 0x51, 0xc6, 0x51, 0xc6
.byte 0x51, 0xc6, 0x51, 0xc6, 0x51, 0xc6, 0x51, 0xc6, 0x51, 0xc6, 0x51, 0xc6, 0x51, 0xc6, 0x51, 0xc6
.byte 0x51, 0xc6, 0x51, 0xc6, 0x51, 0xc6, 0x51, 0xc6, 0x51, 0xc6, 0x51, 0xc6, 0x62, 0x27, 0x7a, 0xea
.byte 0x7a, 0xeb, 0x7a, 0xeb, 0x7b, 0x0b, 0x7b, 0x0b, 0x83, 0x0b, 0x83, 0x2c, 0x83, 0x2c, 0x83, 0x2c
.byte 0x83, 0x4c, 0x83, 0x4c, 0x8b, 0x4c, 0x8b, 0x6d, 0x8b, 0x6d, 0x8b, 0x8d, 0x8b, 0x8d, 0x93, 0x8d
.byte 0x93, 0xad, 0x93, 0xae, 0x9b, 0xce, 0xa4, 0x2f, 0xa4, 0x50, 0xac, 0x71, 0xac, 0x71, 0xac, 0x91
.byte 0xb4, 0xb2, 0xb4, 0xb2, 0xb4, 0xd2, 0xbc, 0xf3, 0xbd, 0x13, 0xc5, 0x34, 0xc5, 0x54, 0xcd, 0x75
.byte 0xcd, 0x95, 0xd5, 0xb6, 0xd5, 0xd6, 0xdd, 0xf7, 0xde, 0x17, 0xe6, 0x38, 0xe6, 0x79, 0xee, 0x99
.byte 0xee, 0xba, 0xf6, 0xfb, 0xff, 0x3c, 0xff, 0x9d, 0xde, 0x99, 0xa4, 0x70, 0x83, 0x0b, 0x83, 0x0a
.byte 0x83, 0x0a, 0x83, 0x0a, 0x83, 0x0b, 0x83, 0x0b, 0x8b, 0x0b, 0x8b, 0x2b, 0x8b, 0x2b, 0x8b, 0x2b
.byte 0x8b, 0x2b, 0x8b, 0x2b, 0x8b, 0x2b, 0x8b, 0x4b, 0x93, 0x4b, 0x93, 0x4b, 0x6a, 0x89, 0x6a, 0x69
.byte 0x6a, 0x68, 0x6a, 0x68, 0x6a, 0x68, 0x6a, 0x48, 0x6a, 0x48, 0x62, 0x48, 0x62, 0x48, 0x62, 0x48
.byte 0x62, 0x28, 0x62, 0x48, 0x8b, 0xae, 0xd6, 0x58, 0xff, 0x7d, 0xff, 0x3c, 0xf6, 0xdb, 0xee, 0x99
.byte 0xee, 0x59, 0xe6, 0x38, 0xe6, 0x38, 0xde, 0x17, 0xdd, 0xf7, 0xdd, 0xf7, 0xdd, 0xd7, 0xdd, 0xd6
.byte 0xdd, 0xb6, 0xdd, 0xd7, 0x9b, 0xef, 0x59, 0xe7, 0x51, 0xc6, 0x51, 0xc6, 0x51, 0xc6, 0x51, 0xc6
.byte 0x51, 0xc6, 0x51, 0xc6, 0x51, 0xc6, 0x51, 0xc6, 0x51, 0xc6, 0x51, 0xc6, 0x51, 0xc6, 0x51, 0xc6
.byte 0x59, 0xc6, 0x59, 0xc6, 0x59, 0xc6, 0x59, 0xe6, 0x62, 0x28, 0x7a, 0xeb, 0x7a, 0xeb, 0x7b, 0x0b
.byte 0x7b, 0x0b, 0x83, 0x2b, 0x83, 0x2c, 0x83, 0x2c, 0x83, 0x4c, 0x83, 0x4c, 0x83, 0x4c, 0x8b, 0x4c
.byte 0x8b, 0x6d, 0x8b, 0x6d, 0x8b, 0x8d, 0x8b, 0x8d, 0x93, 0x8d, 0x93, 0xae, 0x93, 0xae, 0x93, 0xce
.byte 0x9b, 0xce, 0xa4, 0x0f, 0xac, 0x71, 0xac, 0x91, 0xac, 0x91, 0xb4, 0xb1, 0xb4, 0xb2, 0xb4, 0xd2
.byte 0xbc, 0xf3, 0xbc, 0xf3, 0xbd, 0x13, 0xc5, 0x34, 0xc5, 0x54, 0xcd, 0x75, 0xcd, 0x95, 0xd5, 0xb6
.byte 0xd5, 0xd6, 0xdd, 0xf7, 0xde, 0x38, 0xe6, 0x58, 0xe6, 0x79, 0xee, 0x9a, 0xf6, 0xda, 0xf7, 0x1c
.byte 0xff, 0x7d, 0xe6, 0xda, 0xb4, 0xd2, 0x8b, 0x4c, 0x83, 0x0b, 0x83, 0x0b, 0x83, 0x0b, 0x8b, 0x0b
.byte 0x8b, 0x0b, 0x8b, 0x2b, 0x8b, 0x2b, 0x8b, 0x2b, 0x8b, 0x2b, 0x8b, 0x2b, 0x8b, 0x4b, 0x8b, 0x4b
.byte 0x93, 0x4b, 0x93, 0x4b, 0x93, 0x4c, 0x93, 0x4c, 0x6a, 0x89, 0x6a, 0x89, 0x6a, 0x69, 0x6a, 0x68
.byte 0x6a, 0x68, 0x6a, 0x68, 0x6a, 0x48, 0x6a, 0x48, 0x6a, 0x48, 0x62, 0x48, 0x62, 0x48, 0x62, 0x48
.byte 0x62, 0x48, 0x8b, 0xae, 0xd6, 0x38, 0xff, 0x9e, 0xff, 0x5d, 0xf6, 0xfb, 0xee, 0xba, 0xee, 0x79
.byte 0xe6, 0x58, 0xe6, 0x38, 0xe6, 0x18, 0xe6, 0x18, 0xe6, 0x17, 0xdd, 0xf7, 0xe5, 0xf7, 0xe6, 0x18
.byte 0x72, 0x89, 0x59, 0xe7, 0x59, 0xe6, 0x59, 0xe6, 0x59, 0xe6, 0x59, 0xe6, 0x59, 0xe6, 0x59, 0xc6
.byte 0x51, 0xc6, 0x51, 0xc6, 0x59, 0xc6, 0x59, 0xc6, 0x59, 0xe6, 0x59, 0xe6, 0x59, 0xe6, 0x59, 0xe6
.byte 0x59, 0xe6, 0x59, 0xe6, 0x62, 0x48, 0x7a, 0xeb, 0x7b, 0x0b, 0x7b, 0x0b, 0x83, 0x2b, 0x83, 0x2c
.byte 0x83, 0x4c, 0x83, 0x4c, 0x83, 0x4c, 0x8b, 0x6c, 0x8b, 0x6c, 0x8b, 0x6d, 0x8b, 0x6d, 0x8b, 0x8d
.byte 0x8b, 0x8d, 0x93, 0xad, 0x93, 0xae, 0x93, 0xae, 0x93, 0xce, 0x9b, 0xce, 0x9b, 0xef, 0xa4, 0x0f
.byte 0xac, 0x71, 0xac, 0x91, 0xb4, 0xb1, 0xb4, 0xb2, 0xb4, 0xd2, 0xb4, 0xd2, 0xbc, 0xf3, 0xbd, 0x13
.byte 0xc5, 0x34, 0xc5, 0x54, 0xc5, 0x75, 0xcd, 0x95, 0xcd, 0xb6, 0xd5, 0xd6, 0xdd, 0xf7, 0xde, 0x17
.byte 0xe6, 0x38, 0xe6, 0x79, 0xee, 0x99, 0xee, 0xba, 0xf7, 0x1b, 0xff, 0x5d, 0xe6, 0xda, 0xb4, 0xf3
.byte 0x93, 0x8c, 0x83, 0x0b, 0x83, 0x0b, 0x8b, 0x2b, 0x8b, 0x2b, 0x8b, 0x2b, 0x8b, 0x2b, 0x8b, 0x2b
.byte 0x8b, 0x2b, 0x8b, 0x2b, 0x8b, 0x4b, 0x8b, 0x4b, 0x93, 0x4c, 0x93, 0x4b, 0x93, 0x4c, 0x93, 0x4c
.byte 0x93, 0x6c, 0x93, 0x6c, 0x72, 0x89, 0x6a, 0x89, 0x6a, 0x89, 0x6a, 0x69, 0x6a, 0x68, 0x6a, 0x68
.byte 0x6a, 0x68, 0x6a, 0x68, 0x6a, 0x68, 0x6a, 0x48, 0x62, 0x48, 0x62, 0x48, 0x62, 0x48, 0x6a, 0x68
.byte 0x8b, 0xae, 0xcd, 0xf7, 0xf7, 0x5d, 0xff, 0x5d, 0xf6, 0xfb, 0xf6, 0xba, 0xee, 0x79, 0xee, 0x59
.byte 0xe6, 0x38, 0xe6, 0x38, 0xe6, 0x38, 0xe6, 0x38, 0xee, 0x59, 0xee, 0x79, 0x59, 0xe7, 0x5a, 0x07
.byte 0x59, 0xe6, 0x59, 0xe6, 0x59, 0xe6, 0x59, 0xe6, 0x59, 0xe6, 0x59, 0xe6, 0x59, 0xe6, 0x59, 0xe6
.byte 0x59, 0xe6, 0x59, 0xe6, 0x59, 0xe6, 0x59, 0xe6, 0x59, 0xe6, 0x59, 0xe6, 0x59, 0xe6, 0x59, 0xe7
.byte 0x6a, 0x48, 0x7b, 0x0b, 0x83, 0x0b, 0x83, 0x2c, 0x83, 0x2c, 0x83, 0x4c, 0x83, 0x4c, 0x8b, 0x4c
.byte 0x8b, 0x6d, 0x8b, 0x6d, 0x8b, 0x6d, 0x8b, 0x6d, 0x8b, 0x8d, 0x93, 0x8d, 0x93, 0xae, 0x93, 0xae
.byte 0x93, 0xce, 0x93, 0xce, 0x9b, 0xee, 0x9b, 0xef, 0x9c, 0x0f, 0xa4, 0x30, 0xac, 0x50, 0xb4, 0xb1
.byte 0xb4, 0xb2, 0xb4, 0xd2, 0xb4, 0xd2, 0xbc, 0xf3, 0xbd, 0x13, 0xbd, 0x34, 0xc5, 0x34, 0xc5, 0x54
.byte 0xcd, 0x75, 0xcd, 0x95, 0xd5, 0xb6, 0xd5, 0xd6, 0xdd, 0xf7, 0xde, 0x18, 0xe6, 0x58, 0xee, 0x79
.byte 0xee, 0xba, 0xf7, 0x1b, 0xff, 0x5d, 0xe6, 0x9a, 0xb4, 0xf2, 0x93, 0x8c, 0x83, 0x0b, 0x8b, 0x2b
.byte 0x8b, 0x2b, 0x8b, 0x2b, 0x8b, 0x2b, 0x8b, 0x2b, 0x8b, 0x2b, 0x8b, 0x2b, 0x8b, 0x4b, 0x8b, 0x4b
.byte 0x93, 0x4b, 0x93, 0x4c, 0x93, 0x6c, 0x93, 0x6c, 0x93, 0x6c, 0x93, 0x6c, 0x93, 0x6c, 0x9b, 0x6c
.byte 0x72, 0x89, 0x72, 0x89, 0x6a, 0x89, 0x6a, 0x89, 0x6a, 0x69, 0x6a, 0x68, 0x6a, 0x68, 0x6a, 0x68
.byte 0x6a, 0x68, 0x6a, 0x68, 0x6a, 0x68, 0x6a, 0x68, 0x6a, 0x68, 0x6a, 0x68, 0x6a, 0x68, 0x8b, 0x6d
.byte 0xb5, 0x34, 0xde, 0x99, 0xff, 0x5d, 0xfe, 0xfb, 0xf6, 0xba, 0xee, 0x9a, 0xee, 0x79, 0xee, 0x79
.byte 0xee, 0x79, 0xee, 0x99, 0xee, 0xba, 0xe6, 0x38, 0x5a, 0x07, 0x5a, 0x07, 0x59, 0xe7, 0x59, 0xe6
.byte 0x59, 0xe6, 0x59, 0xe6, 0x59, 0xe6, 0x59, 0xe6, 0x59, 0xe6, 0x59, 0xe6, 0x59, 0xe6, 0x59, 0xe6
.byte 0x59, 0xe6, 0x59, 0xe6, 0x5a, 0x07, 0x5a, 0x07, 0x5a, 0x07, 0x5a, 0x07, 0x6a, 0x68, 0x83, 0x0b
.byte 0x83, 0x2c, 0x83, 0x2c, 0x83, 0x4c, 0x8b, 0x4c, 0x8b, 0x6d, 0x8b, 0x6d, 0x8b, 0x6d, 0x8b, 0x8d
.byte 0x8b, 0x8d, 0x93, 0x8d, 0x93, 0xad, 0x93, 0xae, 0x93, 0xae, 0x93, 0xce, 0x93, 0xce, 0x9b, 0xee
.byte 0x9b, 0xef, 0x9c, 0x0f, 0xa4, 0x2f, 0xa4, 0x30, 0xa4, 0x50, 0xac, 0x91, 0xb4, 0xd2, 0xb4, 0xd2
.byte 0xbc, 0xf3, 0xbd, 0x13, 0xbd, 0x13, 0xc5, 0x34, 0xc5, 0x54, 0xcd, 0x75, 0xcd, 0x95, 0xcd, 0xb6
.byte 0xd5, 0xd6, 0xd5, 0xf7, 0xde, 0x17, 0xe6, 0x38, 0xe6, 0x79, 0xee, 0xba, 0xf7, 0x1b, 0xff, 0x5c
.byte 0xde, 0x58, 0xac, 0xb1, 0x93, 0x6c, 0x83, 0x0b, 0x8b, 0x2b, 0x8b, 0x2b, 0x8b, 0x2b, 0x8b, 0x2b
.byte 0x8b, 0x4b, 0x8b, 0x4b, 0x8b, 0x4b, 0x93, 0x4b, 0x93, 0x4b, 0x93, 0x4c, 0x93, 0x4c, 0x93, 0x6c
.byte 0x93, 0x6c, 0x93, 0x6c, 0x9b, 0x6c, 0x9b, 0x6c, 0x9b, 0x8c, 0x9b, 0x8c, 0x72, 0xa9, 0x72, 0x89
.byte 0x72, 0x89, 0x72, 0x89, 0x6a, 0x89, 0x6a, 0x69, 0x6a, 0x69, 0x6a, 0x69, 0x6a, 0x68, 0x6a, 0x68
.byte 0x6a, 0x68, 0x6a, 0x68, 0x6a, 0x68, 0x6a, 0x68, 0x6a, 0x68, 0x6a, 0x68, 0x72, 0xca, 0x9c, 0x0f
.byte 0xd5, 0xf7, 0xf7, 0x1c, 0xfe, 0xfb, 0xf6, 0xdb, 0xf6, 0xba, 0xee, 0xba, 0xee, 0xba, 0xf6, 0xdb
.byte 0xf6, 0xdb, 0xc5, 0x54, 0x62, 0x07, 0x5a, 0x07, 0x5a, 0x07, 0x5a, 0x07, 0x59, 0xe6, 0x59, 0xe6
.byte 0x59, 0xe6, 0x59, 0xe6, 0x59, 0xe6, 0x59, 0xe6, 0x59, 0xe6, 0x5a, 0x07, 0x5a, 0x07, 0x5a, 0x07
.byte 0x5a, 0x07, 0x5a, 0x07, 0x62, 0x07, 0x62, 0x07, 0x6a, 0x68, 0x83, 0x2c, 0x83, 0x2c, 0x83, 0x4c
.byte 0x8b, 0x4c, 0x8b, 0x6c, 0x8b, 0x6d, 0x8b, 0x6d, 0x8b, 0x8d, 0x8b, 0x8d, 0x93, 0x8d, 0x93, 0xad
.byte 0x93, 0xae, 0x93, 0xce, 0x93, 0xce, 0x9b, 0xce, 0x9b, 0xef, 0x9b, 0xef, 0x9c, 0x0f, 0xa4, 0x2f
.byte 0xa4, 0x30, 0xa4, 0x50, 0xac, 0x51, 0xac, 0x91, 0xb4, 0xd2, 0xbc, 0xf3, 0xbc, 0xf3, 0xbd, 0x13
.byte 0xc5, 0x34, 0xc5, 0x54, 0xc5, 0x75, 0xcd, 0x95, 0xcd, 0xb6, 0xd5, 0xb6, 0xd5, 0xd7, 0xdd, 0xf7
.byte 0xde, 0x18, 0xe6, 0x58, 0xee, 0xba, 0xf6, 0xfb, 0xff, 0x5d, 0xd6, 0x17, 0xa4, 0x50, 0x8b, 0x4b
.byte 0x8b, 0x0b, 0x8b, 0x2b, 0x8b, 0x2b, 0x8b, 0x2b, 0x8b, 0x2b, 0x8b, 0x4b, 0x8b, 0x4b, 0x93, 0x4b
.byte 0x93, 0x4b, 0x93, 0x4c, 0x93, 0x4c, 0x93, 0x6c, 0x93, 0x6c, 0x93, 0x6c, 0x93, 0x6c, 0x9b, 0x6c
.byte 0x9b, 0x6c, 0x9b, 0x8c, 0x9b, 0x8c, 0x9b, 0x8c, 0x72, 0xa9, 0x72, 0xa9, 0x72, 0x89, 0x72, 0x89
.byte 0x72, 0x89, 0x72, 0x89, 0x6a, 0x89, 0x6a, 0x89, 0x6a, 0x89, 0x6a, 0x68, 0x6a, 0x68, 0x6a, 0x68
.byte 0x6a, 0x68, 0x6a, 0x68, 0x6a, 0x68, 0x6a, 0x68, 0x6a, 0x48, 0x6a, 0x48, 0x83, 0x4c, 0xbd, 0x54
.byte 0xde, 0x59, 0xff, 0x5d, 0xff, 0x3c, 0xf7, 0x1c, 0xf6, 0xfb, 0xf6, 0xfb, 0xf6, 0xdb, 0x9c, 0x0f
.byte 0x62, 0x07, 0x5a, 0x07, 0x5a, 0x07, 0x5a, 0x07, 0x5a, 0x07, 0x5a, 0x07, 0x5a, 0x07, 0x5a, 0x07
.byte 0x5a, 0x07, 0x5a, 0x07, 0x5a, 0x07, 0x5a, 0x07, 0x5a, 0x07, 0x62, 0x07, 0x62, 0x07, 0x62, 0x07
.byte 0x62, 0x07, 0x62, 0x27, 0x6a, 0x69, 0x83, 0x4c, 0x83, 0x4c, 0x8b, 0x4c, 0x8b, 0x6d, 0x8b, 0x6d
.byte 0x8b, 0x8d, 0x8b, 0x8d, 0x93, 0x8d, 0x93, 0xad, 0x93, 0xae, 0x93, 0xae, 0x93, 0xce, 0x93, 0xce
.byte 0x9b, 0xee, 0x9b, 0xef, 0x9c, 0x0f, 0x9c, 0x0f, 0xa4, 0x2f, 0xa4, 0x30, 0xa4, 0x50, 0xac, 0x71
.byte 0xac, 0x71, 0xac, 0x91, 0xb4, 0xb2, 0xbc, 0xf3, 0xbd, 0x13, 0xc5, 0x34, 0xc5, 0x54, 0xc5, 0x75
.byte 0xcd, 0x95, 0xcd, 0xb5, 0xd5, 0xd6, 0xd5, 0xd6, 0xdd, 0xf7, 0xde, 0x18, 0xe6, 0x58, 0xee, 0x9a
.byte 0xf6, 0xfb, 0xf7, 0x3c, 0xd6, 0x17, 0x9b, 0xee, 0x83, 0x2b, 0x8b, 0x0b, 0x8b, 0x2b, 0x8b, 0x2b
.byte 0x8b, 0x2b, 0x8b, 0x2b, 0x8b, 0x4b, 0x93, 0x4b, 0x93, 0x4b, 0x93, 0x6c, 0x93, 0x6c, 0x93, 0x6c
.byte 0x93, 0x6c, 0x93, 0x6c, 0x93, 0x6c, 0x9b, 0x6c, 0x9b, 0x8c, 0x9b, 0x8c, 0x9b, 0x8c, 0x9b, 0x8c
.byte 0x9b, 0x8d, 0x9b, 0x8c, 0x72, 0xaa, 0x72, 0xa9, 0x72, 0xa9, 0x72, 0xa9, 0x72, 0xa9, 0x72, 0x89
.byte 0x72, 0x89, 0x72, 0x89, 0x72, 0x89, 0x6a, 0x89, 0x6a, 0x89, 0x6a, 0x89, 0x6a, 0x89, 0x6a, 0x68
.byte 0x6a, 0x68, 0x6a, 0x68, 0x6a, 0x48, 0x6a, 0x48, 0x6a, 0x48, 0x72, 0x89, 0x9c, 0x0f, 0xcd, 0xf7
.byte 0xee, 0xfb, 0xff, 0x7d, 0xff, 0x5c, 0xff, 0x1c, 0xf6, 0xdb, 0x7a, 0xeb, 0x5a, 0x07, 0x62, 0x07
.byte 0x62, 0x07, 0x62, 0x07, 0x62, 0x07, 0x62, 0x07, 0x5a, 0x07, 0x62, 0x07, 0x62, 0x07, 0x62, 0x07
.byte 0x62, 0x07, 0x62, 0x07, 0x62, 0x07, 0x62, 0x07, 0x62, 0x27, 0x62, 0x27, 0x62, 0x27, 0x62, 0x27
.byte 0x6a, 0x89, 0x8b, 0x4c, 0x8b, 0x4c, 0x8b, 0x6d, 0x8b, 0x6d, 0x8b, 0x8d, 0x93, 0x8d, 0x93, 0xad
.byte 0x93, 0xae, 0x93, 0xae, 0x93, 0xce, 0x93, 0xce, 0x9b, 0xee, 0x9b, 0xef, 0x9b, 0xef, 0x9c, 0x0f
.byte 0xa4, 0x0f, 0xa4, 0x30, 0xa4, 0x30, 0xa4, 0x50, 0xac, 0x70, 0xac, 0x71, 0xac, 0x91, 0xac, 0x91
.byte 0xb4, 0xd2, 0xbd, 0x13, 0xc5, 0x34, 0xc5, 0x54, 0xc5, 0x75, 0xcd, 0x95, 0xcd, 0x95, 0xcd, 0xb6
.byte 0xd5, 0xd6, 0xd5, 0xf7, 0xde, 0x38, 0xe6, 0x58, 0xee, 0xba, 0xf6, 0xfb, 0xe6, 0x79, 0xcd, 0xd6
.byte 0x93, 0x8d, 0x83, 0x0a, 0x8b, 0x0b, 0x8b, 0x2b, 0x8b, 0x2b, 0x8b, 0x2b, 0x8b, 0x2b, 0x8b, 0x4b
.byte 0x93, 0x4b, 0x93, 0x4c, 0x93, 0x6c, 0x93, 0x6c, 0x93, 0x6c, 0x93, 0x6c, 0x93, 0x6c, 0x9b, 0x6c
.byte 0x9b, 0x8c, 0x9b, 0x8c, 0x9b, 0x8c, 0x9b, 0x8c, 0x9b, 0x8c, 0x9b, 0x8d, 0x9b, 0xad, 0x9b, 0xad
.byte 0x7a, 0xca, 0x7a, 0xca, 0x72, 0xaa, 0x72, 0xa9, 0x72, 0xa9, 0x72, 0xa9, 0x72, 0xa9, 0x72, 0xa9
.byte 0x72, 0xa9, 0x72, 0x89, 0x72, 0x89, 0x72, 0x89, 0x72, 0x89, 0x6a, 0x89, 0x6a, 0x68, 0x6a, 0x68
.byte 0x6a, 0x68, 0x6a, 0x68, 0x6a, 0x48, 0x6a, 0x68, 0x6a, 0x68, 0x7a, 0xeb, 0xac, 0xb2, 0xce, 0x17
.byte 0xee, 0xdb, 0xff, 0x7d, 0xf7, 0x1c, 0x6a, 0x48, 0x62, 0x07, 0x62, 0x07, 0x62, 0x07, 0x62, 0x07
.byte 0x62, 0x07, 0x62, 0x07, 0x62, 0x07, 0x62, 0x07, 0x62, 0x07, 0x62, 0x07, 0x62, 0x07, 0x62, 0x07
.byte 0x62, 0x27, 0x62, 0x27, 0x62, 0x27, 0x62, 0x27, 0x62, 0x27, 0x62, 0x27, 0x72, 0x89, 0x8b, 0x6d
.byte 0x8b, 0x6d, 0x8b, 0x8d, 0x8b, 0x8d, 0x93, 0x8d, 0x93, 0xae, 0x93, 0xae, 0x93, 0xce, 0x93, 0xce
.byte 0x9b, 0xee, 0x9b, 0xef, 0x9b, 0xef, 0x9c, 0x0f, 0xa4, 0x0f, 0xa4, 0x30, 0xa4, 0x30, 0xa4, 0x50
.byte 0xa4, 0x50, 0xac, 0x71, 0xac, 0x71, 0xac, 0x91, 0xb4, 0x91, 0xb4, 0xb2, 0xb4, 0xd2, 0xbc, 0xf3
.byte 0xc5, 0x54, 0xc5, 0x75, 0xcd, 0x95, 0xcd, 0x95, 0xcd, 0xb6, 0xd5, 0xd6, 0xd5, 0xf7, 0xde, 0x18
.byte 0xe6, 0x79, 0xee, 0xba, 0xf7, 0x1b, 0xd5, 0xf7, 0xac, 0x91, 0x8b, 0x4b, 0x8b, 0x0b, 0x8b, 0x0b
.byte 0x8b, 0x2b, 0x8b, 0x2b, 0x8b, 0x2b, 0x8b, 0x4b, 0x93, 0x4b, 0x93, 0x4b, 0x93, 0x6c, 0x93, 0x6c
.byte 0x93, 0x6c, 0x93, 0x6c, 0x93, 0x6c, 0x93, 0x6c, 0x9b, 0x8c, 0x9b, 0x8c, 0x9b, 0x8c, 0x9b, 0x8c
.byte 0x9b, 0x8c, 0x9b, 0x8d, 0x9b, 0xad, 0x9b, 0xad, 0xa3, 0xad, 0xa3, 0xad, 0x7a, 0xca, 0x7a, 0xca
.byte 0x7a, 0xca, 0x7a, 0xca, 0x7a, 0xca, 0x72, 0xa9, 0x72, 0xa9, 0x72, 0xa9, 0x72, 0xa9, 0x72, 0xa9
.byte 0x72, 0x89, 0x72, 0x89, 0x72, 0x89, 0x72, 0x89, 0x72, 0x89, 0x72, 0x69, 0x72, 0x68, 0x6a, 0x68
.byte 0x6a, 0x68, 0x6a, 0x68, 0x6a, 0x68, 0x6a, 0x68, 0x6a, 0x68, 0x72, 0xa9, 0xac, 0xb2, 0xce, 0x38
.byte 0xc5, 0xd6, 0x62, 0x27, 0x62, 0x27, 0x62, 0x27, 0x62, 0x27, 0x62, 0x27, 0x62, 0x27, 0x62, 0x27
.byte 0x62, 0x27, 0x62, 0x27, 0x62, 0x27, 0x62, 0x07, 0x62, 0x07, 0x62, 0x27, 0x62, 0x27, 0x62, 0x27
.byte 0x62, 0x27, 0x62, 0x27, 0x62, 0x27, 0x62, 0x27, 0x72, 0x89, 0x8b, 0x6d, 0x8b, 0x8d, 0x93, 0x8d
.byte 0x93, 0xad, 0x93, 0xae, 0x93, 0xce, 0x93, 0xce, 0x9b, 0xee, 0x9b, 0xef, 0x9b, 0xef, 0x9c, 0x0f
.byte 0x9c, 0x0f, 0xa4, 0x2f, 0xa4, 0x30, 0xa4, 0x30, 0xa4, 0x50, 0xa4, 0x50, 0xac, 0x71, 0xac, 0x71
.byte 0xac, 0x91, 0xb4, 0x91, 0xb4, 0xb2, 0xb4, 0xd2, 0xbc, 0xf3, 0xbd, 0x13, 0xc5, 0x54, 0xcd, 0x95
.byte 0xcd, 0xb6, 0xd5, 0xb6, 0xd5, 0xd6, 0xd5, 0xf7, 0xde, 0x38, 0xe6, 0x59, 0xee, 0xba, 0xde, 0x58
.byte 0xd6, 0x17, 0x93, 0x6c, 0x8b, 0x2b, 0x8b, 0x2b, 0x8b, 0x2b, 0x8b, 0x2b, 0x8b, 0x2b, 0x8b, 0x2b
.byte 0x8b, 0x4b, 0x93, 0x4b, 0x93, 0x4b, 0x93, 0x6c, 0x93, 0x6c, 0x93, 0x6c, 0x93, 0x6c, 0x93, 0x6c
.byte 0x9b, 0x8c, 0x9b, 0x8c, 0x9b, 0x8c, 0x9b, 0x8c, 0x9b, 0x8c, 0x9b, 0x8d, 0x9b, 0xad, 0xa3, 0xad
.byte 0xa3, 0xad, 0xa3, 0xad, 0xa3, 0xad, 0xa3, 0xad, 0x7a, 0xca, 0x7a, 0xca, 0x7a, 0xca, 0x7a, 0xca
.byte 0x7a, 0xca, 0x7a, 0xca, 0x7a, 0xca, 0x7a, 0xaa, 0x7a, 0xa9, 0x72, 0xa9, 0x72, 0xa9, 0x72, 0xa9
.byte 0x72, 0xa9, 0x72, 0x89, 0x72, 0x89, 0x72, 0x89, 0x72, 0x89, 0x72, 0x89, 0x72, 0x89, 0x6a, 0x68
.byte 0x6a, 0x68, 0x6a, 0x68, 0x6a, 0x68, 0x6a, 0x68, 0x6a, 0x48, 0x62, 0x27, 0x6a, 0x48, 0x6a, 0x48
.byte 0x62, 0x47, 0x62, 0x27, 0x62, 0x27, 0x62, 0x27, 0x62, 0x27, 0x62, 0x27, 0x62, 0x27, 0x62, 0x27
.byte 0x62, 0x27, 0x62, 0x27, 0x62, 0x27, 0x62, 0x27, 0x62, 0x27, 0x62, 0x27, 0x62, 0x27, 0x62, 0x27
.byte 0x62, 0x47, 0x62, 0x47, 0x72, 0xa9, 0x8b, 0x8d, 0x93, 0x8d, 0x93, 0xad, 0x93, 0xae, 0x93, 0xce
.byte 0x9b, 0xce, 0x9b, 0xee, 0x9b, 0xef, 0x9c, 0x0f, 0x9c, 0x0f, 0xa4, 0x2f, 0xa4, 0x2f, 0xa4, 0x30
.byte 0xa4, 0x50, 0xa4, 0x50, 0xac, 0x50, 0xac, 0x71, 0xac, 0x71, 0xac, 0x91, 0xb4, 0x91, 0xb4, 0xb2
.byte 0xb4, 0xd2, 0xbc, 0xf3, 0xbd, 0x13, 0xbd, 0x34, 0xc5, 0x54, 0xcd, 0x95, 0xcd, 0xd6, 0xd5, 0xf7
.byte 0xd6, 0x17, 0xde, 0x38, 0xe6, 0x79, 0xe6, 0x79, 0xd5, 0xf7, 0xa4, 0x50, 0x8b, 0x2b, 0x8b, 0x2b
.byte 0x8b, 0x2b, 0x8b, 0x2b, 0x8b, 0x2b, 0x8b, 0x2b, 0x8b, 0x4b, 0x93, 0x4b, 0x93, 0x4b, 0x93, 0x4c
.byte 0x93, 0x4c, 0x93, 0x6c, 0x93, 0x6c, 0x93, 0x6c, 0x9b, 0x8c, 0x9b, 0x8c, 0x9b, 0x8c, 0x9b, 0x8c
.byte 0x9b, 0x8c, 0x9b, 0x8d, 0x9b, 0xad, 0xa3, 0xad, 0xa3, 0xad, 0xa3, 0xad, 0xa3, 0xad, 0xa3, 0xcd
.byte 0xa3, 0xcd, 0xa3, 0xcd, 0x7a, 0xea, 0x7a, 0xea, 0x7a, 0xca, 0x7a, 0xca, 0x7a, 0xca, 0x7a, 0xca
.byte 0x7a, 0xca, 0x7a, 0xca, 0x7a, 0xca, 0x7a, 0xca, 0x72, 0xa9, 0x72, 0xa9, 0x72, 0xa9, 0x72, 0xa9
.byte 0x72, 0xa9, 0x72, 0x89, 0x72, 0x89, 0x72, 0x89, 0x72, 0x89, 0x72, 0x89, 0x72, 0x68, 0x6a, 0x68
.byte 0x6a, 0x68, 0x6a, 0x68, 0x6a, 0x48, 0x6a, 0x48, 0x6a, 0x48, 0x6a, 0x48, 0x6a, 0x48, 0x6a, 0x48
.byte 0x6a, 0x47, 0x62, 0x47, 0x62, 0x27, 0x62, 0x27, 0x62, 0x27, 0x62, 0x27, 0x62, 0x27, 0x62, 0x27
.byte 0x62, 0x27, 0x62, 0x27, 0x62, 0x27, 0x62, 0x27, 0x62, 0x27, 0x62, 0x47, 0x6a, 0x48, 0x6a, 0x48
.byte 0x72, 0xa9, 0x8b, 0x6d, 0x93, 0xae, 0x93, 0xae, 0x93, 0xce, 0x9b, 0xee, 0x9b, 0xef, 0x9b, 0xef
.byte 0x9c, 0x0f, 0xa4, 0x0f, 0xa4, 0x2f, 0xa4, 0x30, 0xa4, 0x30, 0xa4, 0x50, 0xa4, 0x50, 0xac, 0x70
.byte 0xac, 0x71, 0xac, 0x71, 0xac, 0x91, 0xac, 0x91, 0xb4, 0xb2, 0xb4, 0xd2, 0xbc, 0xd3, 0xbc, 0xf3
.byte 0xbd, 0x13, 0xc5, 0x34, 0xc5, 0x54, 0xcd, 0x95, 0xd5, 0xd6, 0xd5, 0xf7, 0xde, 0x18, 0xde, 0x38
.byte 0xd5, 0xd6, 0xbd, 0x33, 0x83, 0x0b, 0x8b, 0x2b, 0x8b, 0x2b, 0x8b, 0x2b, 0x8b, 0x2b, 0x8b, 0x2b
.byte 0x8b, 0x4b, 0x8b, 0x4b, 0x93, 0x4b, 0x93, 0x4b, 0x93, 0x4c, 0x93, 0x6c, 0x93, 0x6c, 0x93, 0x6c
.byte 0x93, 0x6c, 0x9b, 0x8c, 0x9b, 0x8c, 0x9b, 0x8c, 0x9b, 0x8c, 0x9b, 0x8c, 0x9b, 0xad, 0x9b, 0xad
.byte 0xa3, 0xad, 0xa3, 0xad, 0xa3, 0xad, 0xa3, 0xcd, 0xa3, 0xcd, 0xa3, 0xcd, 0xa3, 0xcd, 0xa3, 0xcd
.byte 0x82, 0xea, 0x7a, 0xea, 0x7a, 0xea, 0x7a, 0xea, 0x7a, 0xea, 0x7a, 0xea, 0x7a, 0xca, 0x7a, 0xca
.byte 0x7a, 0xca, 0x7a, 0xca, 0x7a, 0xca, 0x7a, 0xca, 0x7a, 0xa9, 0x72, 0xa9, 0x72, 0xa9, 0x72, 0xa9
.byte 0x72, 0xa9, 0x72, 0x89, 0x72, 0x89, 0x72, 0x89, 0x72, 0x89, 0x72, 0x89, 0x6a, 0x88, 0x6a, 0x68
.byte 0x6a, 0x68, 0x6a, 0x48, 0x6a, 0x48, 0x6a, 0x48, 0x6a, 0x48, 0x6a, 0x48, 0x6a, 0x48, 0x6a, 0x48
.byte 0x6a, 0x48, 0x6a, 0x48, 0x6a, 0x48, 0x6a, 0x47, 0x62, 0x47, 0x62, 0x47, 0x62, 0x47, 0x62, 0x47
.byte 0x62, 0x47, 0x6a, 0x48, 0x6a, 0x48, 0x6a, 0x48, 0x6a, 0x48, 0x6a, 0x48, 0x72, 0x89, 0x83, 0x2c
.byte 0x93, 0xce, 0x9b, 0xce, 0x9b, 0xee, 0x9b, 0xef, 0x9b, 0xef, 0x9c, 0x0f, 0x9c, 0x0f, 0xa4, 0x2f
.byte 0xa4, 0x30, 0xa4, 0x30, 0xa4, 0x50, 0xac, 0x50, 0xac, 0x71, 0xac, 0x71, 0xac, 0x71, 0xac, 0x91
.byte 0xb4, 0x91, 0xb4, 0xb2, 0xb4, 0xd2, 0xb4, 0xd2, 0xbc, 0xf3, 0xbd, 0x13, 0xc5, 0x34, 0xc5, 0x54
.byte 0xcd, 0x95, 0xcd, 0xb6, 0xd5, 0xf7, 0xd5, 0xd6, 0xcd, 0x95, 0xbc, 0xf2, 0x83, 0x0a, 0x8b, 0x2b
.byte 0x8b, 0x0b, 0x8b, 0x2b, 0x8b, 0x2b, 0x8b, 0x2b, 0x8b, 0x2b, 0x8b, 0x4b, 0x93, 0x4b, 0x93, 0x4b
.byte 0x93, 0x4b, 0x93, 0x6c, 0x93, 0x6c, 0x93, 0x6c, 0x93, 0x6c, 0x9b, 0x8c, 0x9b, 0x8c, 0x9b, 0x8c
.byte 0x9b, 0x8c, 0x9b, 0x8c, 0x9b, 0xad, 0x9b, 0xad, 0x9b, 0xad, 0xa3, 0xad, 0xa3, 0xad, 0xa3, 0xad
.byte 0xa3, 0xad, 0xa3, 0xcd, 0xa3, 0xcd, 0xa3, 0xcd, 0xa3, 0xcd, 0xa3, 0xcd, 0x82, 0xeb, 0x82, 0xea
.byte 0x82, 0xea, 0x82, 0xea, 0x82, 0xea, 0x7a, 0xea, 0x7a, 0xea, 0x7a, 0xea, 0x7a, 0xca, 0x7a, 0xca
.byte 0x7a, 0xca, 0x7a, 0xca, 0x7a, 0xca, 0x7a, 0xca, 0x7a, 0xa9, 0x7a, 0xa9, 0x72, 0xa9, 0x72, 0xa9
.byte 0x72, 0xa9, 0x72, 0x89, 0x72, 0x89, 0x72, 0x89, 0x72, 0x88, 0x72, 0x88, 0x6a, 0x68, 0x6a, 0x68
.byte 0x6a, 0x68, 0x6a, 0x68, 0x6a, 0x68, 0x6a, 0x68, 0x6a, 0x48, 0x6a, 0x68, 0x6a, 0x68, 0x6a, 0x48
.byte 0x6a, 0x48, 0x6a, 0x48, 0x6a, 0x48, 0x6a, 0x48, 0x6a, 0x48, 0x6a, 0x48, 0x6a, 0x48, 0x6a, 0x48
.byte 0x6a, 0x48, 0x6a, 0x48, 0x6a, 0x48, 0x6a, 0x68, 0x6a, 0x68, 0x7a, 0xca, 0x93, 0xce, 0x9b, 0xee
.byte 0x9b, 0xef, 0x9b, 0xef, 0x9c, 0x0f, 0xa4, 0x0f, 0xa4, 0x30, 0xa4, 0x30, 0xa4, 0x50, 0xa4, 0x50
.byte 0xac, 0x50, 0xac, 0x71, 0xac, 0x71, 0xac, 0x91, 0xb4, 0xb1, 0xb4, 0xb2, 0xb4, 0xb2, 0xb4, 0xd2
.byte 0xb4, 0xd2, 0xbc, 0xf3, 0xbd, 0x13, 0xbd, 0x13, 0xc5, 0x34, 0xc5, 0x75, 0xcd, 0x95, 0xcd, 0x95
.byte 0xc5, 0x74, 0xac, 0x70, 0x83, 0x0a, 0x83, 0x0b, 0x83, 0x0a, 0x8b, 0x0b, 0x8b, 0x2b, 0x8b, 0x2b
.byte 0x8b, 0x2b, 0x8b, 0x2b, 0x8b, 0x4b, 0x93, 0x4b, 0x93, 0x4b, 0x93, 0x4c, 0x93, 0x6c, 0x93, 0x6c
.byte 0x93, 0x6c, 0x93, 0x6c, 0x9b, 0x8c, 0x9b, 0x8c, 0x9b, 0x8c, 0x9b, 0x8c, 0x9b, 0x8c, 0x9b, 0xad
.byte 0x9b, 0xad, 0x9b, 0xad, 0xa3, 0xad, 0xa3, 0xad, 0xa3, 0xcd, 0xa3, 0xcd, 0xa3, 0xcd, 0xa3, 0xcd
.byte 0xa3, 0xcd, 0xa3, 0xcd, 0xa3, 0xcd, 0xa3, 0xcd, 0x83, 0x0b, 0x83, 0x0b, 0x83, 0x0b, 0x82, 0xea
.byte 0x82, 0xea, 0x82, 0xea, 0x82, 0xea, 0x82, 0xea, 0x7a, 0xea, 0x7a, 0xea, 0x7a, 0xca, 0x7a, 0xca
.byte 0x7a, 0xca, 0x7a, 0xca, 0x7a, 0xca, 0x7a, 0xca, 0x7a, 0xa9, 0x7a, 0xa9, 0x72, 0xa9, 0x72, 0xa9
.byte 0x72, 0x89, 0x72, 0x89, 0x72, 0x89, 0x72, 0x88, 0x72, 0x88, 0x6a, 0x68, 0x6a, 0x68, 0x6a, 0x68
.byte 0x6a, 0x68, 0x6a, 0x68, 0x6a, 0x68, 0x6a, 0x68, 0x6a, 0x68, 0x6a, 0x68, 0x6a, 0x68, 0x6a, 0x68
.byte 0x6a, 0x68, 0x6a, 0x48, 0x6a, 0x48, 0x6a, 0x48, 0x6a, 0x48, 0x6a, 0x48, 0x6a, 0x48, 0x6a, 0x48
.byte 0x6a, 0x68, 0x6a, 0x68, 0x6a, 0x68, 0x72, 0xc9, 0x93, 0xad, 0x9b, 0xef, 0x9b, 0xef, 0x9c, 0x0f
.byte 0xa4, 0x2f, 0xa4, 0x30, 0xa4, 0x30, 0xa4, 0x30, 0xa4, 0x50, 0xac, 0x70, 0xac, 0x71, 0xac, 0x71
.byte 0xac, 0x91, 0xb4, 0xb2, 0xb4, 0xb2, 0xb4, 0xd2, 0xb4, 0xd2, 0xbc, 0xf3, 0xbc, 0xf3, 0xbd, 0x13
.byte 0xbd, 0x33, 0xc5, 0x33, 0xc5, 0x33, 0xc5, 0x54, 0xb4, 0xd2, 0x93, 0x8c, 0x83, 0x0a, 0x8b, 0x2b
.byte 0x8b, 0x0b, 0x8b, 0x0b, 0x8b, 0x0b, 0x8b, 0x2b, 0x8b, 0x2b, 0x8b, 0x2b, 0x8b, 0x4b, 0x8b, 0x4b
.byte 0x93, 0x4b, 0x93, 0x4b, 0x93, 0x6c, 0x93, 0x6c, 0x93, 0x6c, 0x93, 0x6c, 0x93, 0x6c, 0x9b, 0x8c
.byte 0x9b, 0x8c, 0x9b, 0x8c, 0x9b, 0x8c, 0x9b, 0x8c, 0x9b, 0xad, 0x9b, 0xad, 0x9b, 0xad, 0xa3, 0xad
.byte 0xa3, 0xad, 0xa3, 0xad, 0xa3, 0xcd, 0xa3, 0xcd, 0xa3, 0xcd, 0xa3, 0xcd, 0xa3, 0xcd, 0xa3, 0xcd
.byte 0xa3, 0xcd, 0xa3, 0xcd, 0x8b, 0x2b, 0x83, 0x0b, 0x83, 0x0b, 0x83, 0x0b, 0x83, 0x0b, 0x83, 0x0b
.byte 0x83, 0x0b, 0x82, 0xea, 0x82, 0xea, 0x82, 0xea, 0x82, 0xea, 0x7a, 0xea, 0x7a, 0xea, 0x7a, 0xea
.byte 0x7a, 0xca, 0x7a, 0xca, 0x7a, 0xca, 0x7a, 0xca, 0x7a, 0xa9, 0x7a, 0xa9, 0x7a, 0xa9, 0x72, 0xa9
.byte 0x72, 0x89, 0x72, 0x89, 0x72, 0x89, 0x72, 0x89, 0x72, 0x89, 0x72, 0x88, 0x72, 0x88, 0x72, 0x88
.byte 0x72, 0x68, 0x72, 0x68, 0x6a, 0x68, 0x6a, 0x68, 0x6a, 0x68, 0x6a, 0x68, 0x6a, 0x68, 0x6a, 0x68
.byte 0x6a, 0x68, 0x6a, 0x68, 0x6a, 0x48, 0x6a, 0x48, 0x6a, 0x68, 0x6a, 0x68, 0x6a, 0x68, 0x6a, 0x68
.byte 0x6a, 0x68, 0x6a, 0x68, 0x7a, 0xc9, 0x9b, 0xce, 0x9c, 0x0f, 0xa4, 0x2f, 0xa4, 0x30, 0xa4, 0x30
.byte 0xa4, 0x50, 0xac, 0x50, 0xac, 0x70, 0xac, 0x71, 0xac, 0x71, 0xac, 0x91, 0xb4, 0x91, 0xb4, 0xb2
.byte 0xb4, 0xd2, 0xb4, 0xd2, 0xbc, 0xf3, 0xbc, 0xf3, 0xbd, 0x13, 0xbd, 0x13, 0xbd, 0x13, 0xac, 0x91
.byte 0x93, 0x8d, 0x83, 0x0a, 0x83, 0x0a, 0x83, 0x0a, 0x83, 0x0a, 0x8b, 0x2b, 0x8b, 0x2b, 0x8b, 0x2b
.byte 0x8b, 0x2b, 0x8b, 0x2b, 0x8b, 0x2b, 0x8b, 0x4b, 0x8b, 0x4b, 0x93, 0x4b, 0x93, 0x6c, 0x93, 0x6c
.byte 0x93, 0x6c, 0x93, 0x6c, 0x93, 0x6c, 0x9b, 0x8c, 0x9b, 0x8c, 0x9b, 0x8c, 0x9b, 0x8c, 0x9b, 0x8c
.byte 0x9b, 0xad, 0x9b, 0xad, 0x9b, 0xad, 0x9b, 0xad, 0xa3, 0xad, 0xa3, 0xad, 0xa3, 0xcd, 0xa3, 0xcd
.byte 0xa3, 0xcd, 0xa3, 0xcd, 0xa3, 0xcd, 0xa3, 0xcd, 0xa3, 0xcd, 0xa3, 0xcd, 0xa3, 0xcd, 0xa3, 0xcd
.byte 0x8b, 0x2b, 0x8b, 0x2b, 0x8b, 0x2b, 0x83, 0x0b, 0x83, 0x0b, 0x83, 0x0b, 0x83, 0x0b, 0x83, 0x0b
.byte 0x83, 0x0b, 0x83, 0x0b, 0x82, 0xea, 0x82, 0xea, 0x82, 0xea, 0x82, 0xea, 0x82, 0xea, 0x7a, 0xea
.byte 0x7a, 0xea, 0x7a, 0xca, 0x7a, 0xca, 0x7a, 0xc9, 0x7a, 0xa9, 0x7a, 0xa9, 0x7a, 0xa9, 0x72, 0xa9
.byte 0x72, 0xa9, 0x72, 0x89, 0x72, 0x89, 0x72, 0x89, 0x72, 0x89, 0x72, 0x89, 0x72, 0x89, 0x72, 0x88
.byte 0x72, 0x68, 0x72, 0x68, 0x72, 0x68, 0x6a, 0x68, 0x6a, 0x68, 0x6a, 0x68, 0x6a, 0x68, 0x6a, 0x68
.byte 0x6a, 0x68, 0x72, 0x68, 0x72, 0x68, 0x6a, 0x68, 0x6a, 0x68, 0x72, 0x68, 0x72, 0x68, 0x72, 0x88
.byte 0x72, 0x88, 0x7a, 0xca, 0x9b, 0xce, 0xa4, 0x30, 0xa4, 0x30, 0xa4, 0x30, 0xa4, 0x50, 0xac, 0x70
.byte 0xac, 0x71, 0xac, 0x91, 0xac, 0x91, 0xac, 0x91, 0xac, 0x91, 0xb4, 0xb1, 0xb4, 0xd2, 0xbc, 0xf2
.byte 0xbc, 0xf2, 0xac, 0x71, 0x93, 0xad, 0x83, 0x2b, 0x83, 0x0a, 0x83, 0x0a, 0x83, 0x0a, 0x83, 0x0a
.byte 0x83, 0x0a, 0x83, 0x0a, 0x8b, 0x0a, 0x8b, 0x2b, 0x8b, 0x2b, 0x8b, 0x2b, 0x8b, 0x2b, 0x8b, 0x2b
.byte 0x8b, 0x4b, 0x8b, 0x4b, 0x93, 0x4b, 0x93, 0x4b, 0x93, 0x6c, 0x93, 0x6c, 0x93, 0x6c, 0x93, 0x6c
.byte 0x9b, 0x8c, 0x9b, 0x8c, 0x9b, 0x8c, 0x9b, 0x8c, 0x9b, 0x8c, 0x9b, 0xad, 0x9b, 0xad, 0x9b, 0xad
.byte 0x9b, 0xad, 0xa3, 0xad, 0xa3, 0xad, 0xa3, 0xad, 0xa3, 0xcd, 0xa3, 0xcd, 0xa3, 0xcd, 0xa3, 0xcd
.byte 0xa3, 0xcd, 0xa3, 0xcd, 0xa3, 0xcd, 0xa3, 0xcd, 0xa3, 0xcd, 0xa3, 0xcd, 0x8b, 0x4b, 0x8b, 0x2b
.byte 0x8b, 0x2b, 0x8b, 0x2b, 0x8b, 0x2b, 0x8b, 0x2b, 0x83, 0x2b, 0x83, 0x0b, 0x8b, 0x0b, 0x83, 0x0b
.byte 0x83, 0x0b, 0x83, 0x0b, 0x82, 0xea, 0x82, 0xea, 0x82, 0xea, 0x82, 0xea, 0x82, 0xea, 0x82, 0xea
.byte 0x7a, 0xca, 0x7a, 0xca, 0x7a, 0xca, 0x7a, 0xc9, 0x7a, 0xc9, 0x7a, 0xa9, 0x7a, 0xa9, 0x72, 0xa9
.byte 0x72, 0xa9, 0x72, 0x89, 0x72, 0xa9, 0x72, 0x89, 0x72, 0x89, 0x72, 0x89, 0x72, 0x89, 0x72, 0x88
.byte 0x72, 0x68, 0x72, 0x88, 0x72, 0x68, 0x72, 0x88, 0x72, 0x68, 0x72, 0x88, 0x72, 0x68, 0x72, 0x68
.byte 0x72, 0x68, 0x72, 0x68, 0x72, 0x68, 0x72, 0x68, 0x72, 0x88, 0x72, 0x89, 0x72, 0x89, 0x72, 0x89
.byte 0x72, 0xa9, 0x72, 0x89, 0x7a, 0xaa, 0x83, 0x2b, 0x93, 0xad, 0x9c, 0x0f, 0xa4, 0x2f, 0xa4, 0x2f
.byte 0xa4, 0x0f, 0x9b, 0xce, 0x8b, 0x6c, 0x83, 0x0b, 0x7a, 0xc9, 0x7a, 0xca, 0x82, 0xea, 0x82, 0xea
.byte 0x82, 0xea, 0x82, 0xea, 0x83, 0x0a, 0x83, 0x0a, 0x83, 0x0a, 0x83, 0x0a, 0x83, 0x0a, 0x8b, 0x0b
.byte 0x8b, 0x0b, 0x8b, 0x2b, 0x8b, 0x2b, 0x8b, 0x2b, 0x8b, 0x2b, 0x8b, 0x4b, 0x93, 0x4b, 0x93, 0x4b
.byte 0x93, 0x4c, 0x93, 0x6c, 0x93, 0x6c, 0x93, 0x6c, 0x93, 0x6c, 0x9b, 0x6c, 0x9b, 0x8c, 0x9b, 0x8c
.byte 0x9b, 0x8c, 0x9b, 0x8c, 0x9b, 0xac, 0x9b, 0xad, 0x9b, 0xad, 0x9b, 0xad, 0xa3, 0xad, 0x9b, 0xad
.byte 0xa3, 0xad, 0xa3, 0xad, 0xa3, 0xcd, 0xa3, 0xcd, 0xa3, 0xcd, 0xa3, 0xcd, 0xa3, 0xcd, 0xa3, 0xcd
.byte 0xa3, 0xcd, 0xa3, 0xcd, 0xa3, 0xcd, 0xa3, 0xcd, 0x8b, 0x4c, 0x8b, 0x4c, 0x8b, 0x4b, 0x8b, 0x2b
.byte 0x8b, 0x2b, 0x8b, 0x2b, 0x8b, 0x2b, 0x8b, 0x2b, 0x8b, 0x2b, 0x8b, 0x2b, 0x83, 0x0b, 0x83, 0x0b
.byte 0x83, 0x0b, 0x83, 0x0a, 0x83, 0x0a, 0x82, 0xea, 0x82, 0xea, 0x82, 0xea, 0x82, 0xea, 0x82, 0xea
.byte 0x7a, 0xca, 0x7a, 0xca, 0x7a, 0xca, 0x7a, 0xc9, 0x7a, 0xc9, 0x7a, 0xa9, 0x7a, 0xa9, 0x72, 0xa9
.byte 0x72, 0xa9, 0x72, 0xa9, 0x72, 0xa9, 0x72, 0x89, 0x72, 0x89, 0x72, 0x89, 0x72, 0x89, 0x72, 0x89
.byte 0x72, 0x89, 0x72, 0x89, 0x72, 0x89, 0x72, 0x88, 0x72, 0x88, 0x72, 0x88, 0x72, 0x88, 0x72, 0x88
.byte 0x72, 0x88, 0x72, 0x89, 0x72, 0x89, 0x72, 0xa9, 0x72, 0xa9, 0x72, 0xa9, 0x72, 0xa9, 0x72, 0xa9
.byte 0x72, 0xa9, 0x7a, 0xa9, 0x7a, 0xc9, 0x7a, 0xca, 0x7a, 0xea, 0x82, 0xea, 0x82, 0xea, 0x82, 0xea
.byte 0x82, 0xea, 0x7a, 0xea, 0x7a, 0xea, 0x7a, 0xea, 0x82, 0xea, 0x82, 0xea, 0x82, 0xea, 0x82, 0xea
.byte 0x83, 0x0a, 0x83, 0x0a, 0x83, 0x0a, 0x8b, 0x0b, 0x8b, 0x2b, 0x8b, 0x2b, 0x8b, 0x2b, 0x8b, 0x2b
.byte 0x8b, 0x2b, 0x8b, 0x4b, 0x8b, 0x4b, 0x93, 0x4b, 0x93, 0x4b, 0x93, 0x6c, 0x93, 0x6c, 0x93, 0x6c
.byte 0x93, 0x6c, 0x93, 0x6c, 0x9b, 0x8c, 0x9b, 0x8c, 0x9b, 0x8c, 0x9b, 0x8c, 0x9b, 0x8c, 0x9b, 0x8d
.byte 0x9b, 0xad, 0x9b, 0xad, 0x9b, 0xad, 0xa3, 0xad, 0xa3, 0xad, 0xa3, 0xad, 0xa3, 0xad, 0xa3, 0xad
.byte 0xa3, 0xcd, 0xa3, 0xcd, 0xa3, 0xcd, 0xa3, 0xcd, 0xa3, 0xcd, 0xa3, 0xcd, 0xa3, 0xcd, 0xa3, 0xcd
.byte 0xa3, 0xcd, 0xa3, 0xcd, 0x93, 0x6c, 0x93, 0x4c, 0x93, 0x4c, 0x93, 0x4c, 0x8b, 0x4c, 0x8b, 0x4b
.byte 0x8b, 0x2b, 0x8b, 0x2b, 0x8b, 0x2b, 0x8b, 0x2b, 0x8b, 0x2b, 0x8b, 0x2b, 0x8b, 0x2b, 0x8b, 0x0b
.byte 0x83, 0x0b, 0x83, 0x0b, 0x83, 0x0a, 0x82, 0xea, 0x82, 0xea, 0x82, 0xea, 0x82, 0xea, 0x82, 0xea
.byte 0x7a, 0xca, 0x7a, 0xca, 0x7a, 0xca, 0x7a, 0xca, 0x7a, 0xc9, 0x7a, 0xa9, 0x7a, 0xa9, 0x7a, 0xa9
.byte 0x7a, 0xa9, 0x7a, 0xa9, 0x72, 0xa9, 0x72, 0xa9, 0x72, 0xa9, 0x72, 0x89, 0x72, 0x89, 0x72, 0xa9
.byte 0x72, 0xa9, 0x72, 0x89, 0x72, 0x89, 0x72, 0x89, 0x72, 0x89, 0x72, 0x89, 0x72, 0x89, 0x72, 0x89
.byte 0x72, 0xa9, 0x72, 0xa9, 0x72, 0xa9, 0x7a, 0xa9, 0x7a, 0xa9, 0x7a, 0xa9, 0x7a, 0xa9, 0x7a, 0xc9
.byte 0x7a, 0xc9, 0x7a, 0xc9, 0x7a, 0xca, 0x7a, 0xca, 0x82, 0xea, 0x7a, 0xea, 0x82, 0xea, 0x82, 0xea
.byte 0x82, 0xea, 0x82, 0xea, 0x82, 0xea, 0x82, 0xea, 0x82, 0xea, 0x83, 0x0a, 0x83, 0x0a, 0x83, 0x0a
.byte 0x8b, 0x0b, 0x8b, 0x2b, 0x8b, 0x2b, 0x8b, 0x2b, 0x8b, 0x2b, 0x8b, 0x2b, 0x8b, 0x2b, 0x93, 0x4b
.byte 0x93, 0x4b, 0x93, 0x4b, 0x93, 0x6c, 0x93, 0x6c, 0x93, 0x6c, 0x93, 0x6c, 0x93, 0x6c, 0x9b, 0x8c
.byte 0x9b, 0x8c, 0x9b, 0x8c, 0x9b, 0x8c, 0x9b, 0x8c, 0x9b, 0xac, 0x9b, 0xad, 0x9b, 0xad, 0x9b, 0xad
.byte 0xa3, 0xad, 0xa3, 0xad, 0x9b, 0xad, 0xa3, 0xad, 0xa3, 0xad, 0xa3, 0xcd, 0xa3, 0xcd, 0xa3, 0xcd
.byte 0xa3, 0xcd, 0xa3, 0xcd, 0xa3, 0xcd, 0xa3, 0xcd, 0xa3, 0xcd, 0xa3, 0xcd, 0xa3, 0xcd, 0xa3, 0xcd
.byte 0x93, 0x6c, 0x93, 0x6c, 0x93, 0x6c, 0x93, 0x4c, 0x93, 0x4c, 0x93, 0x4c, 0x93, 0x4c, 0x93, 0x4c
.byte 0x8b, 0x4b, 0x8b, 0x4b, 0x8b, 0x2b, 0x8b, 0x2b, 0x8b, 0x2b, 0x8b, 0x2b, 0x8b, 0x2b, 0x8b, 0x0b
.byte 0x83, 0x0b, 0x83, 0x0a, 0x83, 0x0a, 0x82, 0xea, 0x82, 0xea, 0x82, 0xea, 0x82, 0xea, 0x82, 0xea
.byte 0x7a, 0xea, 0x7a, 0xca, 0x7a, 0xca, 0x7a, 0xc9, 0x7a, 0xc9, 0x7a, 0xc9, 0x7a, 0xc9, 0x7a, 0xa9
.byte 0x7a, 0xa9, 0x7a, 0xa9, 0x7a, 0xa9, 0x7a, 0xa9, 0x7a, 0xa9, 0x7a, 0xa9, 0x7a, 0xa9, 0x72, 0xa9
.byte 0x72, 0xa9, 0x7a, 0xa9, 0x7a, 0xa9, 0x7a, 0xa9, 0x7a, 0xa9, 0x7a, 0xa9, 0x7a, 0xa9, 0x7a, 0xa9
.byte 0x7a, 0xa9, 0x7a, 0xa9, 0x7a, 0xc9, 0x7a, 0xc9, 0x7a, 0xc9, 0x7a, 0xc9, 0x7a, 0xc9, 0x7a, 0xc9
.byte 0x7a, 0xca, 0x7a, 0xea, 0x82, 0xea, 0x82, 0xea, 0x82, 0xea, 0x82, 0xea, 0x82, 0xea, 0x82, 0xea
.byte 0x83, 0x0a, 0x83, 0x0a, 0x83, 0x0a, 0x83, 0x0a, 0x8b, 0x0a, 0x8b, 0x0b, 0x8b, 0x2b, 0x8b, 0x2b
.byte 0x8b, 0x2b, 0x8b, 0x2b, 0x8b, 0x2b, 0x8b, 0x4b, 0x93, 0x4b, 0x93, 0x4b, 0x93, 0x4b, 0x93, 0x4b
.byte 0x93, 0x6c, 0x93, 0x6c, 0x93, 0x6c, 0x93, 0x6c, 0x9b, 0x8c, 0x9b, 0x8c, 0x9b, 0x8c, 0x9b, 0x8c
.byte 0x9b, 0x8c, 0x9b, 0xac, 0x9b, 0xad, 0x9b, 0xad, 0x9b, 0xad, 0x9b, 0xad, 0xa3, 0xad, 0xa3, 0xad
.byte 0x9b, 0xad, 0xa3, 0xad, 0xa3, 0xad, 0xa3, 0xad, 0xa3, 0xcd, 0xa3, 0xcd, 0xa3, 0xcd, 0xa3, 0xcd
.byte 0xa3, 0xcd, 0xa3, 0xcd, 0xa3, 0xcd, 0xa3, 0xcd, 0xa3, 0xcd, 0x9b, 0xcd, 0x93, 0x8c, 0x93, 0x6c
.byte 0x93, 0x6c, 0x93, 0x6c, 0x93, 0x6c, 0x93, 0x6c, 0x93, 0x6c, 0x93, 0x4c, 0x93, 0x4c, 0x93, 0x4c
.byte 0x93, 0x4c, 0x8b, 0x4b, 0x8b, 0x4b, 0x8b, 0x2b, 0x8b, 0x2b, 0x8b, 0x2b, 0x8b, 0x2b, 0x8b, 0x0b
.byte 0x8b, 0x0b, 0x83, 0x0b, 0x83, 0x0a, 0x83, 0x0a, 0x82, 0xea, 0x82, 0xea, 0x82, 0xea, 0x82, 0xea
.byte 0x7a, 0xea, 0x7a, 0xea, 0x7a, 0xca, 0x7a, 0xca, 0x7a, 0xc9, 0x7a, 0xc9, 0x7a, 0xc9, 0x7a, 0xc9
.byte 0x7a, 0xc9, 0x7a, 0xc9, 0x7a, 0xc9, 0x7a, 0xa9, 0x7a, 0xa9, 0x7a, 0xa9, 0x7a, 0xa9, 0x7a, 0xc9
.byte 0x7a, 0xc9, 0x7a, 0xa9, 0x7a, 0xa9, 0x7a, 0xc9, 0x7a, 0xc9, 0x7a, 0xc9, 0x7a, 0xc9, 0x7a, 0xc9
.byte 0x7a, 0xc9, 0x7a, 0xca, 0x7a, 0xca, 0x7a, 0xca, 0x7a, 0xea, 0x7a, 0xca, 0x82, 0xea, 0x82, 0xca
.byte 0x82, 0xea, 0x82, 0xea, 0x82, 0xea, 0x82, 0xea, 0x82, 0xea, 0x83, 0x0a, 0x83, 0x0a, 0x83, 0x0a
.byte 0x83, 0x0a, 0x8b, 0x0b, 0x8b, 0x2b, 0x8b, 0x2b, 0x8b, 0x2b, 0x8b, 0x2b, 0x8b, 0x2b, 0x8b, 0x4b
.byte 0x93, 0x4b, 0x93, 0x4b, 0x93, 0x4b, 0x93, 0x4b, 0x93, 0x4b, 0x93, 0x6c, 0x93, 0x6c, 0x93, 0x6c
.byte 0x93, 0x6c, 0x9b, 0x8c, 0x9b, 0x8c, 0x9b, 0x8c, 0x9b, 0x8c, 0x9b, 0x8c, 0x9b, 0xac, 0x9b, 0xad
.byte 0x9b, 0xad, 0x9b, 0xad, 0x9b, 0xad, 0x9b, 0xad, 0xa3, 0xad, 0xa3, 0xad, 0xa3, 0xad, 0xa3, 0xad
.byte 0xa3, 0xad, 0xa3, 0xad, 0xa3, 0xad, 0xa3, 0xad, 0xa3, 0xad, 0xa3, 0xcd, 0xa3, 0xcd, 0xa3, 0xcd
.byte 0xa3, 0xad, 0x9b, 0xad, 0x9b, 0xad, 0x9b, 0xad, 0x9b, 0x8d, 0x9b, 0x8d, 0x9b, 0x8d, 0x9b, 0x8c
.byte 0x9b, 0x6c, 0x93, 0x6c, 0x93, 0x6c, 0x93, 0x6c, 0x93, 0x6c, 0x93, 0x6c, 0x93, 0x4c, 0x93, 0x4c
.byte 0x93, 0x4c, 0x8b, 0x4b, 0x8b, 0x4b, 0x8b, 0x4b, 0x8b, 0x2b, 0x8b, 0x2b, 0x8b, 0x2b, 0x8b, 0x0b
.byte 0x8b, 0x0b, 0x83, 0x0a, 0x83, 0x0a, 0x83, 0x0a, 0x82, 0xea, 0x82, 0xea, 0x82, 0xea, 0x82, 0xea
.byte 0x82, 0xea, 0x82, 0xea, 0x82, 0xea, 0x7a, 0xca, 0x7a, 0xca, 0x7a, 0xca, 0x7a, 0xca, 0x7a, 0xc9
.byte 0x7a, 0xc9, 0x7a, 0xc9, 0x7a, 0xc9, 0x7a, 0xc9, 0x7a, 0xc9, 0x7a, 0xc9, 0x7a, 0xc9, 0x7a, 0xc9
.byte 0x7a, 0xc9, 0x7a, 0xc9, 0x7a, 0xc9, 0x7a, 0xc9, 0x7a, 0xc9, 0x7a, 0xca, 0x7a, 0xca, 0x7a, 0xea
.byte 0x7a, 0xea, 0x82, 0xea, 0x82, 0xea, 0x82, 0xea, 0x82, 0xea, 0x82, 0xea, 0x82, 0xea, 0x82, 0xea
.byte 0x82, 0xea, 0x82, 0xea, 0x83, 0x0a, 0x83, 0x0a, 0x83, 0x0a, 0x8b, 0x0a, 0x8b, 0x0b, 0x8b, 0x2b
.byte 0x8b, 0x2b, 0x8b, 0x2b, 0x8b, 0x2b, 0x8b, 0x4b, 0x8b, 0x4b, 0x8b, 0x4b, 0x93, 0x4b, 0x93, 0x4b
.byte 0x93, 0x6b, 0x93, 0x6c, 0x93, 0x6c, 0x93, 0x6c, 0x93, 0x6c, 0x93, 0x6c, 0x9b, 0x8c, 0x9b, 0x8c
.byte 0x9b, 0x8c, 0x9b, 0x8c, 0x9b, 0x8c, 0x9b, 0x8c, 0x9b, 0x8c, 0x9b, 0xad, 0x9b, 0xad, 0x9b, 0xad
.byte 0x9b, 0xad, 0x9b, 0xad, 0x9b, 0xad, 0xa3, 0xad, 0xa3, 0xad, 0xa3, 0xad, 0x9b, 0xad, 0xa3, 0xad
.byte 0xa3, 0xad, 0xa3, 0xad, 0xa3, 0xad, 0xa3, 0xad, 0xa3, 0xad, 0xa3, 0xad, 0xa3, 0xcd, 0x9b, 0xad
.byte 0x9b, 0xad, 0x9b, 0xad, 0x9b, 0xad, 0x9b, 0xad, 0x9b, 0x8d, 0x9b, 0x8d, 0x9b, 0x8d, 0x9b, 0x8d
.byte 0x9b, 0x8c, 0x9b, 0x8c, 0x93, 0x6c, 0x93, 0x6c, 0x93, 0x6c, 0x93, 0x6c, 0x93, 0x4c, 0x93, 0x4c
.byte 0x93, 0x4b, 0x93, 0x4b, 0x8b, 0x4b, 0x8b, 0x2b, 0x8b, 0x2b, 0x8b, 0x2b, 0x8b, 0x2b, 0x8b, 0x0b
.byte 0x8b, 0x0b, 0x83, 0x0a, 0x83, 0x0a, 0x83, 0x0a, 0x82, 0xea, 0x82, 0xea, 0x82, 0xea, 0x82, 0xea
.byte 0x82, 0xea, 0x82, 0xea, 0x82, 0xea, 0x82, 0xea, 0x82, 0xea, 0x7a, 0xea, 0x7a, 0xca, 0x7a, 0xca
.byte 0x7a, 0xc9, 0x7a, 0xc9, 0x7a, 0xca, 0x7a, 0xca, 0x7a, 0xc9, 0x7a, 0xc9, 0x7a, 0xca, 0x7a, 0xca
.byte 0x7a, 0xca, 0x7a, 0xca, 0x7a, 0xea, 0x82, 0xea, 0x82, 0xea, 0x82, 0xea, 0x82, 0xea, 0x82, 0xea
.byte 0x82, 0xea, 0x82, 0xea, 0x82, 0xea, 0x82, 0xea, 0x82, 0xea, 0x82, 0xea, 0x83, 0x0a, 0x83, 0x0a
.byte 0x83, 0x0a, 0x8b, 0x0b, 0x8b, 0x2b, 0x8b, 0x2b, 0x8b, 0x2b, 0x8b, 0x2b, 0x8b, 0x2b, 0x8b, 0x2b
.byte 0x8b, 0x2b, 0x8b, 0x4b, 0x93, 0x4b, 0x93, 0x4b, 0x93, 0x4b, 0x93, 0x4b, 0x93, 0x6c, 0x93, 0x6c
.byte 0x93, 0x6c, 0x93, 0x6c, 0x9b, 0x6c, 0x9b, 0x8c, 0x9b, 0x8c, 0x9b, 0x8c, 0x9b, 0x8c, 0x9b, 0x8c
.byte 0x9b, 0x8c, 0x9b, 0x8c, 0x9b, 0x8c, 0x9b, 0xad, 0x9b, 0xad, 0x9b, 0xad, 0xa3, 0xad, 0xa3, 0xad
.byte 0x9b, 0xad, 0xa3, 0xad, 0x9b, 0xad, 0x9b, 0xad, 0xa3, 0xad, 0x9b, 0xad, 0x9b, 0xad, 0xa3, 0xad
.byte 0xa3, 0xad, 0xa3, 0xad, 0x9b, 0xad, 0x9b, 0xad, 0x9b, 0xad, 0x9b, 0xad, 0x9b, 0xad, 0x9b, 0xad
.byte 0x9b, 0xad, 0x9b, 0xad, 0x9b, 0xad, 0x9b, 0xad, 0x9b, 0xad, 0x9b, 0xad, 0x9b, 0xad, 0x9b, 0x8d
.byte 0x9b, 0x8c, 0x9b, 0x8c, 0x9b, 0x6c, 0x93, 0x6c, 0x93, 0x6c, 0x93, 0x6c, 0x93, 0x6c, 0x93, 0x4c
.byte 0x93, 0x4c, 0x93, 0x4c, 0x93, 0x4b, 0x8b, 0x4b, 0x8b, 0x2b, 0x8b, 0x2b, 0x8b, 0x2b, 0x8b, 0x2b
.byte 0x8b, 0x0a, 0x8b, 0x0a, 0x83, 0x0a, 0x83, 0x0a, 0x82, 0xea, 0x82, 0xea, 0x82, 0xea, 0x82, 0xea
.byte 0x82, 0xea, 0x82, 0xea, 0x82, 0xea, 0x82, 0xea, 0x82, 0xea, 0x82, 0xea, 0x82, 0xca, 0x82, 0xea
.byte 0x82, 0xea, 0x82, 0xea, 0x82, 0xea, 0x82, 0xea, 0x82, 0xca, 0x82, 0xea, 0x82, 0xea, 0x82, 0xea
.byte 0x82, 0xea, 0x82, 0xea, 0x82, 0xea, 0x82, 0xea, 0x82, 0xea, 0x82, 0xea, 0x82, 0xea, 0x82, 0xea
.byte 0x82, 0xea, 0x82, 0xea, 0x83, 0x0a, 0x83, 0x0a, 0x83, 0x0a, 0x8b, 0x0a, 0x8b, 0x0b, 0x8b, 0x2b
.byte 0x8b, 0x2b, 0x8b, 0x2b, 0x8b, 0x2b, 0x8b, 0x2b, 0x8b, 0x2b, 0x8b, 0x4b, 0x8b, 0x4b, 0x93, 0x4b
.byte 0x93, 0x4b, 0x93, 0x4b, 0x93, 0x4c, 0x93, 0x6c, 0x93, 0x6c, 0x93, 0x6c, 0x93, 0x6c, 0x93, 0x6c
.byte 0x9b, 0x8c, 0x9b, 0x8c, 0x9b, 0x8c, 0x9b, 0x8c, 0x9b, 0x8c, 0x9b, 0x8c, 0x9b, 0x8c, 0x9b, 0x8c
.byte 0x9b, 0x8c, 0x9b, 0xad, 0x9b, 0xad, 0x9b, 0xad, 0x9b, 0xad, 0x9b, 0xad, 0x9b, 0xad, 0x9b, 0xad
.byte 0x9b, 0xad, 0x9b, 0xad, 0x9b, 0xad, 0x9b, 0xad, 0x9b, 0xad, 0x9b, 0xad, 0x9b, 0xad, 0x9b, 0xad
.byte 0x9b, 0xad, 0x9b, 0xad, 0x9b, 0xad, 0x9b, 0xad, 0x9b, 0xad, 0x9b, 0xad, 0xa3, 0xce, 0xa3, 0xcd
.byte 0xa3, 0xcd, 0xa3, 0xad, 0xa3, 0xad, 0xa3, 0xad, 0xa3, 0xad, 0x9b, 0xad, 0x9b, 0xad, 0x9b, 0x8d
.byte 0x9b, 0x8c, 0x9b, 0x8c, 0x9b, 0x8c, 0x93, 0x6c, 0x93, 0x6c, 0x93, 0x6c, 0x93, 0x6c, 0x93, 0x6c
.byte 0x93, 0x4c, 0x93, 0x4c, 0x93, 0x4c, 0x8b, 0x4b, 0x8b, 0x2b, 0x8b, 0x2b, 0x8b, 0x2b, 0x8b, 0x0b
.byte 0x8b, 0x0b, 0x8b, 0x0b, 0x83, 0x0b, 0x83, 0x0a, 0x83, 0x0a, 0x83, 0x0a, 0x83, 0x0a, 0x83, 0x0a
.byte 0x83, 0x0a, 0x83, 0x0a, 0x82, 0xea, 0x82, 0xea, 0x82, 0xea, 0x82, 0xea, 0x82, 0xea, 0x82, 0xea
.byte 0x82, 0xea, 0x82, 0xea, 0x82, 0xea, 0x82, 0xea, 0x82, 0xea, 0x82, 0xea, 0x82, 0xea, 0x82, 0xea
.byte 0x82, 0xea, 0x82, 0xea, 0x83, 0x0a, 0x83, 0x0a, 0x83, 0x0a, 0x83, 0x0a, 0x83, 0x0a, 0x83, 0x0a
.byte 0x8b, 0x0b, 0x8b, 0x0b, 0x8b, 0x2b, 0x8b, 0x2b, 0x8b, 0x2b, 0x8b, 0x2b, 0x8b, 0x2b, 0x8b, 0x2b
.byte 0x8b, 0x2b, 0x8b, 0x2b, 0x8b, 0x4b, 0x93, 0x4b, 0x93, 0x4b, 0x93, 0x4b, 0x93, 0x4c, 0x93, 0x6c
.byte 0x93, 0x6c, 0x93, 0x6c, 0x93, 0x6c, 0x93, 0x6c, 0x93, 0x6c, 0x9b, 0x8c, 0x9b, 0x8c, 0x9b, 0x8c
.byte 0x9b, 0x8c, 0x9b, 0x8c, 0x9b, 0x8c, 0x9b, 0x8c, 0x9b, 0x8c, 0x9b, 0x8c, 0x9b, 0x8d, 0x9b, 0xad
.byte 0x9b, 0xad, 0x9b, 0xad, 0x9b, 0xad, 0x9b, 0xad, 0x9b, 0xad, 0x9b, 0xad, 0x9b, 0xad, 0x9b, 0xad
.byte 0x9b, 0xad, 0x9b, 0xad, 0x9b, 0xad, 0x9b, 0xad, 0x9b, 0xad, 0x9b, 0xad, 0x9b, 0xad, 0x9b, 0xad
.byte 0x9b, 0xad, 0x9b, 0xad, 0x9b, 0x8d, 0x9b, 0x8d

.global _binary_fan_original_rgb565_end
_binary_fan_original_rgb565_end: /* for objcopy compatibility */


.global fan_original_rgb565_length
fan_original_rgb565_length:
.long 24200

#if defined (__linux__)
.section .note.GNU-stack,"",@progbits
#endif
